Transaction_ID,Customer_ID,Name,Email,Phone
8691788,37249,Michelle Harrington,Ebony39@gmail.com,1414786801
2174773,69749,Kelsey Hill,Mark36@gmail.com,6852899987
6679610,30192,Scott Jensen,Shane85@gmail.com,8362160449
7232460,62101,Joseph Miller,Mary34@gmail.com,2776751724
4983775,27901,Debra Coleman,Charles30@gmail.com,9098267635
6095326,41289,Ryan Johnson,Haley12@gmail.com,3292677006
5434096,97285,Erin Lewis,Arthur76@gmail.com,1578355423
2344675,26603,Angela Fields,Tanya94@gmail.com,3668096144
4155845,80175,Diane Clark,Martin39@gmail.com,6219779557
4926148,31878,Lori Bell,Jessica33@gmail.com,6004895059
8493213,19136,Jonathan Eaton,Mark38@gmail.com,2996714102
1609659,66883,Brianna Oconnor,David47@gmail.com,9398168800
2846832,31930,Kristine Williams,Charles29@gmail.com,1822767586
3217461,74671,Felicia Brown,Laura72@gmail.com,8869644441
2401331,98300,Andrew Guzman,Eric76@gmail.com,2923044936
4969987,64995,Justin Lara,Jacob26@gmail.com,2683281702
6681000,69939,Jessica Harrison,Anne45@gmail.com,2540232555
2430572,71803,Alicia Knight,Jennifer1@gmail.com,6262218202
7728099,78376,Ronald Chen,Nicole72@gmail.com,1796133281
3489336,40654,Sara Rogers,Jeff99@gmail.com,2687947826
6925572,42165,Daniel Hutchinson,Oscar54@gmail.com,9604443902
8871554,63914,Joshua Noble,Diana25@gmail.com,5383491869
9476855,42410,Anthony Rodriguez,Paula49@gmail.com,3745118170
9338306,48869,Ashley Watson,Christine23@gmail.com,3296155904
9070447,99870,Timothy Benton,Thomas4@gmail.com,4754633123
9082305,47037,Mike Christensen,Olivia95@gmail.com,3605880512
4725198,28381,Kimberly Evans,Claire78@gmail.com,8215497648
5230876,23097,Michael Cole,Rachel75@gmail.com,6487484685
2459574,42540,Robin Jackson,James3@gmail.com,4258351481
2873384,55388,Yolanda Martin,Emily94@gmail.com,2450716315
3413296,98256,Steven Boyd,Sheryl18@gmail.com,5248581519
6408692,90935,Raymond Avila,Christopher4@gmail.com,4298839653
8973612,65701,Christopher Lopez,Derrick51@gmail.com,9286274243
5404187,23713,Brent Gonzalez,Steven94@gmail.com,4886316564
4208526,66911,Anne Dominguez,Christian61@gmail.com,9654611085
1505270,38517,Todd Jackson,Daniel66@gmail.com,6019608363
8783109,65305,Jonathan Jenkins,Christina19@gmail.com,8524180606
4579663,31767,Brittany Ross,Lindsey16@gmail.com,3325233576
5992046,30637,Mike Orozco,Kimberly48@gmail.com,8321157649
2458233,96840,Susan Thomas,Bonnie80@gmail.com,9540868010
2055036,25848,Emma Palmer,Lisa7@gmail.com,8200797318
4923734,91172,Amanda Decker,Heather92@gmail.com,8187509611
3902930,77572,Jose Spencer,Amber67@gmail.com,8282194753
9885863,46361,Priscilla Wiggins,Patricia51@gmail.com,3936281494
3239367,62464,Michele Johnson,Melissa70@gmail.com,1946509510
6047927,74096,Robert Warren,Hannah73@gmail.com,1223810454
1089259,21399,Mario Smith,Joshua69@gmail.com,2206920632
6353946,39757,Lauren Hayes,Haley88@gmail.com,5845365608
8796466,90189,Maria Tucker,Amber14@gmail.com,1967923713
2545225,86575,Derek Green,Sara74@gmail.com,8380306730
9051490,19303,Rachel Hobbs,Daniel23@gmail.com,4797743217
4580441,12911,Chelsea Cummings,Daniel55@gmail.com,9050662623
9786592,71257,Bryan Edwards,Gregory3@gmail.com,8840187601
6315151,75456,Christopher Burgess,Tonya57@gmail.com,7162191577
6857160,50574,James Church,Andrew57@gmail.com,8003867018
8523222,81200,Tony Moon,Brandon73@gmail.com,2088509822
6921233,21381,Stanley Quinn,April67@gmail.com,5514223595
9658399,71121,Heather Sloan,Taylor13@gmail.com,6417356036
3121715,64722,Richard Morales,Elizabeth40@gmail.com,3731576483
4021565,59819,Christina Snow,Wendy95@gmail.com,1467710063
4058513,57742,Lisa Tyler,John63@gmail.com,8205826469
8670923,80071,Patricia Reese,Stephanie24@gmail.com,7797823025
4427458,97683,Dr. Chad Lindsey,Kelsey82@gmail.com,6566997489
5532127,51980,Victoria Short,Jessica97@gmail.com,7387148594
6761027,11397,Tracy Baxter,Richard53@gmail.com,2810644301
9202969,35966,Jennifer Wright,Michael69@gmail.com,4332303526
5161746,95925,Jesus Cole,Margaret59@gmail.com,5224669316
4154386,56726,Scott Sampson II,Zachary50@gmail.com,2852994101
7509621,87729,Karen Short,Dominique52@gmail.com,6706684033
7734668,49952,Joseph Pearson,Brianna8@gmail.com,4766173039
9845803,79052,Richard Hodge,Melissa21@gmail.com,3805088849
9634627,90837,Charles Rogers,Anthony26@gmail.com,2188816563
9534452,20500,Matthew Hicks,Kara43@gmail.com,1568421682
6126111,63629,Mary Lawson,Kelly99@gmail.com,2830391284
9510333,71053,Suzanne Thompson,Erica91@gmail.com,5138785707
7478681,73823,Sarah Chase,Amber47@gmail.com,9335433668
5696111,28956,Christopher Adams,Jason63@gmail.com,4427078263
4419654,21444,Robert Perez,Robert89@gmail.com,8214017258
4440264,68648,Dennis Johnson,Tom90@gmail.com,3891012895
9711181,50100,Penny Harris,Sarah100@gmail.com,9213637832
7757654,65961,Erik Medina,Amanda64@gmail.com,8035994598
3381958,70067,Ashley Adams,Danielle47@gmail.com,8168167767
5961798,31581,Meredith James,Shannon57@gmail.com,3951850656
8164996,12604,Derek Patrick,Lori70@gmail.com,2817666105
6573179,55594,Tara Hawkins,Melvin34@gmail.com,7609311698
6650415,98788,Zachary Smith,Monica62@gmail.com,4599588263
3101006,59411,Daniel Thompson,Lori61@gmail.com,7504846879
3892971,67690,Mark Lee,Michael54@gmail.com,9780172180
1198092,96720,Robert Torres,Monica6@gmail.com,1113123915
7978896,28489,Julia Dodson,Kaitlin36@gmail.com,6363334046
4615607,22945,Jessica Burke,John100@gmail.com,6315925303
6983938,15757,Mr. Evan Sutton,Jasmine27@gmail.com,9419010843
6314125,15983,Jamie Thompson,Michael25@gmail.com,4073525462
1874788,74649,Courtney Perry,Tina32@gmail.com,7402421885
2982163,50952,Teresa Maxwell,Daniel79@gmail.com,4353493533
5166565,51279,Roy Obrien,John3@gmail.com,9379457412
1685588,70655,Renee Banks,Cassandra10@gmail.com,1240946835
3101821,93615,Linda Spencer DVM,Casey5@gmail.com,3599888358
6113733,86785,Todd Hernandez,Randy87@gmail.com,3446116291
9823195,14549,Danielle Bennett,James20@gmail.com,2200037745
1295338,94652,Elizabeth Fisher,Joseph95@gmail.com,3048742039
3326402,67949,Martin Giles,Jonathan55@gmail.com,3221151529
9703915,38862,Nicholas Nelson,Anthony86@gmail.com,8495017152
1194954,13566,Maria Johnson,Marilyn60@gmail.com,8747748872
8942113,72626,Daniel Morgan,Jacob10@gmail.com,9934928420
2729227,45610,Sarah Lewis,Dale68@gmail.com,2252106373
9193737,45455,Katherine Stuart,Megan75@gmail.com,9676430146
7260440,72079,Diana Thomas,Shane69@gmail.com,2142413521
6219631,26736,Danielle May,Darrell77@gmail.com,3065136145
7379891,47846,Mary Kim,Katherine73@gmail.com,3268643153
8748941,77875,Monica Peterson,Frederick4@gmail.com,5191926327
7177238,95547,Sarah Li,Roger41@gmail.com,5326175928
6752816,50126,Brianna Murray,Anthony39@gmail.com,1148388458
7018142,67530,Mathew Fitzgerald,Erik18@gmail.com,
9329957,55159,Ellen Simpson,Tiffany30@gmail.com,3133334228
6298651,50555,Steven Riddle,Thomas97@gmail.com,2470177640
5575470,21352,Denise Ellison,Brian49@gmail.com,2540594145
1238495,28128,Mark Frazier,Alexis30@gmail.com,2189796179
4105287,41336,Nathan Estrada,Jill65@gmail.com,3449233465
9255871,96814,Michelle Bright,Jose43@gmail.com,6435150270
3997195,95592,Carlos Stanley,Tonya20@gmail.com,8530902035
9366120,90603,Kristen Vazquez,Samantha66@gmail.com,5970318153
5419578,88294,Rhonda Parsons,Gary99@gmail.com,6597516336
7361679,47748,Alexis Smith,Karen91@gmail.com,9388217725
7850231,84982,Sylvia Garcia,Gabrielle13@gmail.com,8358660998
5943482,31054,Judy Green,Travis60@gmail.com,6738409426
7567107,27353,Mrs. Maria Patrick,Sarah54@gmail.com,6912552655
5245038,52641,Andrea Martin,Todd60@gmail.com,3834526059
9334981,71681,Kyle Moreno,Alex72@gmail.com,3373095522
1804470,65334,Sherri Chambers,Emily43@gmail.com,1477984670
6135513,83016,Shannon Lopez MD,Erin3@gmail.com,8322254249
1705974,40624,Trevor Walker,Tyler30@gmail.com,1360625946
5343974,66428,Jacob Arnold,Lawrence24@gmail.com,2100695530
8273419,34145,Matthew Brown,Dawn85@gmail.com,1930731619
3134820,13629,Erica Humphrey,Adrienne73@gmail.com,8678953610
3528652,26940,Zachary Abbott,Jonathan81@gmail.com,1660611739
4946535,73735,Kathleen Garcia,Randy29@gmail.com,6374505488
3632603,96811,Sarah Harris,Melissa41@gmail.com,3781672719
9484414,50056,Sheryl Smith,Dwayne48@gmail.com,6139562938
9192381,41835,Christine Green PhD,Stephen32@gmail.com,8694292782
9084403,89815,Richard Diaz,Steve5@gmail.com,3221780424
8871239,84806,George Salazar,Kelly57@gmail.com,7827977052
5050125,14196,Michael Perkins,Tabitha57@gmail.com,8979005491
2300962,11602,Elizabeth Jones,Amanda29@gmail.com,9120932188
6923123,40667,Elijah Yoder,Misty14@gmail.com,6654567820
6094546,12223,Michael Howe,Michael14@gmail.com,7829418212
2491876,92174,Whitney Adams,David85@gmail.com,7663483087
9528651,70193,Alexis Carlson,Tamara14@gmail.com,7475610720
6615549,37748,Teresa West,John68@gmail.com,1466610999
5820774,46908,Kimberly Jordan,John73@gmail.com,6105110623
4613625,72950,Gregory Bates,Gerald65@gmail.com,7785499928
7433237,78960,Kyle Odom,Daniel67@gmail.com,1133304058
6907373,97201,Daniel Myers,Ryan95@gmail.com,7298270465
1761766,37351,Rachel Robinson,Traci4@gmail.com,7880689078
4435221,73668,John Carpenter,Jose48@gmail.com,4692455252
4201893,93072,Brandy Cruz,David58@gmail.com,8167796506
6908483,44073,David James,Jennifer95@gmail.com,2337436974
8400644,33277,Michael Curtis,Christine91@gmail.com,9498766759
5648072,89211,Derrick Baker,Andrea94@gmail.com,8760164464
8093529,45413,Lauren Johnson,Lisa82@gmail.com,1816016808
1214388,75644,Nicole Fisher,Breanna80@gmail.com,5778422432
2780785,28689,Miranda York,Larry76@gmail.com,7007109808
9316466,17098,Jeff Little,Joshua45@gmail.com,4759763256
6500202,59565,Sheila Grant,Caleb46@gmail.com,5369056472
9449050,14899,Adam Decker,Matthew8@gmail.com,4132073431
7311153,95391,Brandy Dyer,Robert47@gmail.com,3957324586
6215388,66817,Richard Ortiz,Erica81@gmail.com,5502920164
8810446,93866,Zachary Diaz,Jean66@gmail.com,7690958509
4176344,11393,Jerry Chaney,Ronald76@gmail.com,1931018021
7999142,88381,Chelsea Leonard,Michele83@gmail.com,5921288191
2869376,95670,Heather Bailey,Christopher39@gmail.com,1517977881
5072217,92028,Tracy Farmer,Willie26@gmail.com,3960951206
6726352,26172,Samuel Mclaughlin,Benjamin14@gmail.com,5993222534
6885155,89528,Thomas Wilson,Michael58@gmail.com,2178869807
8744927,39728,Derek Perez,Brandon75@gmail.com,2175018981
8984831,10237,Michael Walker,Richard51@gmail.com,6545018464
5104546,25605,Jim Hansen,Lindsey42@gmail.com,2171598460
7172567,88816,Michael Ramirez,Margaret32@gmail.com,8132474319
7948369,75143,Diane Stewart,Richard77@gmail.com,9067158971
7491247,12884,Joseph Barnes,Charles57@gmail.com,8142641936
4122058,47483,Tonya Moss,Maria26@gmail.com,1130620699
6438013,33012,Sarah Reyes,Christina94@gmail.com,3874565921
6011814,74001,Craig Powell,Michael35@gmail.com,1511161741
2946521,66660,Margaret Kaufman,Terry63@gmail.com,6869060509
1823051,48512,Crystal Edwards,Kerri97@gmail.com,3246657725
5090778,88539,Anne Andrews,Kevin74@gmail.com,2455126936
7839518,22236,Vincent Lewis,John3@gmail.com,7646317127
9480668,52755,Alexandra Daniel,Crystal39@gmail.com,3118542635
5621422,88053,Laura Castillo,David67@gmail.com,8470185426
9250956,73450,Christopher Burke,Sherry94@gmail.com,7518407661
4830596,74006,Gabriel Lamb,Curtis52@gmail.com,7626451624
2981505,82037,Jennifer Stone,Cameron78@gmail.com,4807595423
9696802,64755,Natasha Carroll,Luke43@gmail.com,6111435276
9531502,97514,Amanda Moore DDS,Rebecca19@gmail.com,4947701114
1895008,77277,Nathan Nelson,Ann36@gmail.com,9690257718
9970701,79487,Elizabeth Rowe,Erica20@gmail.com,5091505745
3271164,73524,Jonathan Miller,Rachel76@gmail.com,2239329151
8039295,77202,Jamie Morales,Richard68@gmail.com,7649738751
8117738,61206,Alexandria Gonzalez,Brandon98@gmail.com,9854139702
5573833,79248,Gregory Reed,Teresa13@gmail.com,1720309455
7077961,61351,Megan Rice,Danielle48@gmail.com,9270051321
3830823,76742,Matthew Holland,Phillip42@gmail.com,8413245765
3111772,11288,Olivia Shea,Kristin80@gmail.com,7932281309
4177207,34843,John Payne,Selena96@gmail.com,5789638037
7916796,38118,Thomas Stein,Charles6@gmail.com,2290444484
9343361,74050,Ryan Brown,David23@gmail.com,4546503386
8893144,68547,Shannon Cooper,Connor76@gmail.com,8131788798
7861294,46019,Thomas Mcbride,Caitlin79@gmail.com,6726068772
4281916,24134,Mitchell Mueller,Grant90@gmail.com,4047384437
5480322,72352,Connie Hill,Cynthia77@gmail.com,9881852769
2022125,32937,Adrienne Wright,Candace61@gmail.com,5541054086
7629030,67942,Pamela Smith,Lisa87@gmail.com,5026848745
8697012,16597,Leslie Decker,Larry66@gmail.com,8576916937
4153822,58115,Julie Moore,Nicholas97@gmail.com,8963506676
3815037,58363,William Mcclain,Latoya48@gmail.com,3526865912
1377119,71025,Tim Graham,Larry12@gmail.com,8850055537
4801034,39803,Joy Allen,Christopher60@gmail.com,6347154909
9213173,27495,Devin Rodriguez,Robert17@gmail.com,9617585299
6532646,22191,Jose Diaz,Julian98@gmail.com,7905836276
5849110,43816,Lacey Gray,James69@gmail.com,8220783421
1464706,78184,Joseph Willis,Samantha75@gmail.com,4092027102
8676898,67970,Jonathan Edwards,Charles24@gmail.com,9501020895
6393080,28554,Carla Stein,Lynn54@gmail.com,3950729417
2053971,84475,Carl Jenkins,Janice60@gmail.com,2408165951
9947033,80529,Brittany Leon,Timothy19@gmail.com,2374822702
4419118,89086,Ronald Kim,Bruce5@gmail.com,6749868705
4962423,21224,Anne Larson,Megan75@gmail.com,1417808242
2885243,13256,Robert Lee,Angela80@gmail.com,2435297056
4207259,16846,Fernando Lawson,David43@gmail.com,9639372692
8579093,11135,Brenda Webster,Stephen32@gmail.com,8745554657
5773486,57550,Miss Adrienne Walker MD,Angela57@gmail.com,7170567565
2896778,19537,David Parker,Betty83@gmail.com,5793653555
3601539,93979,Sarah Hess,Tammy57@gmail.com,5973779364
3112881,40113,Jack Davies,Anthony34@gmail.com,1490517260
4645610,49175,Cynthia Fisher,Gregory76@gmail.com,9764088137
9570629,57144,Melissa Jones,Calvin99@gmail.com,6556192429
8919258,35222,Madeline Taylor,Michelle21@gmail.com,7158674453
7042837,80366,Steven Sullivan,Matthew19@gmail.com,4642530908
6665538,49922,Veronica Gregory,Todd76@gmail.com,9447882255
9858337,29333,Justin Jackson,Barbara12@gmail.com,4423586132
2781672,73664,Ann Douglas,Trevor77@gmail.com,7627538396
2171546,42831,Ian West,Russell62@gmail.com,9037858587
4237878,11577,Mrs. Kimberly Austin MD,Beverly23@gmail.com,3125448485
2115776,39581,Ryan Richmond DVM,Alan38@gmail.com,2588829938
9934274,48777,Donna Hodges,Marcus19@gmail.com,1628883121
6471367,13265,Victoria Mclaughlin,Heather3@gmail.com,3575437945
7918631,30726,Christopher Barton,Tracy63@gmail.com,2446704691
5728582,78509,Joshua Hatfield,Wendy13@gmail.com,9421494452
1983549,18932,Karina Wade,Frances39@gmail.com,7321385285
1722757,39003,Shelby Perry,Keith98@gmail.com,1176517362
5476448,15698,Debbie Sanchez,Daniel89@gmail.com,7325858389
5776200,78206,Ana Perez,Evan40@gmail.com,6840284908
9082675,56459,Tyler Lopez,Marcus6@gmail.com,3596390100
1748365,67367,Tracy Carson,Leslie21@gmail.com,1828136935
9046550,33661,Susan Lester,Tony93@gmail.com,7816833775
2060840,28588,David Colon,Stephanie56@gmail.com,8319247172
3421899,62301,Travis Jones,Meghan23@gmail.com,9315106694
2761901,79517,Brittany Myers,Stephanie6@gmail.com,5340114699
1625398,76133,Cathy Cooper,Andrew82@gmail.com,8479026556
5281561,65159,Susan Vasquez,Emily42@gmail.com,7470976577
9484842,17558,William Lee,Christine98@gmail.com,4257133898
9719734,95531,Holly Gordon,Wendy96@gmail.com,2954074868
9596556,36083,Fred Whitaker,Scott44@gmail.com,3207950518
2124439,74812,David Johnson,Richard34@gmail.com,2045304682
6146438,84556,Rebecca Alvarado,Denise49@gmail.com,3274634766
2635116,91124,Allen Calderon,Chelsea47@gmail.com,5060251518
5212805,13082,Daniel Patel,Melissa66@gmail.com,4007365608
4958322,29178,Robert Barnes,Jennifer98@gmail.com,5434425050
7961588,68375,Savannah Casey,Michael19@gmail.com,7639570540
8966152,42739,Maria Miller,Amanda19@gmail.com,9001048302
7685751,89187,Keith Wise,Amanda64@gmail.com,2729132651
1126150,36687,Jonathan Humphrey,Gregory33@gmail.com,4414875788
7267435,24363,Jennifer Crawford,Isabel14@gmail.com,8529822826
5313296,31512,Natalie Melton,Bradley55@gmail.com,7043575564
7084758,90471,Ann Walker,Stacy75@gmail.com,6966793456
6179281,96361,Taylor Wright,Patrick39@gmail.com,1616388893
2000637,78399,Linda Barnett,Amy11@gmail.com,2540762476
2766292,15015,Evan Henderson,Shelia39@gmail.com,6519757170
2053180,23951,Lisa Flores,William7@gmail.com,6758337430
7242747,73394,Vickie Myers,John66@gmail.com,9509319347
2038772,98991,Connie Murphy,Tony57@gmail.com,7624446513
7872156,74342,Alyssa Mitchell,Keith84@gmail.com,6499644897
7204003,48869,Lisa Tucker,Donald88@gmail.com,4872325714
1515461,90915,Nancy Mcintyre,David95@gmail.com,9028209398
6856042,97487,Joshua Brown,Nathan56@gmail.com,2079722173
1719847,47017,Mark Carter,Loretta15@gmail.com,6052767277
7872782,85089,Charles Willis,Elizabeth61@gmail.com,4727214730
1886587,93886,Shannon Sparks,Joseph80@gmail.com,6108099045
4205944,82024,David Rowe,Andrea26@gmail.com,6643820445
3258024,92619,Alex Medina,John85@gmail.com,6735970627
4199333,61101,Gregory Wagner,James86@gmail.com,1532608093
7029596,21798,Cynthia Mckenzie,Angel79@gmail.com,8554123482
8209743,16615,Janet Gordon,James37@gmail.com,3453584559
3565493,16049,Elizabeth Clark,Anna42@gmail.com,2699007429
5471383,52839,Jerry Burns,Roy39@gmail.com,5811855277
7430587,55940,Theresa Harvey,Mitchell35@gmail.com,1596922964
5067613,35446,Pamela Campbell,Laura29@gmail.com,6821592084
1803037,69500,Brian Ortiz,Zachary50@gmail.com,2657992773
9871668,28591,Theresa Diaz,Levi6@gmail.com,3566823896
2314603,34792,Linda Smith,Kenneth94@gmail.com,4098753656
1217487,69214,Carly Vega,Todd29@gmail.com,5063322928
2629939,75243,Susan Juarez,Kara95@gmail.com,2723925334
2492168,40619,Robin Campbell,Tonya74@gmail.com,3550893930
8574194,50357,Kathryn Martin,Jonathan37@gmail.com,7843252850
5670981,36084,Heather Johnson,Jasmin96@gmail.com,6352872686
4081468,57471,Rebecca Jones,Amber63@gmail.com,4253302009
6925817,85291,Scott Porter,William51@gmail.com,3322434863
9423609,16683,Sara Martinez,Lisa82@gmail.com,7140029266
9209702,30293,Kimberly Franklin,Nicole96@gmail.com,7750688117
8257808,99944,Teresa Brown,Kathleen47@gmail.com,2797877746
2145553,60481,Renee Manning,Kevin60@gmail.com,3838883939
7775388,91698,Terry Gaines,Amber47@gmail.com,5151413711
5292389,44721,Rebekah Marsh,Ashley29@gmail.com,9342388581
3270773,96867,Gerald Andrews,Sydney58@gmail.com,4733318648
7988107,82671,Joshua Grimes,Jessica48@gmail.com,1126040209
5020401,35547,William Thomas,Brad28@gmail.com,6290627159
6615647,50869,Christina Taylor,Sean72@gmail.com,2456044824
3767002,66893,Deanna Garrett,Yvonne25@gmail.com,2969209549
2286430,42358,Melissa Williams,Katrina76@gmail.com,4493413740
2859196,73353,Ryan Cook,Justin71@gmail.com,2751175665
4578976,13610,Roberta Ford,Deborah81@gmail.com,7398691297
4052364,29811,Wyatt Spencer,Rebecca58@gmail.com,1383656077
8243427,79548,Patricia Nguyen,Ana58@gmail.com,5287072698
3462909,15597,Kelly Smith,Ellen26@gmail.com,8774216930
7662744,27115,John Woods,Daniel43@gmail.com,2943631182
5396105,73862,Deanna Johnson,Dana69@gmail.com,1803411094
9904456,26241,Jacqueline Thompson,Trevor57@gmail.com,6333941668
3395821,62489,Sarah Jenkins,Seth91@gmail.com,3942250195
5816644,38393,Mario Sparks,Jeremy49@gmail.com,1307082373
3410438,14771,Jennifer Rogers,Joseph72@gmail.com,5390815909
5004469,89926,Javier Wright,Brian21@gmail.com,8210033594
8084246,93000,Justin Martin,Roger16@gmail.com,9130403971
7107984,99453,Catherine Poole,Ryan78@gmail.com,7642577456
1166989,60009,Diane Martinez,Jacqueline26@gmail.com,2246926095
9846574,30224,Mary Garcia,Alexander14@gmail.com,1574979080
4954042,74095,Michelle Johnston,Alexa61@gmail.com,5622213903
3073877,24469,Christopher Whitney,Joel88@gmail.com,7946361397
7355533,76027,Karen Hicks,Kimberly22@gmail.com,8482007324
1206659,68480,Jonathan Smith,Brandon80@gmail.com,5951911330
7636359,31763,Robin Ramirez,Ruth41@gmail.com,3186758457
4668300,18113,Erica Juarez,Molly20@gmail.com,4353427815
8025037,57044,Lindsey Bowman,John39@gmail.com,4742422360
6989571,25041,Allison Wright,Rebecca78@gmail.com,5092794861
3838929,30563,Pedro Estrada,Elizabeth30@gmail.com,1689710966
1787881,45693,Melinda Moore,Amber3@gmail.com,2029915852
4673562,43571,Ryan Graham,Jose28@gmail.com,6531795462
2018159,66017,Christopher Parker,Chelsea47@gmail.com,3234082534
7127278,45899,Laura Butler,Francisco97@gmail.com,2968913107
6654529,99025,Christine Turner,Joshua51@gmail.com,5737909446
7226711,18515,Jennifer Salinas,Rachel55@gmail.com,4737797508
9749364,75652,Marissa Nguyen,Jon26@gmail.com,6178669215
8709027,17165,David Williams,Christopher90@gmail.com,7422837936
6675960,60597,Chad Cruz,Maria76@gmail.com,2500497785
6171792,82260,John Arroyo,Eric89@gmail.com,4240101022
6199408,41508,William Ramos,Kenneth41@gmail.com,1915885161
4480409,74540,Stuart Hutchinson,Jack84@gmail.com,4026837554
1363299,28607,Darren Higgins,Evan72@gmail.com,6043729604
8130970,13793,Marie Robinson,Julie53@gmail.com,3280895365
1355949,21174,Brianna Williamson,Madison34@gmail.com,5550789854
7476905,33107,Brittany Munoz,John99@gmail.com,7527657895
8336265,13081,Carolyn Johnson,Drew85@gmail.com,1199313949
7029006,17458,Tracy Morrison,Jose8@gmail.com,4194422485
3752112,28830,Patricia Thompson,Matthew39@gmail.com,2200795305
4138405,77374,Crystal Vasquez,Joseph96@gmail.com,9190264861
4110889,15891,Sue Parker,Melanie63@gmail.com,3563472128
6343277,98301,David Gill,Steven86@gmail.com,2386996528
8274674,14091,Gary Murphy,Mark64@gmail.com,8248689289
4207988,17065,Darrell Smith,Mallory66@gmail.com,8245994530
4530973,87673,Cheryl York,James38@gmail.com,3134748268
6650035,17901,William Carrillo,Sheila52@gmail.com,3780408598
9302527,49047,Lori Nelson,Ronald61@gmail.com,4144861582
1175370,77311,Deanna Miller,Kristen41@gmail.com,7857007347
4832261,38047,Brittany Williams,Linda82@gmail.com,5689012053
8305001,45455,Richard Lee,Maria88@gmail.com,8849637081
3143821,64636,Kelly Molina,Alexis28@gmail.com,1258222786
8780917,82551,April Scott,Tiffany95@gmail.com,7470317117
2821321,83578,Heather Reed,Julia31@gmail.com,8322648816
1570299,83650,Alexander Padilla,Mary16@gmail.com,6604455838
8728095,40705,Joanna Thomas,Eric5@gmail.com,6370935124
9420169,89029,James Romero,Maria96@gmail.com,8017387336
6387070,93214,Donald Alvarez,Matthew78@gmail.com,3184559826
4143798,49192,Steven Miller,Ryan76@gmail.com,9531762506
9363644,89992,Leah Wilcox,Nicole91@gmail.com,7259937954
2973546,63588,Hector Hampton,Jessica14@gmail.com,1615577297
3139836,38486,Daniel Phillips,Ryan77@gmail.com,5541471973
6023169,64153,Joshua Hurley,Gene14@gmail.com,8691207583
5707272,15992,Katie Sweeney,Raymond78@gmail.com,2712262270
8342496,43083,Raymond Hobbs,Rita77@gmail.com,2141541049
1944115,36536,Jose Velez,Travis51@gmail.com,3777490833
7637365,23631,Rita Ruiz MD,Elizabeth9@gmail.com,7884475046
3830638,97323,Matthew Franco,Brian47@gmail.com,1606858272
6516806,27104,Jillian Jackson,Elizabeth67@gmail.com,5141700037
2690040,67876,Teresa Mendoza,Hailey97@gmail.com,8115625564
1209755,26917,Monica Santiago,Brenda43@gmail.com,7816789677
4554224,71298,Alicia Brown,Heather58@gmail.com,6773899562
5777205,20280,Patrick Joseph,Mary8@gmail.com,5713762973
8051821,25788,Gregory Schultz,Lucas55@gmail.com,8638006495
6965254,88395,Jeffrey Russell,Brad83@gmail.com,1979922359
5514598,38195,Laura Williams,Jacob57@gmail.com,4763563097
5224569,80072,Danielle Hopkins,Kyle97@gmail.com,6937952370
4669285,64275,Mrs. Taylor Dixon,Alexandra85@gmail.com,4173397582
6176628,74784,Donna Miller,Lisa18@gmail.com,1079511683
9169342,40091,Cory Montgomery,Amanda34@gmail.com,6594179736
1121415,96958,Brian Juarez,Pamela69@gmail.com,4059293110
2075646,63956,Don Huffman,Kara76@gmail.com,5462415153
1283620,82346,Kathleen Stephens,Juan40@gmail.com,7308279822
4501991,31998,Patrick Smith,Michelle44@gmail.com,7783694946
2207555,28302,Jennifer Larson,Sergio50@gmail.com,5055096848
5282726,22848,William Chavez,Makayla80@gmail.com,1423933021
5202314,22042,Sharon Peters,Nathan37@gmail.com,8571545152
2110835,38014,Michael Anderson,Dakota67@gmail.com,9748370708
3317106,29568,Monica Beltran,Karen4@gmail.com,9017919256
7943755,43434,Nancy Smith,Donna97@gmail.com,8943621154
4179977,39794,Ray Malone,Dennis32@gmail.com,9185893153
4242791,30209,Julie Mcdonald,Patrick69@gmail.com,1021127548
8221142,56437,Diana Barton,Caleb77@gmail.com,1284763315
9844506,56970,Christine Lewis,John32@gmail.com,1861269747
4190867,35511,Alexander Jones,Donna64@gmail.com,7396476919
8380095,80891,Lisa Newman,Christine16@gmail.com,4985600846
8902436,72108,Christopher Knight,Barry71@gmail.com,8492990952
4583042,14984,Gary Jackson,Joseph55@gmail.com,3285194917
9699039,55747,James Brown,Julia64@gmail.com,2499586823
5617367,82021,Blake Dougherty,Joshua12@gmail.com,9391241700
1566437,23547,Jeremy Spencer,Jeffrey92@gmail.com,4381849490
9766243,41485,Kevin Reyes,Melissa38@gmail.com,5417605337
2060723,97340,Carlos Moore,Joann35@gmail.com,7312418586
3015432,12790,Nicole Diaz,Brenda25@gmail.com,6019350285
8498173,84624,James Robinson,Victoria86@gmail.com,7810575182
6964312,72646,Kimberly Walker,Joseph76@gmail.com,6543193452
7726505,53375,Chad Myers,Vincent13@gmail.com,5706824688
7196203,15041,Zachary Rodriguez,Nancy16@gmail.com,5076765391
4809422,19347,John Santos,Alan10@gmail.com,8279481017
4963956,98120,Michelle Spears,Joseph53@gmail.com,3830869205
8215539,22107,Scott Burke,Brandy95@gmail.com,3488941991
1469346,84395,Kenneth Parker,Samuel30@gmail.com,6987214199
8071729,90796,Dawn Rodriguez,Joseph71@gmail.com,7800274238
9889304,72463,Curtis Martin,Richard44@gmail.com,6181749253
4138830,17705,Michelle Simmons,Peter4@gmail.com,3235195556
5590605,70727,Sara White,Tracy39@gmail.com,7925321397
6571685,72707,Miranda Gallagher,Laura43@gmail.com,6536728146
9261762,98764,Joshua Mclean,James65@gmail.com,3067566092
8556117,89722,Eric Choi,Anne44@gmail.com,5877278277
3406772,41496,Olivia Russell,Jared86@gmail.com,8161246701
7215648,85908,Kevin Mckinney,Gary50@gmail.com,8616972777
9185879,10010,Ryan Smith,Emma94@gmail.com,4658668028
3556585,55609,Andrea Hudson,Kimberly39@gmail.com,7694149566
6748475,26560,Guy Hunter DDS,Albert71@gmail.com,8611330603
2011310,75834,Cassandra Ross,Joshua37@gmail.com,4201699432
3657578,98004,Robert Porter,John5@gmail.com,3082458402
9889077,67818,Dawn Frazier,John24@gmail.com,3135974353
2691054,51655,Amy Marsh,Christopher18@gmail.com,4218384631
8900433,39665,Ruth Carter,Matthew95@gmail.com,6186249535
3356175,65112,Michael Gamble,Bryan52@gmail.com,3080550034
5879553,13459,Ricky Parker,Ian84@gmail.com,1079876312
5670261,14341,Gabriella Frazier,Robin58@gmail.com,2132706627
5604834,39167,Linda Sims,Christine76@gmail.com,5240591524
9129532,11029,John Phillips,Amanda15@gmail.com,6128206582
8991228,42624,Joshua Chang,Corey12@gmail.com,5191104452
7165666,62402,Rachael Lewis,Ronald72@gmail.com,1919999700
1147112,20692,Christine Nelson,Stephanie92@gmail.com,9151809158
8388105,55182,Timothy Rodriguez DVM,Valerie48@gmail.com,5975348710
7513061,84643,Daniel Kelley,Kevin87@gmail.com,6250344306
2670235,23180,Rick Brown,Jackson60@gmail.com,6535446889
5256338,75024,Alicia Spencer,Joseph16@gmail.com,4396252938
5325812,23314,Angela Davis,Tyler76@gmail.com,7869250213
3577079,25390,Dr. Rachel Larsen,Michael47@gmail.com,3518575416
2530387,82606,John Kelly,Cheryl57@gmail.com,8926330724
7708883,66590,Ashley Clark,Alicia1@gmail.com,8181726566
8453854,63858,Michael Tyler,Elizabeth65@gmail.com,9147638410
3882390,89973,Veronica Miles,Peter93@gmail.com,8555668959
1330153,12267,Shawna Perez,Anna95@gmail.com,5908793193
6201345,11789,Ronald Wallace,Douglas49@gmail.com,2242253020
9470637,47082,Ricky Bates,Diana40@gmail.com,2497673898
6025565,28353,Dalton Johnson,Kellie68@gmail.com,1096985217
1387434,38337,Judy Beasley,Patricia75@gmail.com,4258060242
2798736,29257,Charlene Chambers,Sandy51@gmail.com,1050251661
3338656,21397,Shelley Tran,Brian36@gmail.com,4813870334
9315490,51531,Kayla Harris,Billy36@gmail.com,6984534711
9702392,75848,Steven Weiss,Wesley98@gmail.com,5416753404
6236187,82677,Marissa Barnett,Kenneth34@gmail.com,4508549367
7243960,66020,Austin Mills,Tara90@gmail.com,7757761949
6649934,14855,Kimberly Holloway,Alan9@gmail.com,2251902067
4893754,99058,Jason Gentry,Geoffrey56@gmail.com,1017182422
9661702,11381,Jillian Perez,Steve70@gmail.com,7145416721
9627400,97549,Brady Stanley,Jordan16@gmail.com,6532213356
9736484,32669,Gloria Luna,Julie87@gmail.com,9213719126
9094852,61308,James Davis,Kayla57@gmail.com,4673806307
8171449,14663,Ryan Paul,Diana80@gmail.com,8756094692
4365027,97143,Michael Marshall,Matthew41@gmail.com,4999356777
7647671,93553,Nathaniel Kim,Brianna70@gmail.com,2838497046
1886519,36836,Cody Anderson,Andrea94@gmail.com,5211458442
3690467,62308,Jillian Harrison,Erika61@gmail.com,8009152719
6583026,41424,Elizabeth Oliver,Lucas93@gmail.com,7540400657
9517916,44149,Craig Cooper,Donald85@gmail.com,4180256114
4066984,61816,Patrick Long,Timothy53@gmail.com,8167825182
4213879,30165,Sean Woods,Jennifer86@gmail.com,2978590440
9260448,44339,Elizabeth Craig,Jason14@gmail.com,4684645193
8930244,95441,Mr. Mark Thornton,Patrick22@gmail.com,8285344215
7169620,99652,Jennifer Ferguson,Candace26@gmail.com,8363044786
2306788,87457,Michelle Murray,John72@gmail.com,1232869982
9447855,59733,Terry Frazier,Dean34@gmail.com,7451683286
3987586,40419,Yolanda Hardy DDS,Tammy2@gmail.com,9878995425
3042063,95102,Brian White,Hunter25@gmail.com,5351723107
8900516,64065,Samantha Jacobs,Miranda28@gmail.com,2421313677
6262013,54307,Stephanie Harrell,Megan84@gmail.com,5105313898
9800769,63347,Derek Brown II,Roy25@gmail.com,4255702501
8758650,70095,Rachel Holt,Heidi2@gmail.com,2436558302
2812013,38452,Jonathan Hunter,Mary85@gmail.com,7977345605
1649444,75535,Tracy Rivers,Courtney64@gmail.com,5714704067
1943427,69395,Hailey Singh,Corey47@gmail.com,7445178622
8454459,87221,Kathy Stevens,Joanna29@gmail.com,2327513241
5517902,26397,David Watson,Ashley43@gmail.com,2748267782
8119453,65754,Savannah Molina PhD,Dawn43@gmail.com,3346178091
6698681,55447,Christine Leonard,Gabrielle74@gmail.com,6232607105
7033841,30568,Laurie Mcpherson,Robert34@gmail.com,1062000634
2743278,85092,Danielle Fritz,Tamara61@gmail.com,2530129013
1488307,44613,Jessica Wood,Trevor54@gmail.com,9703497577
9574629,23098,Susan Cross,Alicia63@gmail.com,9533379677
8665832,22172,Mary Perez,Robin63@gmail.com,3595352515
4644108,72207,Phyllis Thomas,Jessica63@gmail.com,1811635667
2904260,84952,Lori Moreno,Karen72@gmail.com,5126335148
8279456,19936,Molly Murray,Mary100@gmail.com,7951778873
3063945,91219,Erik Miller,Jason29@gmail.com,4742485621
2335714,10034,Zachary Allen,David63@gmail.com,7505516536
9638566,32654,Keith Wells,Ray16@gmail.com,9207649651
2415958,57072,Larry Brooks,Ryan91@gmail.com,5090272428
9270983,35285,Christopher Morrison,Mary90@gmail.com,2260556296
3077415,26630,Jason Palmer,Michael50@gmail.com,3988950791
1713937,39903,Dylan Bradshaw,Jermaine19@gmail.com,1653304365
5218989,13113,Sara Lowe,Andrew12@gmail.com,9621874225
9223382,75002,Dr. Chelsea Hudson,Michelle9@gmail.com,5585764363
8806453,19828,Jessica Curtis,Heather85@gmail.com,1066284386
4628999,93953,James Marks,Timothy66@gmail.com,6931397206
7580727,52937,Amanda Campbell,Joshua10@gmail.com,3144545656
6899621,99926,Donald Parsons,Aaron36@gmail.com,4493392324
3460014,61016,Diana Johnson,Lydia1@gmail.com,2509595013
7943279,92763,Ashley Sutton,Sarah89@gmail.com,3469252545
7967635,58475,David Cruz,Eugene73@gmail.com,1656636757
4750133,66853,Kenneth Carter,David52@gmail.com,9159587698
7152846,48638,Jose Mendez,Sherri83@gmail.com,6450321308
9668412,66394,Tara Park,Lauren23@gmail.com,8095131526
6766708,93274,Ryan Lee,Henry50@gmail.com,3804390492
7977237,53695,Jake Maxwell,Kayla3@gmail.com,8110744931
3733088,30201,Christopher Willis,Bob82@gmail.com,3719968275
8913368,55765,Scott Walters,Kevin50@gmail.com,1736737808
6527110,99482,Linda Walker,Heather95@gmail.com,2354143670
3075335,42277,Dr. Karen Hunter,Karen10@gmail.com,6278189720
6383993,69759,Angela Simmons,Jose77@gmail.com,5402342946
5014428,99728,Jeffrey Powers,Jerry39@gmail.com,8450526648
3498811,26836,Ashley Richards,Mark66@gmail.com,5149158760
2629079,95686,Nicholas Clark,Christopher50@gmail.com,9873874758
5055932,88503,Melanie Silva,Eric18@gmail.com,7056643110
9147536,39378,William Hall,Charles3@gmail.com,6503719464
8807010,32074,Carrie Wood,John58@gmail.com,5543937193
8018653,52886,David Thompson,Ariel75@gmail.com,2068388463
2429811,11510,Nathan Miller,Sandra71@gmail.com,6599717438
6903201,43096,Shelly Herrera,Shawn80@gmail.com,7588761489
1167798,51576,Victoria Jensen,Nancy44@gmail.com,8712282604
3946844,75878,David Robbins,Glenn65@gmail.com,2856220018
4293139,27712,Justin Wilkinson,Alicia79@gmail.com,4070511392
9054192,77726,Jackie Tran,Timothy63@gmail.com,2710711358
1439632,97843,Nicholas Waters,Laura12@gmail.com,6201069924
3708024,54956,Steven Rodriguez,Mitchell73@gmail.com,2236939239
3050647,37941,Matthew Moran,Michael98@gmail.com,1815465685
9657053,19827,Jessica Young,James23@gmail.com,6387113399
8590583,79759,Eric Abbott,Emily16@gmail.com,7127692930
9503803,89959,Angela Leonard,David83@gmail.com,6724385545
4394452,98229,Jeffrey French,Monica97@gmail.com,9864834964
7726889,40214,Sharon Davis,Douglas32@gmail.com,8203327053
5102332,98627,Paige Reyes,Emma22@gmail.com,9334862555
1976835,56100,Stephanie Clark,Gary66@gmail.com,5565501334
7403391,94632,Mrs. Robin Chandler DVM,John53@gmail.com,6685419490
1124535,12331,Anna Leach,Brittany53@gmail.com,7678558683
7301193,53724,Christine Dickerson,Daniel64@gmail.com,4979151951
7334367,25317,Rodney Hurst,Mark42@gmail.com,8179480178
7443430,28320,Vanessa Hawkins,Nicholas51@gmail.com,9779145745
3145966,46266,Matthew Wallace,Shawn87@gmail.com,1375793655
3742135,34494,Craig Rhodes,Cynthia8@gmail.com,5476487343
6404276,91021,Veronica Paul,Bailey13@gmail.com,2112105673
8567993,59628,George Willis,Denise15@gmail.com,5195286558
5386228,62504,Todd Weber,Janice42@gmail.com,8586387818
7787420,13222,Aaron Wallace,Colleen32@gmail.com,9583782617
6188453,92425,Jack Castillo,Kathy72@gmail.com,9436772615
8168879,68262,Rodney Moore,Kirk65@gmail.com,9263005512
6043487,24751,Shawn Anderson,Richard53@gmail.com,6534249382
5731966,71691,Wyatt Smith,Cody90@gmail.com,9845047400
6644866,38301,Tracy Wells,Dennis20@gmail.com,5148247581
9614161,41350,Jacob Savage,Jeffrey59@gmail.com,9641018029
7656344,59260,Mariah Brown,Deborah44@gmail.com,4173748153
8266663,62358,Connie Barrett,Marie72@gmail.com,3110832397
4495870,67578,Heather Meyer,Richard74@gmail.com,3671247406
6484121,97500,Lori Green,Pamela26@gmail.com,8062996109
4224772,91020,Adrian Thomas,Erin80@gmail.com,5426294825
6335479,89664,William Ferrell,Christine96@gmail.com,9006505035
3491657,69535,Rachael Hinton,James82@gmail.com,6539325035
4195837,92303,Karen Smith,Stephen99@gmail.com,2809669949
6421574,99702,Maria Wood,Samantha45@gmail.com,1127739802
9708319,82799,Garrett Long,Amanda94@gmail.com,6139544576
6917359,26044,Andrew Spencer,Shannon3@gmail.com,5221349452
5647237,50204,Jessica Kim,Sean95@gmail.com,4295986599
1073681,95407,Stephen Medina,Tyler4@gmail.com,9102209374
7543228,38033,Joshua Meyer,Carrie23@gmail.com,6329746293
4975907,30924,Stephanie Thompson,Amanda74@gmail.com,3289146143
4018559,79032,Samuel Bennett,Kathy49@gmail.com,9314526911
7648403,18266,Jeffrey Johnson,Christian48@gmail.com,7055803787
7177446,27467,Robin Franklin,Bailey32@gmail.com,1410491585
3529972,87963,Allison Graham,Michael45@gmail.com,5717664518
6485433,43071,Lori Rivera,Jennifer66@gmail.com,5022426581
3149228,24295,Christopher Guzman MD,Hannah67@gmail.com,9270663302
4110019,27012,Adam Gould MD,Angela1@gmail.com,9009246703
5547032,97869,John Anderson,Michael56@gmail.com,7809886363
5575569,49240,Karen Griffin,Matthew27@gmail.com,6146956768
5828524,52872,David Burgess,Bobby10@gmail.com,3118194063
9554378,17322,William Henry,Vincent17@gmail.com,2133441709
1485697,48957,Bailey Blackwell,Ann54@gmail.com,5174519255
9615181,72954,Timothy Mayer,Steve42@gmail.com,1582524958
8637290,70466,James Villarreal,Michael89@gmail.com,4989225865
4295966,50338,Shannon Brown,Matthew94@gmail.com,9280883301
7447216,67267,Regina Potts,Kathleen10@gmail.com,1332072387
9624806,85084,Brett Garrett,Wendy52@gmail.com,7358793457
1292643,84621,Curtis Davis,Rebecca98@gmail.com,5059072124
4100318,25987,Lindsay Lara,Anthony13@gmail.com,5665712661
8092255,91637,Gregg Holland,Javier64@gmail.com,9721424962
6864177,59988,Brenda Smith,Vincent16@gmail.com,4436554604
8147028,67468,Larry Gordon,Bryan85@gmail.com,3533573770
1846662,72130,Sarah Peterson,Heather8@gmail.com,7657847018
1268903,59299,Elizabeth Ramos,Cindy68@gmail.com,3445981898
3494047,23510,Sean Johnson,Edward84@gmail.com,4397572292
9389243,83707,Sean Miller,Tara33@gmail.com,4474446234
8261659,82897,Luke Williams,Timothy97@gmail.com,9633183586
2706393,24726,Mrs. Kaitlyn Thomas,Gary34@gmail.com,9784271041
2347735,58060,Daniel Grant,Brittany71@gmail.com,4007409914
5148222,69466,Roy Carey,Elizabeth77@gmail.com,2266049705
8603798,18983,Melissa Oneill MD,William57@gmail.com,7670084825
9129782,53401,David Bailey,Samantha53@gmail.com,5061709515
6755642,22001,Robert Reed,Stephen50@gmail.com,8873157083
9854885,29740,David Gonzalez,Lindsey81@gmail.com,6617257285
4252815,65169,Seth Hernandez,Kristen38@gmail.com,3856054673
7712900,99745,James Harris,Alicia25@gmail.com,8606029141
8002479,65276,Mary Cherry,Jennifer81@gmail.com,5695653279
9989605,63444,James Thomas,Diana79@gmail.com,9192723983
1579501,51131,Brittany Foster,John85@gmail.com,9195759500
6590598,18113,Christopher Allen,Antonio74@gmail.com,7198140191
2737908,88046,Gloria Arnold,Barbara5@gmail.com,3974776044
5799442,47157,Vincent Smith,Jeremy90@gmail.com,1891227717
5821981,13082,Tami Bennett,Joshua56@gmail.com,6591046566
7881133,13920,Laura Bennett,Daniel34@gmail.com,4001032170
9286927,11084,Christopher Diaz,Karen82@gmail.com,2275013186
3241129,54322,Judith Owen,Stephanie90@gmail.com,4330661460
8924718,87836,Cody Shepard,Rebekah72@gmail.com,3205573858
5787436,88199,Rachael Hayes MD,Steven83@gmail.com,5243403613
2680587,38396,Jacob Pham,Julie51@gmail.com,4454361112
3245709,81210,Paula Moreno,Grace66@gmail.com,9264914040
8589976,73195,Anthony Simmons,Amanda86@gmail.com,6254352003
5620049,63753,Brandy Jones,David74@gmail.com,6331636089
3361373,54239,Elizabeth Davis,Christopher51@gmail.com,5489119301
5733373,16706,Jennifer Donaldson,Christine43@gmail.com,2041152817
1514357,52159,Patricia Cooper,Miranda66@gmail.com,5952875071
5314265,49200,Kendra Phillips,Christine34@gmail.com,7899604213
6981887,20390,Dr. Danielle Nixon DDS,Mikayla27@gmail.com,9704523769
7612143,34374,Emily Flynn,Melanie50@gmail.com,1445638824
2100341,83805,Glenn Ellison,Diana46@gmail.com,4180243220
9722852,43431,Melissa Underwood,Stephen54@gmail.com,5219298045
3359650,91863,James Ross,Margaret10@gmail.com,4609839563
5309945,32922,Bryan Bailey,Elizabeth93@gmail.com,2209801184
4186558,59024,Rachel Alvarado,Nathan67@gmail.com,9175337164
1412004,64769,Douglas Duncan,Christine99@gmail.com,7346742196
4597451,78800,Mackenzie Monroe,Katie41@gmail.com,7748476592
8395359,10590,Tina Howard,Chris32@gmail.com,7341331380
6761907,48914,Lee Mendez,Michele17@gmail.com,7441457239
6648942,84671,Ian Stanton,John67@gmail.com,7662931171
2762208,30123,John Morales,Ashley38@gmail.com,3822616817
1619843,19563,Gregory Lewis,Donna54@gmail.com,7816048279
3076014,31788,Tyler Jackson,Teresa57@gmail.com,3857687683
4116014,80380,Jimmy Williams,Robert62@gmail.com,5669493013
4493242,65703,Christopher Thompson,Debra63@gmail.com,4837808280
1422925,56605,John Taylor,Jennifer68@gmail.com,1066937762
3148189,96194,Christopher Ward,Brandy34@gmail.com,9538322866
6752278,96785,Holly Hanson,Rita45@gmail.com,8944551468
8377785,48387,Brian Welch,Paula65@gmail.com,1733058229
6116210,85806,Faith Rubio,Charles89@gmail.com,8366413109
5627968,20977,Cheryl Peterson,Julie86@gmail.com,8000698260
6187689,43931,Taylor Cummings,Andrew79@gmail.com,4769931726
7270793,30619,Brooke Adams,Andrew54@gmail.com,6000931504
5451996,41114,David Henry,Michael39@gmail.com,3804524746
7403722,67233,Christy Herring,Jamie94@gmail.com,3326816824
9145400,77869,Kimberly Hunter,Stacy63@gmail.com,8078554945
1449831,85965,Kathleen Mclaughlin,Robert90@gmail.com,2141113710
2123032,36315,Jonathan Baker,Charles53@gmail.com,8987612612
3592330,20512,Cynthia Sullivan,Ashley38@gmail.com,5192414007
1096370,59024,Adam Reid,John22@gmail.com,3184529299
4529498,29801,Robert Caldwell,Jesus13@gmail.com,5590338511
5204847,14240,Isaiah Delgado,Tracey71@gmail.com,9691870356
3241606,95722,Pamela Mccoy,Katie76@gmail.com,1342314288
7324033,17887,Paul Larson,John66@gmail.com,6100966567
3256922,93393,Lisa Powers,David49@gmail.com,6301207484
1960261,67978,Kristi Fletcher,Regina80@gmail.com,4789427375
4989094,11947,Ryan Wiley,Tina18@gmail.com,6887521458
9849889,91676,Scott Romero,Robert73@gmail.com,1937168509
2627952,53183,Tina Davidson,Justin91@gmail.com,2202874367
1380804,50123,Robert Smith,Sean47@gmail.com,8094372141
7102379,89977,Marcus Martinez,Diane26@gmail.com,5875344520
3143366,62551,Michael Johnson,Christopher86@gmail.com,8842698287
4355795,23026,Linda Clark,Louis46@gmail.com,4631185088
5203792,34837,Kevin Clark,Adam87@gmail.com,6622507451
6368566,25331,Bryce Snyder,Susan11@gmail.com,3223863145
3684346,66546,Joseph Hernandez,Robin98@gmail.com,3977151762
6058369,89876,Erik Ward,Robin2@gmail.com,6444321323
6614300,78441,Carmen Miller,John17@gmail.com,2489586123
9712682,26880,William Choi,Miguel98@gmail.com,2322322501
8379576,74684,Lori Hall,Megan52@gmail.com,3148201972
4395767,47556,Julia Lewis,Christine13@gmail.com,1726332951
5267631,86162,Daniel Johnston,Dana93@gmail.com,4515716452
7769943,99793,Lori Jackson,Scott93@gmail.com,1341606131
9218916,78787,James Torres,Michael49@gmail.com,5462341445
8986923,46476,Anthony Everett,Jeffrey77@gmail.com,6235709820
5236309,11706,Jordan Stone,Michael64@gmail.com,1498925217
9332617,45792,Thomas Meyer,Jeremy74@gmail.com,4578462073
5405507,35107,Jeffrey Pittman,Adam16@gmail.com,4164253241
8657170,20596,Debra Johnson,Gloria71@gmail.com,4220807571
1993192,92181,Richard Koch,Theresa11@gmail.com,8480548010
5578808,26713,Ricky Moyer,Joseph35@gmail.com,6369941319
3072598,60842,Evan Gonzalez,Dawn92@gmail.com,6840111670
3416586,75494,Kevin Anthony,Kristi62@gmail.com,6665321959
7714102,60617,Michael Black,Michael60@gmail.com,3944485236
5907720,42395,Miranda Taylor,Debbie71@gmail.com,7977208961
2942289,69071,Terry Vasquez,Devin78@gmail.com,2891255300
4872245,83119,John Greer,Hannah93@gmail.com,8518336412
5328552,21433,Brandon Bowman,Kathleen48@gmail.com,2265344885
3390196,13000,Joseph Davis,Misty79@gmail.com,3358566489
4100214,10662,Adam Huerta,Elizabeth38@gmail.com,4874410658
7945423,48637,Melissa Hall,Richard52@gmail.com,2830824433
8055204,50198,Christine Rodriguez,Christy30@gmail.com,6643682736
4537232,53507,Jennifer Trujillo,Kaitlyn47@gmail.com,4850163269
9994668,93099,Belinda Walker,Sabrina53@gmail.com,9189955093
5029426,70126,James Santana,Mark74@gmail.com,7098143202
3202661,34890,Zachary Schmidt,Melissa47@gmail.com,5092958296
6080545,28383,Lori Lewis,Bonnie76@gmail.com,5863029460
8910089,58240,Kevin White,Ashley80@gmail.com,4907254085
8771133,83111,Carlos Turner,Diamond84@gmail.com,1489254673
4623917,31806,Timothy Sullivan,David90@gmail.com,5650553555
6548531,96012,Lynn Thompson,Katrina20@gmail.com,7775395417
5195568,18736,Lisa Reyes,Sherri41@gmail.com,9001070521
1237822,28768,Andrea Mcpherson,Heather76@gmail.com,1969666165
5083081,87307,Sarah Howe,Anna23@gmail.com,1644365057
6751474,58469,Pamela Love,Isaiah47@gmail.com,2703484472
2342454,25687,Dana Walsh,Matthew86@gmail.com,2233660575
5928367,32901,John Sexton,Charles18@gmail.com,2313901262
3382467,40494,Alison Manning,Christopher19@gmail.com,9740313599
9734433,84885,Tina Berger,Lisa24@gmail.com,1306970098
9928727,52358,Christine Melton,Paul36@gmail.com,7345345123
2145215,20816,Lisa Rosales,Mike50@gmail.com,2492997454
7235772,72028,Chloe Davis,Sarah5@gmail.com,9083015349
3255330,45379,Nicole Graham,Pamela21@gmail.com,2487174173
9174010,63110,Sara Flynn,Leah53@gmail.com,1214935070
7888141,71974,Cindy Andrews,Thomas54@gmail.com,7691890888
4828670,29243,Jason Martin,Rachel33@gmail.com,7201566722
2993882,56302,Chelsea Scott,Allison45@gmail.com,5065883197
7462245,69154,Molly Harris,Christopher91@gmail.com,9959113221
4200742,68016,Joseph Garcia,Joshua94@gmail.com,7390941842
3765486,59535,Tonya Ware,Chad62@gmail.com,4727095670
8604630,15017,David Sullivan,Eric48@gmail.com,7724380987
5810680,68197,Chelsea Morrow,Donald82@gmail.com,5720152694
8375627,41091,Jennifer Riley,Kayla65@gmail.com,5391827024
6786354,34394,Brian Brown,Christopher67@gmail.com,8357153810
4591202,61160,Rebecca Chapman,Patricia10@gmail.com,1711521251
8475467,42578,Crystal Turner,Kristen80@gmail.com,2118865613
7277041,30517,Kenneth Liu,Lori20@gmail.com,5747765154
4630434,50038,Larry Young,Daniel65@gmail.com,4659788608
2203539,92166,Amber Johnson,Deborah75@gmail.com,7307537733
5156590,99485,James Fox,Kayla30@gmail.com,6114862406
5388456,99275,John Hill,Scott53@gmail.com,5195435416
2188621,22730,Laura Porter,Paul30@gmail.com,4192033342
4585498,19765,Sarah Stokes,Mark52@gmail.com,4177264498
7486108,89698,Justin Williams,Jared44@gmail.com,1067427358
9600088,59205,Shannon Salinas,Jason7@gmail.com,2431178707
2141438,80736,John Davis,Lindsey10@gmail.com,8133864293
3638663,70881,Richard Johnson,Robert65@gmail.com,7503398921
9050283,84670,Daniel Harris,Angela50@gmail.com,6501780161
8896604,61898,Jessica Schwartz,Jonathan64@gmail.com,2701744773
6503469,55179,Arthur Wall,Nicole30@gmail.com,3859460248
3577210,92998,Daniel Smith,Eric25@gmail.com,8121433962
1990567,25201,David Rodriguez,Roger75@gmail.com,5836889175
8334797,31904,Robert Robinson,Gary16@gmail.com,1617355223
8837316,63349,Ryan Nguyen,Scott79@gmail.com,8922503423
2551724,25668,Isaac Martinez,Jessica73@gmail.com,8595026218
4247880,54781,William Evans,Anna58@gmail.com,1410389934
3094221,78600,William Garrett,Donna92@gmail.com,1858130641
1411704,98992,Joshua Flores,Cole40@gmail.com,7356156376
1354702,27459,Michael Cantu MD,Carolyn84@gmail.com,4067600694
1962338,44530,Deanna Reyes,Kristin36@gmail.com,9339493721
3229793,73145,Cory Young,Lisa79@gmail.com,3459975618
7726295,95367,Susan Smith,Paul88@gmail.com,2161212425
9011133,19369,Heather Russo,Meredith36@gmail.com,8344708710
2070581,77183,Diane Townsend,Anne9@gmail.com,1260758326
9094652,15400,Nicole Flores,Tim53@gmail.com,9779673375
9447792,80771,Eduardo Rubio,Jason10@gmail.com,9843992803
7165468,51540,Jerome Hooper,Cristian56@gmail.com,1615865515
4626133,18049,Amy Ferrell,Brittany8@gmail.com,3885448633
1036868,77765,Jason Morgan,Ashley14@gmail.com,6289437591
2696910,62881,Taylor Rios,Kara76@gmail.com,1893505119
2525010,38305,Todd Buckley,Leonard15@gmail.com,2881887921
6293534,30791,Denise Valdez,Andrea48@gmail.com,2778722200
8759558,79673,Gina Smith,April81@gmail.com,1658625696
5773009,52288,Christopher Stanley,Michael45@gmail.com,5253125876
5482237,54153,Olivia Crawford MD,Katie7@gmail.com,5973806133
9583826,30378,Anthony Miller,Anthony37@gmail.com,2688923537
2832728,11546,Christopher Gallagher,Jasmine95@gmail.com,8236763015
2306031,45889,Joshua Garcia,Theresa35@gmail.com,5681506293
4222567,48673,Andrea Norman,Richard95@gmail.com,5756590892
4945401,96917,Natalie Young,Courtney39@gmail.com,9037870963
7532773,89166,Rebecca Roth,Kimberly22@gmail.com,4317339176
8478589,20581,Jaime Wong,Phillip91@gmail.com,7602083749
8644196,17256,Cindy Malone,Christopher65@gmail.com,9198546863
5972789,89358,Michelle Diaz,Joshua88@gmail.com,3350167170
6270544,80589,Nicole Gonzalez,Logan91@gmail.com,4162039753
7473998,10358,Larry Herring,Laura74@gmail.com,5423730372
7418558,41323,Barbara Moore,Christopher31@gmail.com,8993777012
6809255,44297,Brooke King,Mary2@gmail.com,4530870321
1216407,78582,Jason Campbell,Samantha89@gmail.com,9513042551
4860589,86690,Stephanie Wright,Julie58@gmail.com,7929037259
3295759,11419,April Foster,Christopher44@gmail.com,5504568199
2756303,58956,Daniel Smith,William46@gmail.com,6521667364
9273815,73929,Julia Flores,Kenneth19@gmail.com,4798465354
4617522,50554,Danny Russell,Crystal72@gmail.com,6388869179
9388295,83359,Terry Brown Jr.,Clinton4@gmail.com,6466293114
7105174,94075,Garrett Montgomery,Lisa99@gmail.com,8178159185
3864835,99374,Brandon Kline,Patricia39@gmail.com,6836907394
7589215,70565,Angela Smith,Alexis2@gmail.com,4247873495
5896884,36059,Christopher Cantu,Cathy47@gmail.com,5914550985
9263788,19913,Leslie Scott,Deborah60@gmail.com,6155537572
1005479,59111,Craig Wall,Alexander7@gmail.com,4593839532
7594864,47065,Robert Vaughn,Marie22@gmail.com,2598427353
8171888,57110,Jeremy Rodriguez,Heidi31@gmail.com,5953615621
8411374,77007,Maria Smith,Jessica30@gmail.com,3516232551
2513100,49830,David Knight,Julie24@gmail.com,8469161618
8566002,47185,Jesse Dominguez,Carolyn35@gmail.com,4344848720
3192328,70999,Carla Lang,Debbie42@gmail.com,8889416275
4496700,64584,Marcus Hampton,Taylor16@gmail.com,4637017208
9232808,20638,Marcus Henry,Charles41@gmail.com,4311984649
7413076,57953,Benjamin Swanson,Joshua19@gmail.com,3297571856
5179195,66755,Kenneth Kennedy,Nicole94@gmail.com,3078331271
9113822,57552,Edward Mathews,Elizabeth70@gmail.com,9344962416
1415550,45809,Phillip Grimes,Janet51@gmail.com,9388876786
6869837,44619,Shannon Gilbert,Blake57@gmail.com,9324496500
7483343,35615,Regina Lewis,Valerie98@gmail.com,7774009304
8516546,23082,Elizabeth Lowery,Mary88@gmail.com,8480062459
6023759,39325,Vernon Hull,Tina81@gmail.com,2387702499
3152442,27007,Bridget Bates,Crystal2@gmail.com,3516929780
5377369,22810,Jack Robertson,Sarah43@gmail.com,4475476650
1116982,93259,Charles Smith,Jessica16@gmail.com,9318309483
3136779,65036,Kim Wells,Edgar72@gmail.com,8099515413
1224016,97718,Danny Webb,Sally1@gmail.com,1791248112
5160303,40666,Peter Howard,Joseph8@gmail.com,8454891114
4855649,24486,Tamara Griffin,Melinda38@gmail.com,4236591981
7307778,22950,Harry Lewis,Teresa77@gmail.com,2723771011
6799447,34119,Courtney Parker,Daniel34@gmail.com,2206493155
6573478,26794,Andrea Foster,Kristina16@gmail.com,3344288132
8485708,67189,Lance Wright,Jasmine40@gmail.com,6704142263
1985321,70505,Patricia Long,Charles21@gmail.com,2579986201
1938264,41566,Robert Clay,Anna48@gmail.com,8678549545
7762651,40105,Bobby Levine,Brianna61@gmail.com,3360972487
7179091,86129,Theresa Richards,Tommy63@gmail.com,6970170436
8515350,54467,Robert Adams,Derrick90@gmail.com,8036567999
3866375,18122,Thomas Davis,Mary80@gmail.com,4746803550
3145611,56160,Sarah Thomas,Rachel30@gmail.com,1189440383
6642391,79667,Molly Coleman,Janice55@gmail.com,8673686351
1631928,38427,Monique Lopez,Crystal60@gmail.com,1357826565
9375199,56661,Joanne Morrison,Jennifer57@gmail.com,9025796572
1666900,53327,Elizabeth Mckenzie,Katherine88@gmail.com,1542702255
1131082,77994,Amy Perry,Shannon6@gmail.com,8865093991
6863526,72455,Michelle King,Denise22@gmail.com,5372151621
3555553,25374,Mary Torres,Michaela2@gmail.com,5412655690
1084388,35259,Nicole Marquez,Felicia60@gmail.com,9314447946
1002302,50882,Tracy Chen,Harold4@gmail.com,6354395676
7682549,68407,John Long,Katherine84@gmail.com,3916987695
5696774,10053,Kayla Wood,Dana18@gmail.com,8354395831
5176155,20235,Mark Jones,Jessica48@gmail.com,7955062581
4729668,27890,Vickie Butler,Brittany79@gmail.com,4746284130
6039899,56025,Sarah Olson,Jason48@gmail.com,5004288048
6438760,16099,Lori Coleman,Kimberly69@gmail.com,3729697368
4477578,38017,Mrs. Cindy Allen,Corey73@gmail.com,9464807958
9711040,64750,David Wheeler,Richard67@gmail.com,1225922052
6003585,35875,Jessica Martinez,Sarah6@gmail.com,6522785983
7949226,46709,Tracey Reed,Donna95@gmail.com,9915261887
9985270,52768,Mark Lee,John30@gmail.com,2431377039
4451218,85745,Andrea Braun,Robert1@gmail.com,1826824678
1388062,82284,Thomas Stuart,Wendy79@gmail.com,6709910086
3476050,30836,Jessica Austin,John61@gmail.com,1952090539
1619890,52125,Jennifer Hansen,Kathleen39@gmail.com,8571898898
3054351,80515,Jennifer Hayes,Michaela58@gmail.com,5539682443
2946875,22973,Dr. Justin Phillips,James28@gmail.com,2264209522
9148899,18393,Carol Burns,Christina17@gmail.com,6324011507
1885680,76575,Lauren Flores,Tara2@gmail.com,4038567450
3604027,48330,Roy Choi,Marc84@gmail.com,7317786745
5292085,87975,Mr. David Mccullough,Danielle45@gmail.com,8210799707
3941530,77556,Ronald Barry,Justin17@gmail.com,7251042145
5562578,63646,Douglas Gaines MD,Mark32@gmail.com,8344993701
6147751,67846,Brandon White,Michael56@gmail.com,6990042515
4935220,46752,Paul Hickman,James33@gmail.com,8811631268
3779945,84035,Xavier Myers,Evan86@gmail.com,5897987145
2997283,89072,Emily Butler,David47@gmail.com,3420255144
6693859,83091,Joseph Elliott,Lisa64@gmail.com,8784286411
2382798,64795,Molly Hahn,Michael59@gmail.com,9669779239
8740367,72392,Elizabeth Campbell,Peter21@gmail.com,4190807029
6331947,84707,Monique Simon,Joseph59@gmail.com,2670684412
2125031,74692,Andrea Nielsen,Timothy96@gmail.com,1779093626
5020772,70530,Kristin Sanchez,Michael72@gmail.com,8681116806
2297608,11002,Judith Parsons,Sherry25@gmail.com,3634233263
4247594,98401,Lauren Lowery,Mark75@gmail.com,1055969150
6575797,94983,Krystal Garcia,Keith79@gmail.com,2041694770
2039432,37350,Allison Cochran,Sarah67@gmail.com,3436019783
1760232,57306,Amanda Carter,Lindsay1@gmail.com,1532038573
7790986,41185,Hunter Harris,Alan6@gmail.com,3891077112
1888724,98235,Timothy Griffin,Erin33@gmail.com,4041680126
2053961,14330,Julia Pham,Nathan42@gmail.com,9823545778
2425277,94261,Ronald Jackson,Sarah98@gmail.com,9906791560
2982234,18203,Shelby Martinez,Linda39@gmail.com,7380677744
2387167,66223,Mrs. Heather Vasquez,Jennifer76@gmail.com,3831236444
9117744,82319,Leslie Salazar,Robert89@gmail.com,4912311290
4933895,99144,Michelle Green,Kelly1@gmail.com,3152352256
4190062,95341,Sandra Knight,Brian53@gmail.com,8215925477
5044371,39339,Alexis Miller,John27@gmail.com,8235157590
2523059,46990,Eric Roth,Joel9@gmail.com,2909597571
6203227,59715,Jeffrey Warren,William38@gmail.com,3309079824
5031757,33442,Gregory Johnson,Adam69@gmail.com,5111569281
9415284,51729,Miranda Sims,Craig41@gmail.com,1727176931
4595408,23605,Kelly Curtis,Justin65@gmail.com,6730987494
8843430,46429,Edward Garcia,Lisa19@gmail.com,9607941492
9637005,40003,David Smith,Harry65@gmail.com,1907259495
9201767,69714,Christopher Ramirez,Jessica87@gmail.com,3552264514
9270934,95971,Andrea Drake,Tina43@gmail.com,5093563283
9529583,71857,Rachel Mcintosh,Bailey51@gmail.com,6710146988
4030307,19992,Karina Miller,John42@gmail.com,4564328521
9275518,65399,Christopher Kane,Jessica52@gmail.com,1559900218
7763209,11047,Todd Brown,Ryan31@gmail.com,1839606810
6687946,68446,Autumn Cross,Laurie27@gmail.com,4570274459
5268623,93258,Kristen Evans,Christopher11@gmail.com,4168882286
3338223,75408,Nicole Olsen,Cheryl69@gmail.com,5976723909
2334522,99821,Frank Dougherty,Jacob99@gmail.com,3009167063
6155710,64491,Laura Morrison,Kenneth94@gmail.com,8845505170
6169699,25871,Eric Andersen DDS,William14@gmail.com,2307574489
7117440,85209,Jason Valdez,Amber42@gmail.com,3029518246
7762970,85685,Ariana Soto,Michael34@gmail.com,9970055477
2574413,66000,Mrs. Janice Williams DVM,Lori89@gmail.com,5199857860
3245873,85391,Lisa Perkins,Todd82@gmail.com,6836006881
3271518,21399,Anita Glass,Evan2@gmail.com,3686896638
7791789,61804,James Wilson,Brandon75@gmail.com,1987364873
8756051,63357,Ashley Johnson,John53@gmail.com,2907375915
7086436,25588,Joseph Baker,Robert37@gmail.com,7306019178
9008122,60424,Donald Gonzales,Michelle12@gmail.com,6288993373
5691361,51564,Dawn Brown,Chase24@gmail.com,3524203255
2879100,65704,Adrienne Ortega,Karen12@gmail.com,4800491099
4612931,63228,Patrick Nelson,Mercedes75@gmail.com,5593481257
9262087,78864,Brandon Carson,David41@gmail.com,6898372514
3952810,80242,Stacey Hubbard,Christina17@gmail.com,3637979259
2612116,77939,Julian Johnson,Andrea4@gmail.com,8343103748
1763128,32732,Douglas Roach,Jack63@gmail.com,5634792427
6726475,74688,Renee Howard,Michael17@gmail.com,1939480104
5376599,16252,Gregory Garcia,Billy6@gmail.com,6541711049
2532614,16832,Elizabeth Morrow,Angel72@gmail.com,2782950138
1141054,57254,Jennifer Wade,Rodney58@gmail.com,9887318205
6184601,74070,Sarah Schroeder,Joe75@gmail.com,5202240260
2060083,75343,Bethany Mckenzie,Paul49@gmail.com,4000115390
5492057,34041,Jordan Ellis,Matthew83@gmail.com,7337440445
7166280,59596,Tyrone Decker,Donna1@gmail.com,5193306966
1153740,13769,Susan Johnson,Kayla21@gmail.com,5468841227
6578634,81600,Douglas Brown,Sheila2@gmail.com,4014569171
8373512,25545,Dr. Anna Sawyer MD,Dawn31@gmail.com,6227726125
7285080,66247,Kenneth Rollins,Nicole96@gmail.com,1684351122
5775032,94966,Norma Taylor,Eric12@gmail.com,7843288097
3626634,35007,Jessica Garcia,Barbara53@gmail.com,4901764433
5360961,48717,Elizabeth Moore,John95@gmail.com,8631224053
1064699,53898,Jason Christian PhD,Joseph93@gmail.com,8685670832
4567689,63208,Jose Montoya,Amber85@gmail.com,2299811247
6314989,64344,Darrell Brown,John13@gmail.com,6541938812
3482568,84942,Cassandra Hernandez,Robert93@gmail.com,4887297971
2840842,22358,Sarah Cardenas,Tracy4@gmail.com,3638214110
2836237,17950,Brittany Robles,Shelly18@gmail.com,2866787490
7750085,30543,Carolyn Diaz,Sara36@gmail.com,6541812736
5016722,78624,Teresa Cook,Jose92@gmail.com,2734366895
8144550,63313,Dr. Elizabeth Mcclure,Melissa83@gmail.com,3702877537
5640721,49213,Brandon Stewart,Elizabeth38@gmail.com,3325056191
3224556,29643,Jennifer Arnold,Lonnie61@gmail.com,7691076568
2174798,77537,Mrs. Amy Acosta,Tracy45@gmail.com,8893401882
3623678,23635,Linda Martin,Dominique80@gmail.com,1176368755
9140553,34127,Matthew Barker,Nathan8@gmail.com,3817260912
9678393,83978,Emma Daniels,Maria12@gmail.com,4515969542
1852963,26809,Caleb Duran,Malik78@gmail.com,9333665715
4631895,90417,Duane Lewis,Madison55@gmail.com,5998054675
1826809,19062,Nicholas Erickson,Holly88@gmail.com,4120360256
2684060,17581,Jamie Short,Richard81@gmail.com,6963035669
6415001,60978,Carrie Ramirez,Jeffrey76@gmail.com,6778787649
4074443,37473,Kevin Stewart,Sandra86@gmail.com,4267480164
5394257,35060,Joann Perez,Heather94@gmail.com,6956100640
9704233,10818,Jacob Jenkins,Tracy64@gmail.com,3649640614
4130633,53373,Mr. Gavin Reynolds MD,Kathleen95@gmail.com,2849525755
5578236,68982,Sydney Martin,John91@gmail.com,4394221807
5214201,72096,Steven Mendez,Rachel67@gmail.com,6842184353
9489855,85264,Richard Warren,Jasmine90@gmail.com,5074850714
1707480,89287,Susan Owens,Kayla48@gmail.com,1079785578
3050867,70514,Michael Berry,Brian14@gmail.com,5055877327
2645164,36152,Anthony Petty,Cory97@gmail.com,8091799837
1985666,58298,John Lewis,Brandon31@gmail.com,2103395919
5447635,25138,Corey Reed,Elizabeth98@gmail.com,1082073181
5641754,90763,Kim Mcclure,Megan8@gmail.com,6692879810
2447325,21647,Kelly Edwards,Christopher36@gmail.com,1760432433
8355044,29143,Diamond Armstrong,Michael62@gmail.com,3420141328
9220604,54036,Steven Bush,Katherine41@gmail.com,8625129247
2369209,91304,Stephen Silva,Peter64@gmail.com,9759018249
2229813,73966,David Copeland,Michael95@gmail.com,1336865308
6692935,78751,Christopher Sosa,Adam4@gmail.com,9264233127
2523781,74871,Richard Lane,Joseph54@gmail.com,5477264261
8517296,44137,Lauren Brock,James98@gmail.com,8252021757
6523255,75360,Kelly Hunt,Amanda15@gmail.com,2138935859
8233379,13176,Maria Gibson,Bridget65@gmail.com,7508754771
1549838,75805,Christina Smith,Linda21@gmail.com,6275952358
2693411,44465,Melissa Mckee,Matthew97@gmail.com,4633285698
1723378,28012,Michele Richardson,Robert80@gmail.com,4775214064
4674339,80118,Antonio Baker,Edward95@gmail.com,8197673284
9204542,71751,Leonard Small,Brian23@gmail.com,7951749187
4333656,76123,Kelsey Mueller,Marisa100@gmail.com,6910603101
9440578,53008,Linda Kramer,Jesse71@gmail.com,7404584421
6594237,32781,Sandra Young,Sean98@gmail.com,2483383430
8620378,26258,Richard Huerta,Michele30@gmail.com,3253939448
7118676,27158,Karen Wilson,Joshua21@gmail.com,9206067868
8386945,94849,Terrence Miller,Lori30@gmail.com,2623893098
9463785,35457,Kimberly Gomez,Matthew37@gmail.com,2326227287
1901784,90984,Wayne Cline,Adam26@gmail.com,4224370350
9288285,71152,Brian Thompson,Joanne22@gmail.com,7275150921
7889259,15824,Dylan Allen,Gregory19@gmail.com,2605027275
6284807,17459,Willie Green,Valerie12@gmail.com,2454374404
7776264,74960,Colton Hickman,Brittany31@gmail.com,3249634222
9444762,79422,William Elliott,Melissa56@gmail.com,4617994855
5101291,81019,Matthew Gross MD,Dawn32@gmail.com,9756166666
6209047,42390,Blake Harrington,Kathryn7@gmail.com,2512245505
2200508,59697,Louis Norman,Stephanie50@gmail.com,5018968586
6267669,82406,Ryan Parker,Ricardo83@gmail.com,4283834112
1083786,87876,Michelle Bell,Cassandra26@gmail.com,8437573284
9168609,45787,Shannon Henry,Thomas91@gmail.com,7160259647
4225654,51880,Kelly Davis,Jeffrey65@gmail.com,5957823848
7433507,45265,Erik Nelson,James32@gmail.com,4600632080
7381161,99326,Brian Eaton,Howard94@gmail.com,1134840208
9005225,71265,Stephen Sanchez,Richard47@gmail.com,8485015245
6169155,68556,James Palmer,Adam78@gmail.com,4320670460
7308437,47701,Michael Ayala,Angela94@gmail.com,1163423165
9853377,41836,Jennifer Mccarthy,Margaret57@gmail.com,5405718069
9972082,48759,Ruben Stephens,Daniel83@gmail.com,9241871004
7289913,61969,Angela Wagner,Jason68@gmail.com,3930675565
2519149,17186,Scott Cooper,Marc18@gmail.com,4803766545
4860201,71852,Sabrina Cox,Brandon8@gmail.com,5999670799
2252193,18189,Allison Allen,Edward92@gmail.com,1515486434
3511656,96271,Lisa Ortiz,Angela3@gmail.com,7492669943
5637057,33092,Jasmine Lawson,Tonya75@gmail.com,3459747635
5937576,65878,Matthew Fisher,Audrey44@gmail.com,6963138665
2884071,80999,Jodi Gonzales,Jennifer45@gmail.com,1843603577
7783059,95041,Devon Garcia,Ronald13@gmail.com,3754084371
6124224,95048,Timothy Walker,Ashley87@gmail.com,6379973757
3138507,31089,Brandy Wilson,Keith9@gmail.com,9539250259
7213048,78021,Terri Manning,Roger94@gmail.com,2419689857
9708547,44109,Ronnie Smith,Douglas50@gmail.com,6494508086
8274247,89482,Randy Arroyo,Kimberly47@gmail.com,1838918364
2062459,83246,William Padilla,Jill50@gmail.com,3153215144
3614806,69592,Katherine Levy,Jennifer54@gmail.com,1146801655
3775897,92831,Scott Hernandez,Juan34@gmail.com,7897586575
1271692,74878,Susan Watkins,Tammie22@gmail.com,5662477730
5287844,54456,Peter Taylor,Arthur28@gmail.com,1844338123
8528875,20161,Jason Holland,Tracie32@gmail.com,1667225574
6663303,21303,Julie Mason MD,Jennifer80@gmail.com,3081223281
6551726,61318,Vernon Riley,Elizabeth71@gmail.com,6264625898
4447946,29154,Emily Hansen,Brittany72@gmail.com,7873353306
5233889,22212,Caleb Rodriguez,Susan49@gmail.com,2603830814
1780603,29443,Carrie Wright,Danielle20@gmail.com,1761733465
6709965,50487,Donald Williams,Brenda6@gmail.com,2954106247
7816885,65277,Casey Lewis,Jonathan2@gmail.com,5717063352
6001740,92321,Daniel Ford,Billy87@gmail.com,8042153298
4198095,93739,Michael Castro,Thomas27@gmail.com,5809084120
3969242,96965,Kelly Harris,Jason84@gmail.com,6041535654
2071712,84290,Stacey Smith,David49@gmail.com,5372976621
5131360,46396,Jon Woods,Stanley75@gmail.com,4334550790
5793767,55573,Brenda Bridges,Daniel66@gmail.com,1490124557
8880134,32972,Ricardo Hernandez,Tony96@gmail.com,9769327078
2899620,99758,Nancy Johnson,Kendra92@gmail.com,5548181925
2735498,36269,Lindsey Wilcox,Becky36@gmail.com,5287814863
1580533,18369,Kelly Stewart,Nichole67@gmail.com,1103078116
9028603,39883,Nicholas Williams,Shannon71@gmail.com,3980956531
3679786,63298,Angela Hubbard,Zachary67@gmail.com,3671754565
1613869,28244,Robert Perry,Michael59@gmail.com,8087288079
5795588,79759,Craig Hall,Jessica42@gmail.com,9421563410
8887091,95665,Heather Robles,Amy73@gmail.com,2383909351
6622604,56571,Scott Patterson,Amber34@gmail.com,4646235267
3632212,17088,James Phillips,Brittany21@gmail.com,2321819278
7383044,86848,Tyler Spencer,Ariel40@gmail.com,7039903451
3938264,16676,Vanessa Cruz,James79@gmail.com,8643195066
3534591,73117,Mark Barker,Kimberly7@gmail.com,5564853305
6794329,75447,Jason Rios,Emily38@gmail.com,1462824926
2163936,98251,Kathleen Fowler,Kurt96@gmail.com,7997452022
3590047,10393,Kenneth Glover,Debbie19@gmail.com,5823566396
9508078,73137,Amy Reed,Rachel21@gmail.com,8851194316
5629202,81753,James Smith,Jose59@gmail.com,1900318661
2202085,21457,Michelle Richards,Andrew14@gmail.com,3546942881
2601813,32265,Michael Mendoza,Kristen41@gmail.com,9798487515
7741766,82690,Brandi Miller,John29@gmail.com,9140986762
4868051,40253,Jessica Nash,Jason50@gmail.com,1481731906
4335402,50344,Fred Allison,Ashley19@gmail.com,3502928199
3967595,55644,Richard Peters,Cynthia23@gmail.com,3439115123
6618954,49844,Danny Arnold,Amanda48@gmail.com,4189554779
7599280,44958,Andrea Scott,Vanessa43@gmail.com,9711544645
3477380,22227,Brenda Page,Kara76@gmail.com,7387130901
8679774,83752,Daniel Martin,Thomas34@gmail.com,9695557316
6103249,97722,Misty Burke,Kristie40@gmail.com,6491241356
8030672,86690,Jean Meyer,Nicholas7@gmail.com,3400850943
3949408,45993,Daniel Williamson,Marissa51@gmail.com,4658210942
2734231,33354,Donald Smith,Natasha97@gmail.com,1953292348
2497744,70833,Anthony Olson,Joseph51@gmail.com,4089093192
7829348,11116,Calvin Obrien,Elizabeth13@gmail.com,3106564725
1510109,67589,Dr. Brian Williams,Stacy13@gmail.com,9818707396
2407752,45509,Crystal Smith,Monica36@gmail.com,1362397097
9327635,29986,David Murphy,Mark89@gmail.com,7534396401
3884315,77698,Christian Smith,Martin2@gmail.com,5581982953
3128622,46256,Douglas Hernandez,Stephanie36@gmail.com,3901787736
7089024,97641,Michael Nelson,Alison95@gmail.com,8330121441
1288329,19391,Richard Riley,Robert39@gmail.com,9606758794
2332798,35091,Danielle Knapp,Jennifer8@gmail.com,4481297062
5446229,69470,John Powers,Wendy75@gmail.com,2858518466
2602505,74824,Julie Mcintyre,Lucas7@gmail.com,1390644257
2081253,56133,Regina Martinez,Amanda97@gmail.com,5187531583
8245434,75182,Tonya Pacheco,Kristi90@gmail.com,8879005297
9060102,37366,Frank Boyle,James29@gmail.com,1381043946
2159996,56757,Robert Lynch,Antonio17@gmail.com,7638415045
1911235,59915,Angela Kirby,Jody69@gmail.com,9360296203
4104952,71782,John Martin,Kristin28@gmail.com,2280278751
2557965,79278,Regina Perry,Kelsey21@gmail.com,5410497897
7641869,94300,Angela Padilla,Donna21@gmail.com,3811592213
4148040,87712,Nicholas Christian,Sydney91@gmail.com,9029018694
9857079,55020,Kyle Hunt,Derrick6@gmail.com,9608847170
4506089,46337,Tyrone Becker,Ashley2@gmail.com,4298388591
3096790,55407,Jacob Gonzalez,Jennifer64@gmail.com,9779253822
1124019,36144,Mrs. Jacqueline Decker MD,Gregg32@gmail.com,8521897860
1248489,66944,Jordan Cameron,Debra20@gmail.com,4666400649
9143594,51805,Monica Clark,Vicki9@gmail.com,2892751939
4288855,50828,Emily Morris,Chelsey20@gmail.com,5297384871
2577527,77483,John Jackson,Deborah70@gmail.com,7364388386
8355003,51298,Randy Smith,Joseph30@gmail.com,1995626167
1135909,47916,Dr. Dawn Holland,Heather7@gmail.com,1512876546
1209104,14469,Todd Johnson,Jesse82@gmail.com,3046982160
1630931,48692,Walter Gibbs,Brianna88@gmail.com,3176488769
7022655,42825,Marissa Evans,Rachel59@gmail.com,9837615094
2669589,84485,Bruce Davis,Michael86@gmail.com,7205975379
4426879,25723,Kristopher Sanchez,Tracey39@gmail.com,7582056282
1809658,43539,Eric Carson,Steven80@gmail.com,3840167411
6043317,67178,Mark Norman,Shelby61@gmail.com,7608046911
4679196,49432,Carol Turner,Kyle57@gmail.com,6152038447
8419745,22218,Mary Duran DDS,Tiffany29@gmail.com,9530667795
4797379,68795,Dana Flores,Melissa57@gmail.com,1814536216
8122931,49498,Joseph Murray,Christina47@gmail.com,9216121386
6550684,34965,Sydney Nguyen,Debra26@gmail.com,7738494825
5393825,87855,Amy Pierce,Ashley71@gmail.com,8352584957
4823418,69496,Claire Hamilton,Ryan27@gmail.com,1988791444
3827830,99892,Samantha Mills,Tiffany31@gmail.com,3586453631
8074693,81685,Melissa Cole,Dorothy45@gmail.com,6337790926
8903313,52494,Justin Wang,Jason23@gmail.com,1055563507
2638390,83978,Julie Daugherty,Matthew26@gmail.com,2163546565
4814758,88383,Tyler Beltran,Lynn51@gmail.com,1516900722
7213117,68907,Christopher Hernandez,Robert19@gmail.com,5253149883
3029837,67575,Phyllis Taylor,Vickie46@gmail.com,6819283473
8591919,88498,Barbara Conway,Brittney94@gmail.com,8630342066
7302930,35563,Aaron Watts,Derek7@gmail.com,9065196036
2786267,67319,Donna Smith,Tina66@gmail.com,7111538340
5880626,41973,Eric Bowman,Lisa66@gmail.com,7635529196
8945080,84211,Chase Parker,Roger47@gmail.com,6403111162
8235102,35778,Caleb Kirk,Paul4@gmail.com,9430144555
7489287,45345,Joseph Miller,Sarah92@gmail.com,9219610241
9547930,87155,Leah Lambert DVM,Jason37@gmail.com,7981135475
1742353,96307,Melvin Robinson,Douglas47@gmail.com,1884528530
3642655,45020,Tanya Velazquez,Michael59@gmail.com,9333739365
6195208,79106,Jose Burton,Amanda4@gmail.com,4275798288
6837524,41009,Erica Anderson,Jason51@gmail.com,7733571000
4003150,93675,Raymond Rogers,Shane45@gmail.com,2891595057
6326691,67218,Sean Daniels,Jasmine71@gmail.com,3720923566
5259488,68378,Jason Arnold,Anna99@gmail.com,1406103596
5790205,78829,Ruben Vargas,Cassandra19@gmail.com,1485571323
2266527,69485,Stephanie Rodriguez,Brian62@gmail.com,4617667739
2834445,34204,Bradley Edwards,Michael63@gmail.com,9099174547
8480947,45860,Rachel Meyer,Stephanie58@gmail.com,5787664195
9416170,69300,Aaron Wright,Alexis60@gmail.com,2585359306
9741176,87970,Russell Garcia,James4@gmail.com,8163874949
2045821,70307,Martin Roman,Heidi93@gmail.com,1286194463
8852306,22560,Mark Johnson,Zachary8@gmail.com,3688792952
4373410,79074,Danielle Becker,Shelia43@gmail.com,5988029047
5547397,55131,Vanessa Roberts,Thomas5@gmail.com,3761404173
2152974,61657,Edward Martin,David55@gmail.com,3769368234
2392180,33552,Laura Gregory,Tyler73@gmail.com,7814764640
2602049,38608,Lindsey Walters,Sierra1@gmail.com,4883119713
7509383,75501,Ricardo Thomas,Dawn88@gmail.com,7879820286
6984346,69351,Hector Green,Patrick41@gmail.com,8415690314
9868055,33563,Elizabeth Evans,Dan70@gmail.com,1864313504
2249578,23230,Jonathan Anderson,Joseph99@gmail.com,4105761976
8290363,11828,Virginia King,Tiffany99@gmail.com,5285000913
4310930,80511,Peggy Crawford,Kathleen44@gmail.com,2925368496
9097188,81092,Adam Wallace,Alicia50@gmail.com,6329809972
1078959,24107,Annette Chambers,Eric75@gmail.com,7262498210
4924256,50533,Joshua Hudson,Virginia95@gmail.com,1936708769
9210101,56492,Rick Andrews,Warren19@gmail.com,5829347884
3911157,39134,Laurie Brock,Justin62@gmail.com,4747284498
2522262,86417,Cynthia Robinson,Beth6@gmail.com,7846100741
8724298,70241,Lisa Lloyd,William25@gmail.com,6619828642
1129639,96129,Amy Gomez,Nicole26@gmail.com,9529164729
7617683,85668,Kayla Garcia,Bobby31@gmail.com,9481679621
7790099,69985,Angel Graham,Lisa14@gmail.com,1713687293
2110094,65595,Richard Clay,Stephen77@gmail.com,1825727072
5366640,28278,Alexandra Powell,Courtney52@gmail.com,9862114418
6972650,54593,Sean Dominguez,Linda1@gmail.com,7963235872
9469285,39015,Sabrina Ochoa,Edward30@gmail.com,3560123538
4621372,52690,Dominique Barr,Randall49@gmail.com,3868892730
2284342,57157,Wesley Taylor,Melissa18@gmail.com,6866840361
8567981,16569,Holly Wright,Teresa62@gmail.com,1402106761
4981204,31874,Daniel Mills,Matthew6@gmail.com,5741978023
9323102,57682,Julie Campos,Stephen97@gmail.com,3337844540
2769268,30525,Danielle Ryan,Zachary48@gmail.com,4391169598
7192596,91573,Kathryn Douglas,Corey87@gmail.com,1301765409
5366532,71455,Angelica Ross,Angela16@gmail.com,6175099879
4048760,67159,David Bennett,Joseph9@gmail.com,5226843835
7565551,90412,Laura Stokes,Rebecca12@gmail.com,2685320372
1745682,85325,Dennis Manning,William70@gmail.com,9240146154
6996633,50553,Taylor Ward,Pamela21@gmail.com,4506036639
7426055,65932,Debra Daniels,Anthony90@gmail.com,6401847986
6161841,29200,Valerie Figueroa,Daniel9@gmail.com,5134291032
4403563,56017,Danielle Munoz,Ashley69@gmail.com,4679839923
3115864,27263,Veronica Davis,Christopher29@gmail.com,5332281302
7540457,11399,Miguel Rice,April82@gmail.com,3415187803
7648013,71694,Diane Carter,Thomas19@gmail.com,7160900957
2062282,36579,Paul Murillo,Christopher11@gmail.com,1716332101
5196876,53828,Hannah Watts,Pamela67@gmail.com,6441174111
1441926,63324,Dustin Banks,Scott55@gmail.com,5664625042
7547618,11759,Stephen Martin,Tyler6@gmail.com,2439888537
1982977,48174,Franklin Davis,Alexander73@gmail.com,1425447642
8244579,85142,Jeremy Vaughn,Isaac18@gmail.com,3194444983
7217679,92600,Amanda Reed,Cathy53@gmail.com,9463760820
4246587,24290,Gerald Baker,Elizabeth41@gmail.com,1649277632
2034124,40216,Lisa Hernandez,Christopher13@gmail.com,5341105004
4740023,46189,Peggy Lawrence,Jennifer84@gmail.com,5401368443
8128298,95751,Mr. Kevin Suarez,Christy84@gmail.com,6765959745
5938007,61562,Janice Mccormick,Andrew99@gmail.com,8389064696
7981370,55101,Deborah Johnson,Alex36@gmail.com,8477753757
1392085,55191,Dwayne Gonzalez,David61@gmail.com,2636914064
9298775,91825,Barbara Burns,Brittany91@gmail.com,3535217665
7379428,81228,Mark Jennings,Katie47@gmail.com,7110542640
6284537,78238,Julie Barrera,Duane14@gmail.com,3533016946
4275677,81301,Jaime Benitez,Leonard41@gmail.com,1212715303
7726202,38270,Brandy Alvarez,Jesse92@gmail.com,1699691307
4306802,99824,Ryan Ho,Michelle84@gmail.com,8046550627
9147393,52759,Megan Hendrix,Kelly86@gmail.com,3093412623
5691415,59701,Sara Maxwell,Monica94@gmail.com,6528766088
3351826,37430,Daniel Dixon,Daniel46@gmail.com,6461881669
6922228,23101,Andrew Robertson,Nicholas41@gmail.com,8640643006
3674812,20921,Lisa Duran,Jennifer12@gmail.com,8149053616
3235135,93004,Kathryn Smith,Mark48@gmail.com,3993348915
6475773,58078,Matthew Garza,Mary9@gmail.com,3278683065
5210979,15797,Michael Patterson,Ralph4@gmail.com,9014958999
5149485,80293,Mariah Kelley,Yvette78@gmail.com,8925672028
3323997,26912,Joseph Oneal,Kevin87@gmail.com,1208076035
6393602,57724,John Lucas,Hannah87@gmail.com,1156269805
3173175,38269,Dr. Casey Brown,Sarah24@gmail.com,5867675298
6120174,32770,Isaac Ayala,Howard6@gmail.com,6994484176
9469881,83850,Brian Cantu,Leslie11@gmail.com,2301765424
8395662,27320,Charlene Pittman,Michael28@gmail.com,8990130299
5551146,26237,Roger Mills,Sara75@gmail.com,8409186794
8902142,73069,Kenneth Ortiz,Gregory19@gmail.com,8355945468
3109940,91491,Traci Maddox,Justin25@gmail.com,2444843735
7383231,13604,Jacob Williams,Monica2@gmail.com,1720205066
2065638,68611,Heather Fuller,David52@gmail.com,3635446696
2659854,37298,Alice Brown,Elizabeth55@gmail.com,1180788418
5953384,76761,Lacey Stevens,Benjamin10@gmail.com,9817517410
4222863,88811,Joseph Thompson,Jeffrey25@gmail.com,9479708817
3308997,83706,Christopher Smith,John42@gmail.com,5008862896
4843736,35092,Justin Harris,Mary24@gmail.com,1871962072
6418335,22381,Brianna Spencer,Lisa48@gmail.com,2942953377
3270301,84148,Amanda Gray,Kyle28@gmail.com,3953800428
7231364,50619,Carl Garcia,Susan1@gmail.com,8958608396
7100594,17063,Anne Ross,David13@gmail.com,1093863337
6757463,19096,Daniel Howard,Karen80@gmail.com,3922511939
5109180,70525,Jerry White Jr.,Rachel55@gmail.com,8105610247
3095310,64991,Lucas Henderson,Rebecca30@gmail.com,6740435300
3588222,90447,Robert Hill,Jamie90@gmail.com,1273521870
7402817,41298,Danielle Griffin,Aaron64@gmail.com,3062605276
9178946,89603,Jennifer Lee,Brittany77@gmail.com,4809655721
6262385,11642,Marie Donovan,Joshua48@gmail.com,9831439660
7373241,96325,Tiffany Chen,Randy38@gmail.com,8376202989
3661341,75203,Thomas Thompson,Debra31@gmail.com,4682556143
2908505,60686,Brendan Le,Kelly12@gmail.com,6188527008
6399292,15673,Renee Floyd,Kimberly13@gmail.com,3774762442
8001579,92038,Emily King,Linda95@gmail.com,7380968744
9843489,23390,Rita Giles,Derrick18@gmail.com,3284258814
9963490,53861,Jessica Wallace,Alexis58@gmail.com,5676331614
4040368,14783,Megan Marsh,Anthony10@gmail.com,1285288830
3302650,68315,Scott Williams,John34@gmail.com,3543169234
6235867,14880,Trevor Brown,David31@gmail.com,1745376257
6292672,37041,Brenda Pierce,Christina91@gmail.com,7715390545
3725099,28281,Christian Evans,Justin22@gmail.com,3893260113
2483424,66504,Mrs. Anna Mills,Whitney23@gmail.com,5840764273
7921003,77772,Lisa Miller,Tara92@gmail.com,1325763686
9213017,99922,Mary Harris,Barbara86@gmail.com,4273666383
3263768,93171,Ashley Mason,Willie38@gmail.com,6627824683
4018548,56202,Michael Scott,James88@gmail.com,5415301668
9384261,41121,Alan Kline,Ashlee65@gmail.com,9051903387
3013740,66294,Elizabeth Lowe,Andrew44@gmail.com,8684845006
4013676,62016,Christopher Luna,Edward6@gmail.com,3700519121
3439563,40384,Sophia Smith,David92@gmail.com,1227523954
9076126,,Kara Harris DDS,Yvette79@gmail.com,7246836622
5588744,82160,Kimberly Collins,Elizabeth62@gmail.com,5906790334
5864328,46642,Phillip Jones,Jimmy65@gmail.com,1899505797
5017374,61967,Brittany Mora,Megan69@gmail.com,7519727696
2039301,81678,Emily Obrien,Tyler73@gmail.com,4659643881
7776951,36307,Judy Mullins,Wendy67@gmail.com,6465399955
9156691,68702,Michael Christian,Darlene67@gmail.com,4333252424
7508944,83007,Mark Lee,Suzanne51@gmail.com,9997213661
1925145,68516,Barbara Higgins,Justin2@gmail.com,5668046511
1928938,66131,Ryan Burch,Danielle25@gmail.com,9477792488
6246590,27929,Julia Melton,Shane30@gmail.com,1371110532
5333789,26324,Sydney Barker,Michael42@gmail.com,3111760017
3227242,15171,Edward Berry,Nicholas47@gmail.com,2406291665
5670251,62862,Karen Ramirez,Jeff93@gmail.com,7406129196
8613375,67632,Steven Sanchez,Charles70@gmail.com,5156514562
1885483,20870,Alec Smith,Kyle82@gmail.com,4593865647
9678860,59454,Samantha Davis,Travis73@gmail.com,1965077574
1937901,48054,Antonio Williams,Daniel75@gmail.com,6820000203
1283725,81469,Jennifer Woodard,Rebecca27@gmail.com,4413668715
7589684,19266,Justin Valdez,Andrew87@gmail.com,8220812906
6950961,75649,Jonathan Mckenzie,Becky88@gmail.com,6143789703
5488300,32298,Anthony Palmer,Erica40@gmail.com,9466968022
3728534,82475,Erin Thompson,Linda59@gmail.com,4438320978
6646102,57816,Elizabeth Smith,Daniel79@gmail.com,7374820334
7843575,35435,Heather Thomas,Steven6@gmail.com,3528545846
6322925,48537,Johnny Deleon,John2@gmail.com,5680427412
3024098,36440,Kathleen Callahan,James10@gmail.com,5426837583
4079396,50131,Deborah Floyd,Andre63@gmail.com,2248396771
4461752,85987,Ashley Mcpherson,Jerry43@gmail.com,6719591585
8218403,57973,Mr. Brian Russell,Christina49@gmail.com,2402244598
6121691,20347,Jason Pearson,Debra12@gmail.com,1356310816
2545767,57452,Jennifer Barron,Dennis30@gmail.com,7831197083
6310131,83362,Kimberly Weber,Kimberly57@gmail.com,7470970255
2088435,79321,Emily Murphy,Kathleen64@gmail.com,4781502949
8090310,37410,Daniel Robles,Amber33@gmail.com,8488353094
2865214,91240,Jason Soto,James97@gmail.com,3967293452
4244635,37781,Savannah Jones,Katherine9@gmail.com,4678553458
9337260,59517,Natalie Galvan,Nicole83@gmail.com,7884953268
9395766,81807,Erica Parks,Eric24@gmail.com,4335999160
3213882,67090,Kristi Murphy,Bruce94@gmail.com,2448971303
9165068,28464,Michael Cox,Christopher2@gmail.com,4877023959
9815038,14769,Alicia Briggs,Gary26@gmail.com,2510817581
6355662,62235,Connor Carter,Robyn73@gmail.com,4380451210
7066593,85755,Diane Curry,Debbie41@gmail.com,3688664652
6703387,39191,Isaac Pratt,Beth54@gmail.com,9675487883
7236170,27693,Audrey Guzman,Michelle31@gmail.com,9960768598
7482982,67770,Johnny Morrow,Tony54@gmail.com,4149150829
5148348,57083,Nancy Jensen,William32@gmail.com,3192511080
6461203,95957,Maria Merritt,Sheila11@gmail.com,1328332519
9955920,98308,Kelly Larson,Sherry84@gmail.com,2740510263
1333795,24761,Dr. Andrew Sparks DVM,Carrie87@gmail.com,2898950301
6505917,96621,Mark Perez,Makayla36@gmail.com,9673859352
7492220,32944,Jessica Freeman,Robert23@gmail.com,8755755056
7055292,66507,Eduardo Fisher,Jeffrey24@gmail.com,2304940401
7563238,17870,Adam Warren,Jeffery75@gmail.com,2529506461
2905787,60835,Anthony Martinez,Jessica91@gmail.com,5258711464
7287475,76667,Deborah Cunningham,Nicholas9@gmail.com,7763755386
8120004,97352,Cindy Bryant,Joann57@gmail.com,5745894505
3985127,78100,Kenneth Boyd,Marissa79@gmail.com,5521455776
4915138,51763,Anthony Petersen,Crystal10@gmail.com,2220611822
5201312,46526,Kathryn Charles,David21@gmail.com,6557696704
6837090,12376,Carolyn Willis,Douglas40@gmail.com,2906170476
2035280,37571,Jessica Reed,Christian59@gmail.com,9886323007
4717589,29555,Renee Dickson,Patricia14@gmail.com,5919930992
7509592,99105,Erica Lopez,Nicole94@gmail.com,8227860010
2387730,13127,Erica Matthews,Sean12@gmail.com,9947108706
8536914,17093,Marc Steele,Jason73@gmail.com,8255048855
1264203,67811,William Avila,Claudia17@gmail.com,2380468617
4829104,78251,Christopher Flores,Aaron29@gmail.com,6074465050
4918338,74056,Dustin Davis,Andrea32@gmail.com,3709287736
6104655,24571,Sarah Morrow,Erica57@gmail.com,8538807649
4865229,83255,William Morris,Brenda7@gmail.com,3991779359
8699447,84306,Samantha Harris,Kristin10@gmail.com,7347024498
7164444,22284,Lauren Walker,George37@gmail.com,4906256933
3235861,83021,Sara Landry,Teresa31@gmail.com,4671672731
6253972,18305,Scott Romero,Joseph17@gmail.com,5902127769
1636104,95487,Lisa Jackson,David25@gmail.com,8537258623
1799712,27667,Johnny Valenzuela,Angela77@gmail.com,1902933409
7973974,39945,John Ramirez,Michelle40@gmail.com,7147115072
7421298,40925,Michelle Wilkinson,David79@gmail.com,7021675628
5890775,66562,Kelly Carter,Courtney75@gmail.com,8149840404
5125573,67199,Eric Mann,Kathleen86@gmail.com,3689687156
6758163,97889,Joseph Miranda,Antonio38@gmail.com,1907144636
7078124,14479,Ashley Shaffer,Isabel15@gmail.com,5026261556
3978264,21038,Eugene Odom,Kiara59@gmail.com,4199313913
5231699,45217,Jacqueline Nguyen,John31@gmail.com,8936881551
2873261,17870,Edward Cooper,Karen59@gmail.com,5318260659
8489454,64056,Kevin Hutchinson,Douglas57@gmail.com,5725046955
4958851,40665,Joyce Matthews,Michael25@gmail.com,7397499272
1081891,47723,Jennifer Ray,Richard34@gmail.com,1367150390
4519510,65840,Robert Bradley,Aaron72@gmail.com,5329844064
8824656,46850,Nathan Nguyen,Tyler37@gmail.com,3579667263
6274948,41029,Jenna Booker,Michael97@gmail.com,9516485585
4321334,97537,Catherine Morrison,Kristy20@gmail.com,2210394837
1462492,85413,Dennis Reid,Colin42@gmail.com,9953801902
8235011,76343,Joseph Smith,Paul21@gmail.com,6504310818
5286623,40308,Sherri Taylor,Gabriel27@gmail.com,3870316937
5217884,18302,Jennifer Jenkins,Patricia36@gmail.com,2470100545
2876612,41955,David Rivera,Melissa59@gmail.com,8427633505
6735133,74507,Isaac Hall,Bethany82@gmail.com,8033586980
6317826,59415,Gregory Lowe,Michael80@gmail.com,2614027232
4295228,57856,Robert Stevens,Kenneth96@gmail.com,8619834357
4590179,73383,William Singh,Tony77@gmail.com,7867166720
9056953,19114,Emily Pineda,Robert47@gmail.com,1560914878
7237097,28565,Erica Klein,Elizabeth54@gmail.com,8216174371
1794745,77890,Rachael Meyers,Jeffrey84@gmail.com,1720458070
9384814,60017,Sarah Lee,Laurie36@gmail.com,3057021138
3254116,50471,Cory Olson,Melissa10@gmail.com,3139899384
5348103,79970,Carla Mahoney,Sarah53@gmail.com,6920244469
1941693,13046,Kevin Holt,Kimberly2@gmail.com,8771948069
4128954,13084,Thomas Pena,Frank94@gmail.com,6538856974
7763457,16833,Scott Black,George26@gmail.com,5922349055
2844788,96104,Jessica Clark,Andrew100@gmail.com,7771928109
9108295,39368,Donald Holmes,Ashley3@gmail.com,5661595555
2090771,87374,Philip Fleming,Carla61@gmail.com,9924807650
6588555,44608,Thomas Sutton,Ronald60@gmail.com,2482904182
7467547,39012,Barbara Williams,Derek62@gmail.com,3489427308
5208658,87508,Kelly Williams,Rodney100@gmail.com,5256072562
4858906,31811,Jonathan Floyd,Kayla49@gmail.com,4489187167
1113980,85037,Sarah Li,Randy36@gmail.com,7134626707
1571564,72044,Robert Brown MD,Cheryl11@gmail.com,4213129765
8685672,53825,Colleen Ingram,Sherri30@gmail.com,2434231794
4601506,64198,Robert Sanchez,Elizabeth26@gmail.com,9506630771
3811375,21201,Jose Stokes,Andrew30@gmail.com,3803924965
9379191,97115,Douglas Perez,Julie87@gmail.com,7962191315
9839593,44057,Edward Barnes,Allison33@gmail.com,8907123725
1454556,32856,Joseph Hodges,Bryan70@gmail.com,4643358582
9960942,34777,Jeremy Nelson,Madison2@gmail.com,1346049526
4252431,90706,Scott Griffith MD,Cynthia81@gmail.com,2789777907
4193978,84209,Donna Wilson,Steven11@gmail.com,8474599816
7693234,75177,Brian Combs,Joseph62@gmail.com,8513404298
8054004,28678,Kylie Long,William25@gmail.com,9353477157
7436096,68495,Malik Gray,Shannon60@gmail.com,4018294107
2579223,73561,Daniel Mckee,Michael54@gmail.com,2327977616
6881780,44685,Nancy Murphy,James40@gmail.com,3824215486
3020352,45510,Amy Baxter,Scott71@gmail.com,9792784202
4309216,77880,Peggy Mooney,Ann97@gmail.com,3184434468
7855140,39884,Angela Valdez,Tiffany38@gmail.com,8697792110
4945308,69319,Michelle Walters,Corey97@gmail.com,1396493925
7107990,46504,Nancy Thomas,Jocelyn13@gmail.com,1820649156
7047029,50409,Brad Mendoza,Jason41@gmail.com,9992496996
6329791,81423,Michele Romero,Roger83@gmail.com,7130524410
1565442,44856,Thomas Williams,Dakota43@gmail.com,1361084540
6165388,71280,Samantha Hicks,Adam71@gmail.com,4287259395
7164868,22781,Jon Adkins,,3306375178
1654272,44754,Andrea Barnes,Alyssa14@gmail.com,5929196178
7635804,30444,Melanie Chavez,Jessica20@gmail.com,6163867798
9047795,99487,Carrie Bennett,Christina17@gmail.com,4233205606
8524079,38748,Joshua Brown,Alan87@gmail.com,5134806297
6101919,94365,Mrs. Latoya Williamson,Sherry39@gmail.com,1525958511
6802162,66588,Nathan Rhodes,Christine32@gmail.com,7510980425
4349111,94097,Edward Lee,Ernest71@gmail.com,3549910550
5969969,72250,Brenda Garcia,Amy1@gmail.com,8298777948
5597694,84892,Danielle Thompson,Robert10@gmail.com,9176111180
3324949,67537,Jon Ruiz,Christopher57@gmail.com,6502980675
2241149,35587,Valerie Vaughn,Jennifer78@gmail.com,6391617545
8974356,49140,Paul Palmer,Janet21@gmail.com,1232823434
5653246,42996,Tina Wood,Clinton80@gmail.com,2644145422
4819278,29807,Sabrina Martin,Jennifer84@gmail.com,1281005435
8344368,72940,Samantha Wilkerson,Hannah70@gmail.com,8947135956
8896474,27853,Theresa Ferguson,Jessica12@gmail.com,5680010730
3286987,84760,Joseph Herring,Christopher55@gmail.com,8830744611
2614724,73234,Adam Schneider,Danielle34@gmail.com,7560403660
8321412,94814,Jennifer West,Kimberly32@gmail.com,5951236294
5083724,75322,Jacqueline Boyd,Melinda66@gmail.com,3680172148
4517442,83623,Miguel Wagner,Nathan24@gmail.com,2119434254
8060848,78200,Aaron Webster,Amber24@gmail.com,6876421005
4901564,34762,Stephanie Jones,Tiffany69@gmail.com,2529059395
3694476,99190,Anthony Nguyen,Lisa75@gmail.com,1569797825
4936631,23030,Joseph Campbell,Jonathan28@gmail.com,6353251046
4682571,88750,Kenneth Bray,Joshua89@gmail.com,3860879197
6114908,76463,Taylor Thompson,Christine61@gmail.com,7136595620
8957772,92991,Michael Lopez,Jeremy4@gmail.com,6169714550
2696623,49081,Dennis Velasquez,Andre25@gmail.com,2537959640
6028320,46682,Ronnie Jordan,Jeremiah97@gmail.com,2377932741
8144938,87093,Antonio Russell,Emily50@gmail.com,1108362061
4235473,97682,Colleen Ward,Derek7@gmail.com,6202843494
4780285,17384,William Harvey,Caleb58@gmail.com,1254448708
6525840,29936,Brian Gonzalez,Jacqueline53@gmail.com,3751744095
6851764,79582,Beth Armstrong,John26@gmail.com,4240323307
2263700,52658,Marissa Villa,Glenda12@gmail.com,5614213782
1437911,78128,Erin Short,Raven91@gmail.com,2853802613
1789585,51732,Jennifer Trevino,Derek7@gmail.com,3188006884
6692388,35300,Carol Harmon,Shirley45@gmail.com,5800448618
6863888,60536,Tristan Benson,Darryl63@gmail.com,8131787321
4281859,45351,Mary Martin,Adam92@gmail.com,2187003603
8986965,55576,Robert Jackson,Jeffery34@gmail.com,5230158748
3990067,79651,Johnny Scott,Jimmy91@gmail.com,1264043438
5969211,43372,Steven Berg,Michael51@gmail.com,7883379901
5098617,58617,Stephanie Bryan,Heidi25@gmail.com,1117286457
6275157,41654,Benjamin Taylor,Diana33@gmail.com,5341715983
9004754,56058,Michael Simmons,William11@gmail.com,8045017718
7438381,67374,Ryan Williams,Perry47@gmail.com,7424365743
3241742,19165,Michelle Edwards,William8@gmail.com,4451899962
3829164,55528,David Roberts,Madison3@gmail.com,8047632764
5596356,87670,James Griffin,Andrew55@gmail.com,4497202922
5632489,65867,Jonathan Caldwell,Lisa6@gmail.com,6286276877
5933086,67808,Eric Wheeler,David20@gmail.com,5837066912
3614528,27374,Tracy Martin,Deborah13@gmail.com,6422552967
2163765,62224,Corey Walker,James72@gmail.com,9606448827
7968930,96811,Kimberly Bartlett,Susan11@gmail.com,5596167588
8449170,44984,Ashley Smith,Marissa3@gmail.com,8080130487
6314276,83982,Courtney Medina,Kimberly46@gmail.com,1631364760
3466238,83386,Christopher Miller,Sheryl87@gmail.com,7806331206
1433627,52034,Rebecca Peterson,Steven68@gmail.com,4203894830
8266110,53763,Michelle Hodges,Kelly53@gmail.com,7503337103
7202963,59014,Eric Scott,Regina50@gmail.com,1507467967
4524289,87048,Sara Griffin,Willie90@gmail.com,5410590177
3854655,67137,Brandon Bird,Clayton75@gmail.com,4790616032
6913870,37929,Jeremy Carter,Paul31@gmail.com,9006685425
8190439,81101,Curtis Barker,Stephanie69@gmail.com,3394944089
3676739,84584,Cynthia Cole,Jason86@gmail.com,4989618702
6052681,85940,Cynthia Wright,Jessica28@gmail.com,5101408032
8387780,82879,Evan Rodriguez,Robert72@gmail.com,4963569685
4733542,19426,Andrew Boyd,James50@gmail.com,4330060412
8008883,13586,James Lee,Brandy31@gmail.com,9097006822
1169044,72827,Regina Charles,Elizabeth69@gmail.com,6493147601
3193324,84612,Austin Clark,Michael60@gmail.com,6518906710
5785393,41857,Jeanette Bishop,Maria56@gmail.com,1159954578
8940081,84452,Peter Owens,Jacob82@gmail.com,3122930194
5086416,40553,Sandra Murphy,Angela75@gmail.com,3131779502
5284319,22570,Mr. Michael Hudson,Jacob3@gmail.com,9949291653
1252604,53339,Trevor Sanchez,Pamela83@gmail.com,7158357508
2329701,48255,Gloria Davis,Andre78@gmail.com,6274168095
7629931,41003,Johnathan Ramirez,Natalie21@gmail.com,9951426037
6073693,76979,Perry Mitchell,David6@gmail.com,7690952058
6287499,62350,Daniel Wright,Kelly7@gmail.com,2206591489
1702528,28111,Kelly Cobb,Michael99@gmail.com,1976432746
8575282,97482,Mr. Isaac Baker,Erin38@gmail.com,1808314241
1412951,75634,Jenny Hicks,Jamie80@gmail.com,4505825167
5479008,29048,Lisa Valdez,Jacob63@gmail.com,6340637135
6118072,81717,Justin Gardner,Catherine19@gmail.com,3800610039
9669549,40546,Jessica Allen,Michelle34@gmail.com,5288135801
5389975,90557,Steven Butler,Shane57@gmail.com,8887248748
4681890,85089,Jessica Beck,Natalie2@gmail.com,5144920495
4237497,38226,Sarah Arellano,Michael9@gmail.com,8170286636
3668836,13911,Marilyn Warren,Patricia38@gmail.com,9830416862
1893631,50381,Emily Lewis,Christina82@gmail.com,5147865499
1989735,52827,Christopher Webb,Katie46@gmail.com,1127303943
4537016,30697,Patricia Livingston,Laura63@gmail.com,3731095454
3519613,73534,Angela Murray,Eric75@gmail.com,5940717633
7809033,73046,Hannah Martin,Robert19@gmail.com,2482134678
4168017,31118,Thomas Hill,Andrew89@gmail.com,2925768118
5732549,64573,Chad Estrada,Nicole63@gmail.com,9000530661
5921997,25325,Kenneth Adams,Jennifer72@gmail.com,2168753481
9460679,43907,Vernon Murphy,Sabrina92@gmail.com,4598371017
1080027,19818,Rachel Sharp,Patricia90@gmail.com,4442651650
4288567,87157,Krystal Green,Nicole52@gmail.com,5672249648
8982838,61025,Andrea Jefferson,Jeremy39@gmail.com,4575000449
6623189,54398,Andrew Garrett,Tracy58@gmail.com,2373003554
2828257,93760,Jane Moreno,Brett94@gmail.com,6545707139
3125750,38556,Sarah Garcia,Kristin31@gmail.com,5591395110
6887786,82345,Cynthia Ramos,Jill58@gmail.com,9620519101
8404351,41229,Ronald Nelson,Raven9@gmail.com,7162023235
4027134,36183,Joshua Soto,Joshua9@gmail.com,8807470547
7816325,48072,Robert Christensen,Samuel92@gmail.com,1117644058
4339115,53347,Gail Fernandez,Regina24@gmail.com,8910783149
6391051,57146,Troy Craig,Benjamin4@gmail.com,7635786418
2606849,52268,Brian Sharp,Misty44@gmail.com,8372427131
7068744,54390,Kenneth Bates,Vanessa92@gmail.com,9304156538
8033658,41555,Barbara Park,Sarah22@gmail.com,3730997966
7009706,47600,Jason Nelson,Steven42@gmail.com,8723984866
7181292,63022,Denise Smith,Elaine35@gmail.com,4704146442
9475290,74275,Alexander Santos Jr.,Timothy43@gmail.com,5708869661
4116434,63241,Charlene Reyes,Chelsea71@gmail.com,4391672771
5230244,81735,Lisa Webb,Laura9@gmail.com,7053844276
6274643,70197,Kendra Massey,Adam25@gmail.com,1244324183
6621541,63634,Christina Grimes,Steven61@gmail.com,
9290498,85732,Holly Hall,John27@gmail.com,6867568380
7059042,69711,Christopher Sutton,David83@gmail.com,7671633682
1410637,68504,Willie Hanson,Amy87@gmail.com,7046021243
2288777,34092,Karen Kelly,Karen10@gmail.com,8368945856
7855834,16126,Robin Smith,Jason5@gmail.com,3809028503
4252240,26300,Barry Mckenzie,Wanda87@gmail.com,4994740435
5233521,25406,James Hampton,Kelsey77@gmail.com,7714737518
6281488,60877,Victoria Green,Jeffrey77@gmail.com,7942044606
3956484,70443,Ryan Arnold,Nicholas89@gmail.com,5167136613
7513599,60605,Lee Smith,Claudia17@gmail.com,7837983476
6466900,21638,Kelly Beasley,Christina30@gmail.com,2428393691
4489747,51102,Brian Hernandez,Thomas31@gmail.com,4256168521
5147653,35429,Carl Jones,Adam89@gmail.com,3290571158
2215364,31593,James Brown,Jason49@gmail.com,7743321730
3952613,79582,Andrea Bird,Christian19@gmail.com,9569467869
2297275,67271,Carla Whitney,Kyle10@gmail.com,6051278101
7041496,36504,Jeffrey Haynes,Collin40@gmail.com,5065267949
8048352,80715,Sergio Cox,Daniel87@gmail.com,5046145353
1072504,43720,Shawn Cannon,Alec70@gmail.com,7617624085
4292928,70658,Debra Marks,Kevin43@gmail.com,5301984050
5356985,27012,Dominique Harrison,Courtney62@gmail.com,3853032337
7188195,46614,Sherry Mahoney,Amy71@gmail.com,8535144658
4170106,23408,Matthew Curtis,Elijah36@gmail.com,1005289682
8027725,19385,Carol Robertson,Kristi45@gmail.com,4647036647
5839836,27865,Erika Hill,Christina47@gmail.com,9761768791
4515227,51774,Hannah Wallace,Gina47@gmail.com,9225631251
8555523,78858,Joshua Henderson,Michael4@gmail.com,7572474230
9946715,83242,Zachary Bowers,Robert65@gmail.com,3033004606
1569784,50742,Karen Graves,Maria37@gmail.com,6702180920
2340475,81691,Kristi Garcia,Melissa37@gmail.com,5031704920
3111907,77951,Andrew Contreras,Monica56@gmail.com,2959692448
9465291,55449,Brian Arias,Lawrence38@gmail.com,7035946232
,21179,Brett Bailey,Maxwell26@gmail.com,2208750718
3269363,10137,Todd Moore,Stephen100@gmail.com,4086862585
8086573,13322,Barbara Barrett,Timothy8@gmail.com,8231889668
9390030,49051,Keith Mccoy,Charles46@gmail.com,7018280728
4007418,49328,Michael Sanders,Joshua58@gmail.com,9517100706
1695406,64751,Melissa Hayden,Diana9@gmail.com,5052809645
2568498,64036,Jessica Cantrell,Jeremiah64@gmail.com,7360317659
5622395,39518,Patricia Patel,Sandra38@gmail.com,9022686522
6236672,13491,Mary Fuller,Stephanie26@gmail.com,5775575359
6391454,64488,Miranda Nguyen,Peggy84@gmail.com,7239552022
4032545,19753,Monica Gill,Walter62@gmail.com,5329669956
8255450,27311,Paul Baker,Francis59@gmail.com,6210226744
3665317,81677,Michael Rivera,William10@gmail.com,6308449113
1888309,10394,Tyler Fritz,Dalton76@gmail.com,4918970108
4421670,16448,Lisa Nelson MD,Anthony11@gmail.com,7535438001
8248516,87906,Megan Rodriguez MD,Daniel24@gmail.com,6189226420
9883112,14438,Perry Bryant,Austin25@gmail.com,9331438013
1090745,39340,James Simmons,Jeremy41@gmail.com,3569502109
1000307,33190,Teresa Lutz,Deborah83@gmail.com,9925382025
5976632,63231,Holly Mccarty,Peter94@gmail.com,3738305971
7685653,38393,Kelly Bailey,Alyssa55@gmail.com,3081066090
8674205,61771,Rebekah Daniel,Jennifer12@gmail.com,1959954410
5792347,25845,Linda Jones,Jennifer34@gmail.com,6350197053
7667616,55328,Sarah Lewis,Cody11@gmail.com,1984810428
5522696,56765,Stacy Walters,Brenda21@gmail.com,3230789290
8452918,57391,Troy Wiggins,Leah59@gmail.com,5642522796
5179075,12468,Mrs. Kimberly Jordan DVM,Brittany27@gmail.com,3118981820
5576968,17105,David Rivas,Nathan2@gmail.com,3423304969
1172455,92442,Lawrence Butler,Joseph6@gmail.com,3687197381
1644812,33366,Carla May,Brandi75@gmail.com,5950841491
8544160,39705,Chad Murray,Larry62@gmail.com,5845633604
6629860,61844,Ms. Yolanda Vaughan MD,Tammy21@gmail.com,6672881666
1508213,20577,Charles Martinez,Nicole62@gmail.com,9780412183
8877180,19364,Matthew Gonzalez MD,Jackie35@gmail.com,7703184209
7179663,99625,Charles Mitchell,Joseph96@gmail.com,2205434830
7677579,19284,Ryan Perry,Jessica23@gmail.com,6134028855
5928179,73717,Charles White,Thomas5@gmail.com,5280347944
1044266,78694,Dawn Freeman,Jimmy25@gmail.com,5326512210
4978309,81071,Timothy Newman,Carol100@gmail.com,1004973539
9605449,83943,Jeffrey Ward,Derek90@gmail.com,8222172187
2108261,72095,Zachary Robinson,Tommy22@gmail.com,9605609335
4415613,45474,Dwayne Silva,Curtis98@gmail.com,5147283994
5991750,89727,Patricia Lawrence,Sara2@gmail.com,3007261901
3920212,11202,Nathan Dominguez,Stephanie29@gmail.com,7429631461
7944889,34105,Diane Wallace,Christopher65@gmail.com,9320035357
4548532,72514,Jamie Scott,Henry19@gmail.com,9860996317
4109751,50622,Diane Cain,Mary83@gmail.com,4517358829
1640022,37645,Kimberly Cole,Adrian85@gmail.com,7369349343
3162838,20139,Robert Scott,Larry48@gmail.com,5690352347
8401316,36773,Amy Frye,Melissa51@gmail.com,2307020587
6031790,58903,Kimberly Guzman,Sabrina6@gmail.com,9942074878
5129453,59329,Luis Oneal,Deborah28@gmail.com,1626655702
5875405,10242,Melissa Carlson,Stephen55@gmail.com,4880254288
6441253,72434,Nicholas Ellis,Julie47@gmail.com,4761048267
3507911,80328,Kerry Jones,Samantha61@gmail.com,2740725700
4331241,82251,Karen Quinn,Carrie83@gmail.com,7264004924
2243112,61747,Kenneth Banks,Sara67@gmail.com,9310769163
8912563,81383,Nicole Torres,Matthew50@gmail.com,3356975081
4113051,68622,Kimberly Wu,Deborah49@gmail.com,5377517105
6772781,57687,Michael Ayala PhD,Joseph92@gmail.com,5021567194
5032939,41453,Matthew Li,Patricia54@gmail.com,2556924628
7989564,82403,Marie Bush,Lisa74@gmail.com,8991668815
5739315,27417,Adam Johnson,Kenneth87@gmail.com,5412859026
6328824,90675,Brenda Dean,John97@gmail.com,2345190995
8237609,41649,William White,Steven92@gmail.com,2900372002
9446069,72761,Mr. Jeremy Potts Jr.,Frank89@gmail.com,8148000230
7804855,80706,Joshua Johnson,Jasmine61@gmail.com,4225714238
3292286,65486,Richard Jacobson,Sarah98@gmail.com,3006024264
9852703,31499,Francisco Roberts,Lori33@gmail.com,7317339498
5324843,68466,Jeffrey House,Kristina27@gmail.com,6596264859
5658327,80772,Linda Johns,Daniel93@gmail.com,5685397735
1568860,44798,Stacey Holden,Leah19@gmail.com,2031251839
4901252,55514,Lawrence Short,Tammy65@gmail.com,3417083134
5776630,35645,Justin Ortiz,Jeremy52@gmail.com,2988813114
9083834,19580,David Harrison,Cristina18@gmail.com,8652501301
5049194,93973,Thomas Thompson,Deanna85@gmail.com,4639740661
9544555,37443,Michael Smith,Penny27@gmail.com,6271541650
1432684,36614,Christopher Poole,Christopher53@gmail.com,9830946777
6415664,97859,Lauren Hawkins,Brady86@gmail.com,1821378811
2688113,79139,Steven Smith,Benjamin12@gmail.com,4375298451
1082753,53133,Allison Smith MD,Cheryl97@gmail.com,2600528312
2230629,53260,Martin Reed,Larry52@gmail.com,7115658814
8081130,20075,Nathan Jordan,Jessica24@gmail.com,1998777888
8974994,25153,Traci Smith,Nicholas24@gmail.com,9319144437
6189168,64164,Brett Howard,Melissa59@gmail.com,8764824392
9293155,11426,Ashley Shaw,Caitlin67@gmail.com,8707461623
1653822,74751,Brandon Green,Shelby86@gmail.com,8925697266
8778930,75067,Mary Marshall,Gregory12@gmail.com,2375829084
2877600,18568,Heather Jacobs,Larry25@gmail.com,2263627608
6087304,88977,Jeffrey Byrd,Gregory32@gmail.com,4132438898
8070492,34869,Heather Bell,Christopher59@gmail.com,6345660650
6854899,31336,Joshua Nguyen,Brandon60@gmail.com,2736439600
8198505,46791,Robert Johnson,Andrew9@gmail.com,1194048699
1011659,30876,Johnathan Taylor,Tanya84@gmail.com,3114313298
2893109,61612,Bradley Williams,Kayla33@gmail.com,2927468377
8902352,15730,Jonathan Grant,Janice36@gmail.com,8804423039
9928900,86126,Ashley Conner,Ryan22@gmail.com,3970122163
5722916,43946,Tammy Medina,Suzanne87@gmail.com,5488537878
7179404,68596,Colleen Barrett,Lauren2@gmail.com,5736334683
2916656,13286,Greg Clark,Kirk19@gmail.com,6603993707
7888911,65545,Jeffrey Harper,John57@gmail.com,7565692197
6879617,75128,Matthew Cain,Andrea75@gmail.com,7848407612
2568275,28328,James Ford,Donald43@gmail.com,3999445357
8993757,80305,Jim May,Susan62@gmail.com,4974928084
8892834,84351,Lindsey Yang,Pamela96@gmail.com,9296390404
4281330,46723,Scott Brock,Stephen71@gmail.com,5921486401
6185925,48215,Troy Myers,Barry79@gmail.com,7063683136
3645797,72905,Nancy Henry,Linda55@gmail.com,4688493526
8593143,79801,Megan Blake,Wendy96@gmail.com,5157944807
9738321,93712,Janice Solomon,Alexis94@gmail.com,1916993409
9381351,55919,Xavier Smith,Paul50@gmail.com,1472746776
7473646,12719,Andrew Bernard,Jonathan8@gmail.com,4479215290
9506447,39505,Kathleen Key,Rebecca8@gmail.com,6785386491
3693389,85434,Mike Hines,Alexandra48@gmail.com,1178243529
2016176,16825,Gregory Jones,Scott46@gmail.com,7097740662
5972128,56791,Sharon Hampton,Karen94@gmail.com,9234455047
2119276,85510,Peter Nguyen,Karen53@gmail.com,9737782712
9023791,98812,Stacy Robinson,Brian16@gmail.com,7112535532
1718691,81022,James Wood,Rachael56@gmail.com,5500959657
6036366,55003,Earl Koch,Jacob26@gmail.com,1338087634
2522281,53271,Michelle Chang,Mary59@gmail.com,1072558467
9150812,59639,Christie Patrick,Brandon86@gmail.com,2346256425
3285259,57223,Tonya Freeman,Randy19@gmail.com,3983422778
2678187,96526,John Watson,Robin99@gmail.com,9999213277
9177466,91743,Amber Williams MD,Erika11@gmail.com,2130372854
1370815,33993,Rachel Fisher,Willie36@gmail.com,4669448264
3475569,92867,Alicia Scott,Bryan55@gmail.com,6916541637
3090327,18511,Edward Russell,Ryan49@gmail.com,5910164727
2267515,62936,Jessica Salazar,Jodi72@gmail.com,6964885776
4306346,46161,Linda Thornton,Erika90@gmail.com,1005685020
8150654,87973,Mrs. Jacqueline Williams DVM,Kristopher5@gmail.com,7367149975
6246032,13538,Nathan Nunez,Christian30@gmail.com,5844923875
4606638,72067,Marc Wall,Michael75@gmail.com,1540433056
5737822,12826,Peter Woods,Robert97@gmail.com,2257998943
2753254,47118,James Lynch,Nicholas45@gmail.com,1647519164
8022392,22063,Logan Stewart,Elizabeth13@gmail.com,8091757281
2290264,36531,Christina Garcia,Chelsea25@gmail.com,2606850863
6589878,46017,Nicholas Anderson,Matthew97@gmail.com,7024817190
6285937,92049,Ryan Wells,Joel41@gmail.com,1825039075
3684620,62220,John Vazquez,Kevin57@gmail.com,4886237588
1856268,19556,Maria Hill,Devon86@gmail.com,6274837716
5950538,36903,Natalie Conway,Cynthia86@gmail.com,5670186425
3619383,57549,Dr. Laura Hogan DVM,Danny70@gmail.com,7263714138
5083230,24926,Jay Griffith,Marc61@gmail.com,8657447611
1060344,52554,Jason Ayala DDS,John34@gmail.com,7517711503
2344864,39028,Darren Norris,Gregory91@gmail.com,2458972869
1904599,94986,Kyle Robinson,Christopher47@gmail.com,8757197181
2264534,46042,Matthew Aguilar,Daniel56@gmail.com,4878209804
5394552,74653,Victoria Rodriguez,Yvonne41@gmail.com,2612582876
4954469,40230,Jennifer Mcfarland,Matthew96@gmail.com,3692107983
6998524,18755,Christopher Hess,William30@gmail.com,6090007158
7653044,65784,Matthew James,Cathy16@gmail.com,6501616898
4770926,59707,Denise Jones,Jessica6@gmail.com,9828734040
8360616,79686,Frank Lang,Sheila21@gmail.com,1923097513
5223650,26443,David Mclean DVM,Eric15@gmail.com,3536593476
7908421,15605,Toni Lynn,Michelle32@gmail.com,2515189695
5114053,79449,Michelle Hill,Joan24@gmail.com,4821743159
8211648,53773,Bruce Kelly,Benjamin38@gmail.com,7199249478
7229050,85943,Charles Lawrence,Ashlee100@gmail.com,1684979297
3865492,60386,Stephanie Webster,Jennifer75@gmail.com,2238805199
5096691,93520,David Robinson,Nicholas32@gmail.com,4719834953
6912707,15593,Brandon Meyer,Margaret87@gmail.com,9399713864
6235929,74486,Jean Carney,David91@gmail.com,3812936361
6445176,20534,Brent Nash,Deborah54@gmail.com,4105018197
1042320,77933,Bailey Patel,Christopher40@gmail.com,4709624163
2072224,13886,Howard Lucero,Sabrina37@gmail.com,1310703158
6637483,55802,Christopher Lopez,Lisa65@gmail.com,1879117281
5512325,86363,Kimberly Jackson,Samuel40@gmail.com,1937553314
5105459,21225,Sarah York,Betty49@gmail.com,9524804032
8371213,10712,Alex Smith,Sara38@gmail.com,1117215640
4995230,92529,Rhonda Mills,Roger29@gmail.com,3696050419
7375664,15395,Benjamin Richardson,Luke30@gmail.com,2394078532
2492990,58682,David Watkins,Abigail47@gmail.com,2369705203
3938338,43367,Benjamin Wilson,Susan14@gmail.com,4893508090
4044688,79245,Jessica Gardner,Zachary9@gmail.com,2868094425
5417606,40405,Mark Harris,Alexandra11@gmail.com,5138914756
4830122,62967,Gary Jones,Anthony4@gmail.com,2468119248
8461969,72989,Natalie Adams,Kevin76@gmail.com,1923503313
7728359,84841,Debra Miller,Casey49@gmail.com,9924589910
4669443,64017,Ryan Bullock,Daniel86@gmail.com,1395394322
6058864,62232,Virginia Ramirez,Bailey72@gmail.com,2530961398
9656094,14718,Shawn Bryan,Natalie79@gmail.com,9909155139
9161937,34229,Julian Turner,Lauren60@gmail.com,7016767843
2904881,52170,Ryan Gibson,Ann10@gmail.com,9814489952
8325172,91740,Melissa Winters,Denise64@gmail.com,3998575989
2370994,14590,Jessica Smith,Amanda16@gmail.com,4168643770
4524321,71562,Brittney Stevens,Justin66@gmail.com,7445082105
4522612,65161,Mark Marshall,Hector46@gmail.com,8332227808
1065978,89222,Shelby Morgan,Jennifer47@gmail.com,9608641565
1173590,94469,Kathryn Boyd,Nicole4@gmail.com,6862241733
9913457,96076,Emily Johnson,Timothy80@gmail.com,5570957058
9805600,20444,Amber Bailey,Matthew97@gmail.com,9418626266
2486522,24492,Deborah Lynch,Megan35@gmail.com,3494704347
9974975,12771,John Diaz,Kathleen29@gmail.com,8738447814
4143590,29113,Andrea Bush,Mary27@gmail.com,6242548187
4623314,29941,Jessica Gordon,Nicole18@gmail.com,1857862272
5178133,52014,Carrie Moyer,Mitchell78@gmail.com,7355734449
3103011,89261,William Maddox,Anna38@gmail.com,9177880645
3559783,12257,Alicia Harris,Matthew2@gmail.com,5833489174
4017737,58071,Michelle Rose,Jennifer12@gmail.com,4900756721
5526581,20068,Christine Wagner,Paul96@gmail.com,9186440108
4756238,11555,Mary Padilla,Allison19@gmail.com,2019320494
7852332,71616,Denise Chang DDS,Jennifer16@gmail.com,8427343752
8176516,70317,Devin Gutierrez,Allen11@gmail.com,2868453442
6643597,73547,Yvonne Bender,Edwin69@gmail.com,2742675628
2909543,21829,Katelyn Taylor,Kimberly14@gmail.com,3439703455
9415313,26593,Richard Brewer,Mark48@gmail.com,7107596312
8580553,53431,Kathy Christensen,Anna96@gmail.com,5234311714
4922746,22758,Amanda White,Jessica69@gmail.com,7398629154
8593077,88690,Travis Tapia,Phillip27@gmail.com,5093373303
9119115,73907,Edward Baker,Alan75@gmail.com,8669877965
5699309,87186,Julia Dean,David40@gmail.com,5074266037
3116883,23896,Samantha Walters,Chris74@gmail.com,4808402891
7509690,20494,Erin Kaufman,Mark35@gmail.com,1537672622
9717210,82763,Jill Young,Todd96@gmail.com,9050639699
5937876,97439,Belinda Davidson,Miranda95@gmail.com,1156543749
2859574,76659,Rebecca Chan,Bryan30@gmail.com,9135293870
9392747,69567,Pamela Walters,Kimberly39@gmail.com,6683355446
4085151,86840,Jeffrey Davis,Joshua36@gmail.com,3357580465
3196986,87761,Peter Johnston,Logan62@gmail.com,4201675866
4265648,16771,Zachary Liu,Melissa45@gmail.com,4763365752
2791949,81016,Andrea Moore,Brett45@gmail.com,7722198680
9205334,97602,Ronnie Peterson,Kathleen23@gmail.com,3508770803
8814793,85223,Holly Morris,Scott66@gmail.com,4358025838
8315613,43206,Elizabeth Rodriguez,Ryan91@gmail.com,6895754570
9969397,22183,Michael Whitehead,Donald66@gmail.com,8718718048
1825133,53195,Jodi Booth,Angie56@gmail.com,6127372618
9523104,51729,Stephen Nguyen,Tamara21@gmail.com,2868323429
6158062,70125,Kim Hartman,Timothy99@gmail.com,2987034401
4109730,67796,Kiara Smith,Eduardo98@gmail.com,6664306229
5965143,82312,Shirley Romero,Justin89@gmail.com,1469341147
7556001,31053,Sarah Shepard DDS,Christopher65@gmail.com,4276716049
6837410,36630,Janet Butler,James66@gmail.com,2999129919
8841183,47889,Gary Fleming,Sharon17@gmail.com,6238664004
7219087,59529,Jennifer Hays,Becky6@gmail.com,6920299975
1054096,83637,William Sanchez,Jennifer65@gmail.com,5875034479
4302700,89148,Phillip Woods,Brittany4@gmail.com,3393625994
6097454,76026,Hannah Lucas DDS,Phillip12@gmail.com,4569207110
3105384,54857,Stacey Conway,Lynn22@gmail.com,5553522103
9955231,18793,Jeffrey Carter,Daniel73@gmail.com,1200435559
9977074,57362,Kenneth Ellis,Felicia51@gmail.com,8287846506
9033239,47284,Robin Mcdaniel,Emily84@gmail.com,5733754137
8779615,72677,Andrew Rice,Ethan35@gmail.com,7760335282
5958765,34295,Trevor Vasquez,Andrea45@gmail.com,2008394011
1720891,16171,Andrea Wilson,Dominic22@gmail.com,6624643182
5394255,91815,Kathy Fleming,Katie95@gmail.com,6561182589
5143366,99558,Kristin Warren,Jennifer12@gmail.com,8275215923
8165393,98304,Paula Harper,Nicholas15@gmail.com,2016731041
7194908,60203,Reginald Ortega,Anthony36@gmail.com,9728658999
4588256,66373,Elizabeth Shaw,Nicole75@gmail.com,2497581403
5733317,17141,Patricia Baker,Jeffrey1@gmail.com,9419121934
6008774,22248,Gary Livingston,Melody12@gmail.com,3179357154
3964466,43127,Tyler Mitchell,Daniel34@gmail.com,1712291139
6034234,90739,Sheri Nelson,Troy37@gmail.com,9176208184
8904043,32501,Molly Perez,Lisa17@gmail.com,2832183745
8046844,22419,Austin Atkins,Shane45@gmail.com,7099221822
4082774,87393,Dennis Perez,Sean73@gmail.com,8713022362
4013900,66992,Carolyn Little,Alicia76@gmail.com,6234076129
1100968,81732,Gina Hoffman,Kelly98@gmail.com,3210889003
7709904,78881,Jackie Simpson,Paula77@gmail.com,3930845792
5987932,58736,Brooke Holmes,Stephanie12@gmail.com,8499625368
1899297,53222,Brian Gonzales,Jeffrey66@gmail.com,8957154458
2313914,39885,Michelle Burton,Shane10@gmail.com,9513601554
3312195,27589,Richard Weaver,William4@gmail.com,2847334749
9992231,37558,Denise Hayes,Michael46@gmail.com,7950866422
5025685,62452,Gerald Dunn,Anthony32@gmail.com,5834464686
6754456,69709,Tracy Wolfe,Allison11@gmail.com,6146580950
1315563,39283,Melissa Snyder,Michael24@gmail.com,8972580917
3800109,81162,Diana Moody,Joshua4@gmail.com,5865498232
5463337,77154,Amy Schroeder,Kendra43@gmail.com,3310552657
8091400,90137,Amber House,Timothy68@gmail.com,3151363955
7844277,38213,Justin Brooks,Andrew94@gmail.com,1595498641
1763921,65477,Benjamin Mitchell,Cathy43@gmail.com,8612047660
4354947,70115,Gabriel Campbell,Kathy40@gmail.com,3686690716
3653750,80410,Michelle Peterson,James72@gmail.com,1543431807
7749224,91872,Mark Patel,Allen7@gmail.com,4721301767
4643802,51162,Monica Turner,Kevin37@gmail.com,1415333413
2966571,58544,Aaron Melendez,Aaron70@gmail.com,3042838231
5703981,93807,Christopher Henson,Michael20@gmail.com,8038684821
5573430,61749,Michael Bryant,Don32@gmail.com,1883171886
5651869,96320,Sandra Burke,Justin54@gmail.com,2424432056
8058880,91223,Christopher Russell,Autumn61@gmail.com,5649461838
8190326,18666,Anthony Copeland,Connie34@gmail.com,5449092610
4507605,52993,Amy Clements,Aaron39@gmail.com,1253477203
3264821,91651,Paige Elliott,Tanner4@gmail.com,4506476061
6628388,76977,Christopher Rodgers,Michael8@gmail.com,5013164979
1918276,15161,Dr. Sandra Davis,Michael26@gmail.com,2185660611
2301108,80578,Dr. Peter Miller DVM,Kevin16@gmail.com,4485746116
1904229,17148,Jessica Perry,Steven32@gmail.com,4815878964
9691309,19086,Stephanie Miller,Patrick80@gmail.com,1413913847
9431418,80754,Lindsey White,Richard94@gmail.com,9824645390
5112357,30564,Janice Hogan,Victoria70@gmail.com,9332891412
1401485,77522,Travis Sullivan,Randy34@gmail.com,5406877277
3870498,44733,Teresa Glover,Kevin79@gmail.com,5260741467
6747847,36385,Brandi Vasquez,Jorge87@gmail.com,9531192929
7778980,61291,Kent Sellers,Amanda37@gmail.com,9101696747
5535456,69582,Leonard Montes,Alexis69@gmail.com,4748543271
6757060,30690,Cameron Winters,Christina28@gmail.com,9914851708
1977472,76152,Stephen Collier,Thomas23@gmail.com,7142486039
1775285,78418,Cheryl Underwood,Larry25@gmail.com,8003013958
5675158,72050,Aaron Rivera,Christopher89@gmail.com,2770624279
7445552,64068,Teresa Woods,Kathryn9@gmail.com,6803830968
8223383,17465,Jennifer Rodgers,Erik15@gmail.com,9685748913
4338815,56626,Craig Thomas,Zachary88@gmail.com,6776957205
3542021,53023,Patricia Briggs,Ethan14@gmail.com,1603397048
4371325,16344,Donald Clark,Dana29@gmail.com,1841086586
5153780,13943,Gregory Henry,Christine25@gmail.com,6674497169
1578151,43209,Melissa Wright,Kevin49@gmail.com,1099940550
2914490,94108,Kristin Pennington,Lee74@gmail.com,6435494016
2840597,87472,Jessica Vazquez,Edward66@gmail.com,9506838950
5799412,38547,Rebecca Graham,Juan93@gmail.com,2223283996
7427680,33086,Kristina Johnson,George30@gmail.com,2818628949
7651611,77351,Bradley Jones,Ralph2@gmail.com,9036958666
3401458,94939,Sabrina Thompson,Shannon33@gmail.com,1091547840
8845219,49484,Walter Peters,Jasmine2@gmail.com,6445808210
9766292,49524,Laura Smith,Joseph68@gmail.com,7247791845
8372457,41923,Lindsey Calderon,Anthony85@gmail.com,1951615455
1656018,65857,Laurie Wyatt,Nicole11@gmail.com,8402293502
8863282,38451,Deanna Jones,Nicholas37@gmail.com,2973570443
6072837,54201,Matthew Taylor,Beverly97@gmail.com,8121500622
9555726,32857,Kimberly Smith,Brooke22@gmail.com,6269087276
5359761,56756,Dustin Harris,John22@gmail.com,8277272490
4943318,33170,Jason Martin,Cameron28@gmail.com,2868634256
6973258,33723,Logan Delgado,Benjamin56@gmail.com,7437918239
8692411,43661,James Vega,Diana9@gmail.com,5727971964
7864342,80450,Danielle Heath,John65@gmail.com,5461940256
5604854,98889,Thomas Chen,Brian94@gmail.com,1755184723
3932812,94930,James Bishop,April24@gmail.com,6689132654
5960076,44113,Stanley Schultz,Shannon31@gmail.com,7336396793
8470688,72871,Megan Kelly,Ralph100@gmail.com,6397224204
3627731,48557,Dana Carroll,Toni53@gmail.com,3631611834
8625980,18568,Krista Williams,Joshua99@gmail.com,8141591003
5725928,46844,Sierra Ward,Jeffrey40@gmail.com,6900460017
1319500,82246,Allen Barry,Gregory42@gmail.com,7469923906
7008677,51206,Nicholas Morgan,Samuel88@gmail.com,7331810087
9777732,36643,Elizabeth Thompson,Daniel70@gmail.com,1683563306
8561098,30204,Lisa Gomez,Anthony64@gmail.com,9561422702
9874662,75503,Desiree Harris DVM,Jennifer24@gmail.com,3372472239
3354314,85235,Mary Campbell,Jessica83@gmail.com,9468151208
5037058,33683,Tracy Wright,Rachel98@gmail.com,7101376182
7707664,79494,Patrick Johnson,Tiffany48@gmail.com,5630433117
9077437,67704,Ronald Roberts,Joseph58@gmail.com,3430036677
9282301,16051,Robert Kennedy,Jesus98@gmail.com,7312299314
1008524,62383,Jennifer Pena,Andrew99@gmail.com,3064965439
5123714,80340,Henry Carlson,Sabrina18@gmail.com,2619429140
6787575,58140,Kathryn Brown,Linda83@gmail.com,4951959416
2765395,56500,Gregory Howard,Jeffrey15@gmail.com,1428282179
7933722,90907,Adam Cameron,Brenda17@gmail.com,2122272624
5941195,11213,Jeffrey Brown,April5@gmail.com,4664468665
4533578,79698,Jerry Smith,Kathryn29@gmail.com,4502970071
8387064,19575,Lori Harris,Micheal64@gmail.com,5776317626
8498565,53040,Benjamin Brennan,Louis95@gmail.com,3678632794
4194667,27379,Matthew Rich,Jessica56@gmail.com,7154952473
2943530,25423,Alexis Thomas,Ann91@gmail.com,7417854480
8572106,19470,Amy Carpenter,Carmen20@gmail.com,7164762484
1233089,46362,Lisa Tran,Tyrone85@gmail.com,9853957293
2101083,37460,Randall Grant,Gregory49@gmail.com,1365789059
8506932,38671,Brandy Wright,Natalie14@gmail.com,1359940836
3286123,53911,Allison Parker,Megan21@gmail.com,2947640894
6431740,88987,Jennifer Wheeler,Michael61@gmail.com,2628075191
8695581,74639,Stacy Scott,Brianna49@gmail.com,8482254809
1194974,75046,Joseph Case,Michele26@gmail.com,1845465558
1613591,93610,Mrs. Ashley Collins,Steven1@gmail.com,1510624318
2833578,91189,Timothy Washington,Melissa85@gmail.com,8030694279
8598235,90615,Ryan Cline,William68@gmail.com,7097587438
2805921,63169,Gregory Hicks,Valerie28@gmail.com,2632067654
5126027,21166,Brianna Rose,Keith63@gmail.com,9448288968
2726336,30308,Tiffany Allen,Samantha14@gmail.com,2347100799
4014460,56901,Kara Smith,Claudia59@gmail.com,1025742632
6134223,67564,Sarah Jones,John24@gmail.com,8027488583
6522684,93261,Maureen Olsen,Vanessa77@gmail.com,6529989693
3909139,66748,Deborah Harris,Monica74@gmail.com,5515537386
6974710,10089,Vincent Mcmillan,Jessica49@gmail.com,3011074606
2879490,55426,Jasmine Davis,Randy1@gmail.com,4687701203
9540253,20241,Joshua Silva,Larry77@gmail.com,4736834935
9902833,28733,William Richardson,Christopher100@gmail.com,8727730102
6883202,50280,Briana Andrews,Lisa64@gmail.com,8960042609
5132061,12588,Kelsey Murphy,Curtis56@gmail.com,2697919362
7779487,76227,Benjamin Clark,Michael91@gmail.com,6070529711
8270657,17745,Martha Thompson,John4@gmail.com,8738454045
1442541,85391,Brittany Burch,Andrew23@gmail.com,8408999215
2116497,43837,Joyce Schmitt,Brian32@gmail.com,1624640901
1113592,96650,Dylan Thomas,Michael43@gmail.com,4935539126
6241347,12700,Michael Flores,Cynthia83@gmail.com,5508087700
5672164,74336,Willie Gomez,Anthony16@gmail.com,5676905773
8039259,39348,Sean Bailey,Jessica28@gmail.com,1235147867
6427384,81060,Pamela Riley,Anthony59@gmail.com,1717367259
4788052,12409,Michael Cole,Robert59@gmail.com,5082575819
1274252,10915,Sarah Rogers,Sergio54@gmail.com,2648389598
6935625,78132,Angelica Campbell,Jason81@gmail.com,6037749652
5484385,94144,Autumn Kaiser,Wendy1@gmail.com,6899638959
1795959,13119,Sandra Davis,Brandon75@gmail.com,7443582167
5870953,36623,Monique Barnes,Kevin6@gmail.com,8373175837
7619593,93192,Ethan Bailey,Marc9@gmail.com,1018237449
,99112,Angela Jones,Scott14@gmail.com,3860773933
2880753,22975,Kristin Kemp,Andres12@gmail.com,6107971884
3471112,40606,Victoria Kennedy,William54@gmail.com,3914017376
3483564,62565,Kerri Moreno,Stephanie50@gmail.com,6746362625
7989227,67020,Michael Wolfe,Ashley24@gmail.com,2230634697
2317008,44622,Anita Gaines,Gloria44@gmail.com,1321569886
1879651,23873,Randall Byrd,Michelle75@gmail.com,7014159294
1896333,18686,Lauren Reeves,Eric18@gmail.com,1936425861
3166356,90858,Deanna Jones,Kyle54@gmail.com,7235636851
6587733,60972,Amanda Pena,Allison80@gmail.com,4668991072
8550651,50532,Kaitlyn Brady,Jonathan10@gmail.com,3305502846
6325487,54127,Lauren Jones,James5@gmail.com,6444678433
1277146,94619,Paul Brown,Seth88@gmail.com,9389606251
4208283,80883,Lauren Ramos,Alexander59@gmail.com,1634723005
6951364,45803,Bradley Fisher,Heather21@gmail.com,5308857144
7651222,17285,Lucas Perkins,Stacy51@gmail.com,4502773025
7725577,65538,Amanda Chapman,Heather63@gmail.com,8883380041
7597125,80140,Paul Frost,David51@gmail.com,3067317295
3401936,61884,Mr. Joe Barnes MD,Angel27@gmail.com,8162093609
6865450,17572,Beverly Fowler,George55@gmail.com,5164705082
2315970,18228,Reginald Gilbert,John29@gmail.com,6823144011
7388504,90160,Megan Miller,Richard60@gmail.com,2533306606
7670655,41371,Curtis Hernandez,Kristin64@gmail.com,5762273298
8704219,43681,Megan Smith,Christopher68@gmail.com,3270735780
3180492,26054,Justin Monroe,Victor9@gmail.com,4486696591
5140261,14004,Sarah Hoffman,Cynthia46@gmail.com,5216422658
4150785,99192,Ryan Schwartz,Joanne80@gmail.com,9351126482
4496167,95369,Christopher Hooper,Jessica19@gmail.com,5914535794
4799499,76497,Kenneth Banks,Jorge96@gmail.com,4343892565
7982164,51806,Christopher Morgan,Natalie65@gmail.com,9172505641
1123251,37337,Jasmine Carter,Zachary30@gmail.com,8111027562
6687614,72366,Kyle Boyle,Whitney48@gmail.com,2326764611
6646272,16976,Tricia Maddox DVM,Raymond78@gmail.com,2879403399
2448915,27580,Ruben Krause,Beth62@gmail.com,4141123550
4269430,34751,Elizabeth Villa,April72@gmail.com,1417569977
5233422,27767,Bradley Frey Jr.,Daniel29@gmail.com,3458961397
4004254,22763,Paul Turner,Johnny74@gmail.com,3579440949
6613857,56415,Debra West,Robin3@gmail.com,2155934028
3361393,61265,Jason Vincent,Emily91@gmail.com,4621575928
4615373,49176,Ryan Frye,Jessica4@gmail.com,4472110282
3950875,59213,Nicole Lee,Kristen46@gmail.com,4361553951
1279523,94362,Andrew Wright,Angelica15@gmail.com,1667835882
4912423,67288,Gregory Wall,Christine67@gmail.com,6244186880
1544914,14926,Thomas Parker,Mason3@gmail.com,1585567685
1389621,57531,Carrie Romero,Kathleen41@gmail.com,5862921327
9036530,20409,Sarah Cervantes,Cynthia39@gmail.com,9587352696
9281356,71004,Alison Hamilton,Brittany85@gmail.com,4789051390
2392230,71346,Hannah Garcia,Shelby75@gmail.com,2129908701
2261955,57755,Gina Walsh,Katherine73@gmail.com,7566267635
6261333,41935,Travis Woods,Deborah29@gmail.com,8604558379
3575525,74555,Elaine Wilson,Kelly50@gmail.com,8175501271
1522644,44550,Karen Johnson,Tyler79@gmail.com,7820307191
5341014,11283,Paul Barnes,Sarah78@gmail.com,6087001249
9203344,78897,Ashley Reyes,Jamie96@gmail.com,5890843685
8804504,92493,Jamie Walton,,8007150154
2988320,93842,Jack Chase,Pamela62@gmail.com,5255232553
3821702,27347,Sarah Munoz,Bryan44@gmail.com,7929841931
7826480,40433,Lauren Zavala,Victor2@gmail.com,1414005522
7460844,14605,Lauren Underwood,Nancy25@gmail.com,5463918084
3618755,29590,Veronica Howe,Andrew96@gmail.com,3245756974
9612278,31480,Jesus Nelson,Linda88@gmail.com,1765251548
6517645,41916,Kellie Oneal,Kent53@gmail.com,4747839322
8261771,17054,Carolyn Quinn,William11@gmail.com,5754235533
3895065,84321,April Hill,Joshua88@gmail.com,4942776383
9107423,49519,Christian Martinez,Megan58@gmail.com,5542483639
2235893,37763,Maria Hunter,Bryan33@gmail.com,7293255613
1125458,,Kimberly Summers,James24@gmail.com,2432281725
3761860,37548,Christopher Harris,Jacqueline83@gmail.com,4585708063
2624078,83675,Shannon Hernandez,Jon53@gmail.com,7876386412
2031073,80907,Adam Hebert,Luis44@gmail.com,1003740250
3212474,83703,Emily Ware,John33@gmail.com,5382601999
8847173,58994,Shane Collins,Derek21@gmail.com,3980264683
2071108,25470,Mrs. Jocelyn West,Linda64@gmail.com,9774786539
6273009,89533,Nicole Blair,Thomas92@gmail.com,7884516256
3128001,15527,Ashley Pena,Dylan25@gmail.com,7884432875
4663489,93544,Robert Contreras,James84@gmail.com,4659257414
8557353,20644,Amanda Green,Lauren45@gmail.com,1062409212
7693043,69699,Laura Reese,John46@gmail.com,3426046101
3744701,38600,Jennifer Perez,Jill79@gmail.com,7463423003
8173219,35220,Amanda Thompson,Monica27@gmail.com,4331308033
3979319,20844,Samantha Maldonado,Kiara53@gmail.com,6664893131
9640702,44420,Jaime Parks,Melissa53@gmail.com,1849196368
3695491,39063,David Perez,Thomas9@gmail.com,6853741383
9848534,12478,Justin Wood,Michelle91@gmail.com,5278692722
2999406,86091,Angela Glover,Michael3@gmail.com,2901091683
2166662,25759,James Lowery,Anna30@gmail.com,2161501493
2352158,93534,David Smith,Matthew89@gmail.com,6796674723
8429978,19674,Matthew Ortiz,Jessica69@gmail.com,5960967194
6307068,23763,Christopher Contreras,Ryan86@gmail.com,8821211642
7451848,27521,Dr. David Andrade,Samantha6@gmail.com,6278308599
2161181,12311,Katherine Richardson,Kimberly56@gmail.com,3797031882
8894251,58720,Heather Oconnor,David17@gmail.com,5577386799
7302852,32902,Brian Lucero,Ryan77@gmail.com,7400377662
7297463,27362,Norman Hunt,Harry15@gmail.com,8398472259
9210494,27536,James Nelson,Michelle17@gmail.com,8636198817
4826172,13620,Megan Turner,Jimmy75@gmail.com,7114460295
4071410,78555,Jordan Rubio,Matthew100@gmail.com,8222178011
1235129,98407,Casey Johnson,Amanda81@gmail.com,5976593639
2370724,50569,Jennifer Booth,Stephanie88@gmail.com,1631548078
2587392,32498,Benjamin Walsh,Bill45@gmail.com,6626526457
8490999,82849,Andrew Williams,Carla49@gmail.com,8822843978
2800401,79567,Brad Hughes,Donald32@gmail.com,8947715786
4219011,30372,Michael Mcguire,Alex24@gmail.com,2904316422
1133085,95345,Michelle Smith,Marie85@gmail.com,9376409424
5159131,87827,Nicholas Lyons,Gina28@gmail.com,4986665486
2745780,88048,Andrew Lawrence,Robin71@gmail.com,1489207743
6767309,70389,Dr. Crystal Moore,Carla83@gmail.com,1207334906
6556329,58628,James Davis,Elizabeth36@gmail.com,4424326347
7814076,36056,Gina Bates,Benjamin48@gmail.com,8993671135
8446365,66227,Sarah Johnson,Robert18@gmail.com,4580234954
1289629,55706,Carl Ortiz,Chad90@gmail.com,8437195492
7887249,51702,Tracey Brown,Matthew62@gmail.com,6589670202
5720585,86614,James Jones,Theresa37@gmail.com,2157649144
9891060,92949,Crystal Bonilla,Tanya40@gmail.com,8365902312
5752791,96051,Tiffany Hudson,Melissa33@gmail.com,3625332535
1286669,23527,Tonya Olson,Joy63@gmail.com,3838683192
9894113,24392,Shane Mccarthy,Bonnie97@gmail.com,8483847094
4080023,38370,Ian Ray,Amy7@gmail.com,4512683981
9741680,89666,Brian Robinson,Marc50@gmail.com,7654608659
5230477,39433,John Miller,Edward74@gmail.com,8767586215
6936159,86467,Lynn Boyd,Megan53@gmail.com,9858425295
6057649,81095,Cynthia Russell,Matthew1@gmail.com,2003936345
6129733,56995,Rachel Rodriguez,Jamie46@gmail.com,2463539015
6115576,41388,Clifford Sanders,Courtney8@gmail.com,2843068715
2997077,60767,Rodney Smith,William29@gmail.com,1562600207
2513811,55790,Maria Nelson,Steven96@gmail.com,8823830319
9837370,19362,Isaac Whitney,Stephanie25@gmail.com,8156186655
2651949,14672,Samantha Myers,Chris71@gmail.com,6964937875
5439078,30373,Kelly Zimmerman,Melissa77@gmail.com,9721014163
9588654,98383,Anna Thomas,Christopher2@gmail.com,8870706801
5932264,59404,Edward Briggs,Neil12@gmail.com,5136615505
2058886,55329,Samuel Gonzalez,Shari60@gmail.com,9843482431
6775674,21704,Christina Craig,Angela7@gmail.com,4407016279
6139774,,Robin Fisher,Tanner80@gmail.com,9338869550
7283967,75438,Emily Grant,Robert85@gmail.com,1911318922
6570412,79500,Matthew Phillips,Samantha45@gmail.com,4532635553
7481032,98599,Sherry Sanchez,Brenda90@gmail.com,6189168719
8046764,84118,Kimberly White,Samantha88@gmail.com,9438869864
1134565,34891,Karen Merritt,Jessica86@gmail.com,6753278318
6088542,68154,Amanda Alvarado,Michael7@gmail.com,9352183075
7079141,32503,Laura Pittman,Chad9@gmail.com,3869958914
2000916,85407,Anthony Reynolds,Joseph54@gmail.com,7742635547
3127532,57182,Linda Cooper,Robert48@gmail.com,8397760454
9943440,16056,James White,Victoria75@gmail.com,4902835990
9192541,94006,Cameron Thompson,Christina36@gmail.com,6896858201
7178087,28383,Thomas Buckley,Joel86@gmail.com,7990851385
9150656,30288,Mitchell Little,Phillip35@gmail.com,1239882969
3189062,46559,Ivan Reed,John18@gmail.com,2762938987
5307849,99399,Sean Harris,Tasha57@gmail.com,7572666442
1401126,46857,Jennifer Sparks,Allen77@gmail.com,4785050925
3953385,35473,Calvin Martin III,James30@gmail.com,8535809418
1067542,17561,John Hall,Andrea13@gmail.com,2045541112
5515771,64615,Randy Myers,Ricky67@gmail.com,8358831008
1542465,16161,Cassandra Adams,Cameron5@gmail.com,6140108944
6377821,55028,Christopher Williams,Joshua6@gmail.com,7806259894
2778810,35488,Robin Brown,Tracy54@gmail.com,3356525857
4840009,21553,Debra Sweeney,Aaron17@gmail.com,2631092325
4313142,71022,Joseph Figueroa,Gregory12@gmail.com,6654212744
9502222,39180,Christopher Johnson,Anthony55@gmail.com,5927698612
5925791,38119,Rhonda Warren,John3@gmail.com,3402899800
8629730,79842,Melissa Brown,Aaron86@gmail.com,2307834025
4751282,23940,Kelly Bennett,Brittany14@gmail.com,3320418380
7261371,48242,Susan Cantu,William60@gmail.com,4657034731
2195703,21736,John Hughes,Diane88@gmail.com,6265710503
3484745,94717,Andrew Shepard,Bethany54@gmail.com,1853130830
2785810,50165,Tamara Johnson,Jared91@gmail.com,9050063440
4323959,19654,Ana Johnson MD,Jasmine40@gmail.com,5025750208
4107269,51343,Philip Arnold,William20@gmail.com,4616926073
5588605,39345,Miss Lauren Davis,Scott50@gmail.com,7601257849
2802393,16893,Anthony Reyes,Lisa35@gmail.com,5713173123
8758243,20597,Jocelyn Harris,Ashley29@gmail.com,2369599019
1962904,77798,Derrick Kelley,Nicole99@gmail.com,4237766979
2951661,23737,Sherri Cox,Angela71@gmail.com,5658372650
8744889,31632,Gabrielle Garrett,Joel84@gmail.com,6023678578
5893071,69232,Alan Mccormick,Michael86@gmail.com,7416122012
4312877,94973,Kenneth Miller,Patrick86@gmail.com,7507309827
8257264,45540,Hannah Trevino,Logan38@gmail.com,8762485202
5638242,58332,Barbara Vega,Chris97@gmail.com,5989422245
1238790,62153,Stephanie Herrera,Aaron31@gmail.com,9945002049
5819094,78064,Ruth Jones,James13@gmail.com,4934786542
6872181,17962,William Moore,,1711546170
2404804,97521,Deanna Carr,Michele32@gmail.com,9237104388
1787557,86182,Nicole Hansen,Kim52@gmail.com,6370164317
5715324,18367,Sherry Gregory,Sandra87@gmail.com,3017444863
9739180,96205,Michael Estes,Darlene63@gmail.com,3331710654
4422102,43731,Alison Elliott,Kyle83@gmail.com,1934719817
7528735,27040,Sue Stanton,Laura65@gmail.com,2141749669
2011397,10987,Jason Davidson,Diane42@gmail.com,7822975303
3477537,33519,Elizabeth Davis,Brandon26@gmail.com,5617123477
2549298,52272,Mrs. Sydney Leonard,Laura8@gmail.com,3150335343
6433404,85760,Stephanie West,Michael48@gmail.com,3190621252
5263959,19163,Blake Sanders,Justin93@gmail.com,3113232502
2863313,25947,Johnny Montes,Jessica92@gmail.com,3919695907
5316956,24297,Karl Washington,Laura48@gmail.com,6399883749
5258219,10801,Kristie Perez,Seth69@gmail.com,3651212121
7744719,57217,Mark Short,Katelyn6@gmail.com,7126989043
1284677,25098,Nicholas Fischer,Alexander58@gmail.com,4956313321
5845324,92485,Mr. Paul Parker,Michael51@gmail.com,8466615784
6880211,42310,Michelle Tucker,Christopher40@gmail.com,2756019927
,68894,Yvonne Huerta,Peter51@gmail.com,4987322346
2056840,47081,Shelly King,Cathy77@gmail.com,6614304717
7714221,81067,Robert Marquez,Brian25@gmail.com,3936725166
4809174,91107,Jennifer Wilson,Mark4@gmail.com,6745789417
3940663,30923,Jessica Coffey,Susan66@gmail.com,2872490603
7234793,16283,Kevin Robbins,Randy63@gmail.com,8302506943
9322368,82342,Mary Lopez,Clarence78@gmail.com,1294696564
5266738,53720,Veronica Rodriguez,Monica3@gmail.com,7352617339
6085910,53553,Richard Cooper,Joshua10@gmail.com,3851705749
7717221,76688,Barbara Anderson,John38@gmail.com,3175954642
3919915,16878,Frank Bishop,Kayla36@gmail.com,8910986698
3821827,35424,Brian Long,Thomas88@gmail.com,6341028279
7674732,57303,Drew Cuevas,Richard98@gmail.com,7873073250
2886746,86422,Sabrina Morrison,Kristi50@gmail.com,1735427040
6795706,37011,Juan Thomas,Juan70@gmail.com,4369207209
3508355,69878,Dr. Kenneth Walker,Julie59@gmail.com,1600717485
2240859,65858,Jack Hicks,Andrew82@gmail.com,1386840529
4957747,60347,Katherine Davis,Maria57@gmail.com,4148645215
5515117,15112,Tracy Garcia,Brian12@gmail.com,2309887932
7356197,95050,Claire Henderson,Eric90@gmail.com,8457692608
3091001,74642,Anthony Peterson,Samantha30@gmail.com,3825530147
4452427,53503,Matthew Tran,John69@gmail.com,8109186323
1911535,64608,Kathryn Harris,Adam12@gmail.com,6723999969
2969295,44159,Alexander Lewis,John75@gmail.com,6610477191
2943714,30870,Diane Thomas,Kelly36@gmail.com,8516697464
9182758,91383,Zachary Carpenter,Austin12@gmail.com,9877147201
3933919,40610,Lauren Kelly,Elizabeth57@gmail.com,4164049889
3039184,70879,William Salas,Anna36@gmail.com,2236184172
4713163,42517,Jonathon Stanley,Clifford88@gmail.com,7457420105
4038433,40383,Sarah Kelly,Jennifer40@gmail.com,9605976163
8474233,44793,Sheila Espinoza,David98@gmail.com,2771791629
3243310,81581,Christina Williams,Jennifer25@gmail.com,7256308269
8428974,28122,Nicholas Tucker,Joseph14@gmail.com,2213996131
6658853,88391,Michael Ward,Natasha24@gmail.com,9288583353
3083362,62660,David Washington,Brianna80@gmail.com,8336507391
9666253,87361,Manuel Miller,Kelly79@gmail.com,9828213797
6200595,88794,Caitlin Moore,Victoria97@gmail.com,9059355113
3182484,28090,Jill Bowman,Lynn16@gmail.com,9434997159
9965882,55397,Samuel King,Nathan49@gmail.com,8876581548
3039244,19192,Joshua Lopez,Maria8@gmail.com,5508908416
4262414,31941,Don Small,Joanne66@gmail.com,8007353139
8419591,54007,Ashley Smith,Leah17@gmail.com,8610014713
2517591,78030,Linda Jackson,David92@gmail.com,5905479640
8129738,98893,Megan Thompson,Angela83@gmail.com,4120081672
4035015,66620,Shannon Mcdonald,Ellen92@gmail.com,3868588232
8330952,95671,Laura Wells,Laura1@gmail.com,7768258668
5796617,62757,Jeffery Lee,Kyle75@gmail.com,9574669401
9702470,31381,Darren Gonzalez,Cody53@gmail.com,3265393674
9574740,26466,Phillip Kramer,Matthew61@gmail.com,3167609611
9058962,39980,Keith Harris,Seth12@gmail.com,1581713524
7048143,31731,Steven Smith,Heidi92@gmail.com,4328480766
5385741,96001,Anna Johnson,James25@gmail.com,2179548687
1325077,46509,Travis Johnson,William42@gmail.com,7175928309
9194588,61773,Barbara Arellano,Kevin68@gmail.com,5935707079
7943413,63450,Brian Schmidt,Brandon39@gmail.com,9029450645
2938900,70718,Joshua Brown,Nicole99@gmail.com,1597037277
9083716,19888,Denise Jordan,Sara78@gmail.com,1730875103
5173571,68537,Bonnie Wilson,Penny47@gmail.com,1454575212
2263758,10767,Cindy Jones,Peter62@gmail.com,2713451603
1561991,22922,Joseph House,Charlotte72@gmail.com,7396201451
2111397,40664,Jeremy Charles,Tabitha14@gmail.com,7016405093
1041531,92409,Daniel Kennedy,Tina63@gmail.com,6314313485
3008006,49017,Gregory Costa,Nathaniel69@gmail.com,2059210303
5182133,38540,Benjamin Jackson,Ronald48@gmail.com,1810330149
9269145,87446,Julia Mcdonald,Andrew49@gmail.com,4773479806
9692832,15935,Mallory Collins,Rodney50@gmail.com,9844769426
5842615,83706,Dustin Brown,Isaiah18@gmail.com,7313108984
5157785,,Alexander Stark,Tabitha81@gmail.com,4236125581
3805032,11312,Pamela Ramirez,Richard17@gmail.com,8290987787
8433740,16675,Lisa Gonzalez,Tyler10@gmail.com,8253357450
3365596,77358,Sandy Wolf,Alexis74@gmail.com,8138757957
9687693,62262,Judith Joseph,Sarah24@gmail.com,9803080506
1346588,60297,Andrea Foster,Kathy22@gmail.com,7486060520
7111362,54432,Tracy Meza,Derek31@gmail.com,7600432584
3375166,82425,Deborah Marquez MD,Xavier87@gmail.com,7391816762
9133752,14744,Eric Knapp,William98@gmail.com,2988773255
4465325,78491,Laura Johnson,Daniel90@gmail.com,3571895068
7218305,79409,Jennifer Smith,Raymond45@gmail.com,7484138016
9647423,18096,Carl Brown,Jacob61@gmail.com,7698058859
6819007,60693,Susan Wright,Billy21@gmail.com,9521604220
3564398,26260,Amy Guerrero,Richard72@gmail.com,2288780053
9579526,72335,Dennis Olson,Geoffrey88@gmail.com,1447883173
2435697,82956,Jeffrey Brown,Bryan56@gmail.com,7003822900
4199998,96495,Mary Richardson,Micheal36@gmail.com,9129105125
6867226,59483,William Martin,Julie21@gmail.com,7201921305
4418591,41415,Emily Lewis,Sean14@gmail.com,5840479369
9964812,20739,Michele Cole,Brittany66@gmail.com,5782449594
4845045,57813,Tiffany Matthews,Sarah47@gmail.com,9339556837
1651569,52495,Wanda Miller,Matthew83@gmail.com,2035389650
1914924,93579,John Jackson,Tony13@gmail.com,1150814447
6042675,26002,Jennifer Owens,Amanda42@gmail.com,5608373618
9113625,86246,Zachary Stewart,Steven58@gmail.com,2782118758
1839678,13418,Theodore Baldwin,Brandy31@gmail.com,3407942128
1700791,11792,Mr. Nathan Williams,Joan78@gmail.com,3024717655
1298762,62992,Brett Murphy,Jennifer96@gmail.com,7990832644
8748277,71063,Robert Allen,Debra24@gmail.com,8914180122
4654517,72343,Andrew Chambers,Erin89@gmail.com,1333699244
7766718,89394,Jill Gallegos,Sean44@gmail.com,3942168662
3917533,60770,Roberto Wiggins,Kelly92@gmail.com,4364866102
4678266,89157,Julia Jones,Debbie61@gmail.com,2971840366
8660026,27977,Michael Dyer,Samantha84@gmail.com,7114371900
1931532,18955,Timothy Smith,Chelsea50@gmail.com,8225012754
4629914,31378,Debra Medina,Paul39@gmail.com,4680903310
3818124,60744,Jeffrey Jarvis,Ronald45@gmail.com,9871771297
8906105,19038,Mike Mann,Jack78@gmail.com,8856918283
8631840,92211,Jon Washington,Traci20@gmail.com,4636760118
8418018,38542,Sabrina Bryant,Richard85@gmail.com,8126571446
7364833,91660,Diana Smith,David4@gmail.com,3455653162
5149305,20834,Eric Ware,Laura88@gmail.com,4239164866
2629244,53753,Wanda Leonard,Sarah95@gmail.com,5869186901
3188554,72878,Andrea Jackson,Melissa40@gmail.com,6841897083
5338500,46366,Willie Caldwell,Kevin18@gmail.com,1985006086
8868921,52461,Cassandra Owen,David53@gmail.com,1492682955
5300884,70685,Caroline Richards,Michael9@gmail.com,8677411889
6189998,43462,Joseph Lee,Kimberly74@gmail.com,6225873789
7758576,40721,Debra Koch,Susan54@gmail.com,4942357524
9603709,24043,Hannah Evans,Luke4@gmail.com,3681318051
6201319,85509,Rebecca Lozano,Scott17@gmail.com,8985656558
8421615,77058,Dylan Stokes,Tyler99@gmail.com,8302702063
5308201,58757,Mark Richards,Rebecca7@gmail.com,4899909593
4279893,36930,Jacob Nolan,Jennifer60@gmail.com,4154032493
2546185,65735,Barbara Hart,Jesse20@gmail.com,3122147423
5385726,52042,Michael Todd,Amy18@gmail.com,7372852026
2969512,24356,Barbara Sexton,Diane54@gmail.com,7560334632
1124955,94702,Daniel Adams,Lauren61@gmail.com,1710251602
7171051,59304,Amanda Gomez,Kim31@gmail.com,2321853060
5280033,11132,Denise Daniel,Grant64@gmail.com,8844106448
3005667,52030,Valerie Taylor,Carrie84@gmail.com,9861213365
7141421,90811,Linda Brown,Jamie33@gmail.com,5371271266
3432503,64652,John Lee,Betty36@gmail.com,5366524085
4905493,22962,Michael Rhodes,Jessica95@gmail.com,4900286897
5773830,94420,Nicole Mosley,Janice15@gmail.com,3902698563
5909020,87937,Nicole Hall,Nathan23@gmail.com,1394106359
5844032,51283,Sean Chen,Michael52@gmail.com,4945431931
7925676,12128,Amy Dunn,Ernest64@gmail.com,9835524185
7395941,26444,Bobby Mejia,Gregory41@gmail.com,6055788337
2242169,93150,Gina Hendrix,Sara63@gmail.com,2816818746
6794569,72502,Russell Garner,Robert74@gmail.com,4541854191
8505143,77010,Carl Goodwin,Carolyn99@gmail.com,7465195990
6789097,90054,Andrea Mendez,Katie93@gmail.com,7124709024
9324338,83046,Terry Smith,Kelly27@gmail.com,6739464405
8007029,49886,Jillian Jordan,Brandy82@gmail.com,9474231563
1536516,27218,Martin Cain,Amanda85@gmail.com,3410496421
8420065,47551,Molly Anderson,Diane50@gmail.com,5607106869
7113416,63205,Lisa Schmidt,Brad61@gmail.com,3461254729
9474548,20552,Douglas Hayden,Paul94@gmail.com,1847900352
2592376,10555,John Parsons,Melissa22@gmail.com,3499548546
6099939,98105,Beth Figueroa,Kimberly22@gmail.com,7966366180
2052617,97144,Courtney Sanders,Diana77@gmail.com,6432918963
4232271,73138,Steven Dawson,Raymond31@gmail.com,9564445540
8265958,69022,Daniel Davis,Lisa79@gmail.com,5032202496
3125238,72998,Stephanie Thompson,Lee59@gmail.com,6883492828
9340352,61552,Scott Porter,Raven40@gmail.com,3861435324
5069144,95789,Victor Reed,Ronald66@gmail.com,8563308373
5109599,34359,Joseph Jones,James95@gmail.com,7208621373
9191361,34661,Anita Lee,Donald50@gmail.com,1027655769
4450463,66017,Krista Hill,Teresa20@gmail.com,7376589446
5721951,32654,Cynthia Burke,Sarah94@gmail.com,1756989521
9925995,97413,Gilbert Anderson,Jessica52@gmail.com,2365949879
7047056,26787,Jesse Colon,Debra95@gmail.com,9022642889
6842349,83642,Elizabeth Morris,Melissa22@gmail.com,3787975844
7743238,46066,Deanna Wallace,Joel42@gmail.com,7767241791
3877436,95685,Donna Parker,Melissa40@gmail.com,1142167634
2090827,45228,Jose Bowman,Richard13@gmail.com,2893364393
3878893,89555,Sarah Brown,Brittany75@gmail.com,1814696039
8411243,49625,Mr. Henry Shelton,Cheryl38@gmail.com,1679745916
6690881,19512,Justin Clark,Mary16@gmail.com,8981703916
8735546,14234,Angela Cummings,Timothy42@gmail.com,7577795740
5942315,71532,Kimberly Howell,Samantha63@gmail.com,6285697596
9690381,67012,April Rowland,Megan78@gmail.com,3668414446
3232493,17637,Greg Garner,Eileen47@gmail.com,9029794401
4497139,60137,Melissa Williams,Ashley53@gmail.com,2014292895
9066512,34836,Douglas Olson,Emily54@gmail.com,5334997589
6361687,10836,Andrew Clements,Bonnie24@gmail.com,7032853496
9460892,51091,Jodi Lane,Samantha90@gmail.com,7515025136
4770906,84897,Meredith Gallagher,Elizabeth80@gmail.com,2451694775
3354088,82578,Frances Moss,Alex19@gmail.com,5063356613
8253033,27280,Cassie Butler,Michael7@gmail.com,6997468348
4710267,23021,Catherine Hickman,Kelly36@gmail.com,8384598197
6487767,30606,Jason Chaney,Jennifer4@gmail.com,9963426054
9734896,55339,Michael Leonard,Lindsay65@gmail.com,2799796825
2840542,47214,Colleen Harris,Denise82@gmail.com,7459509332
9987508,38958,Scott Hurst,Mary54@gmail.com,7032267067
5123679,87656,Suzanne Castillo,Jaime19@gmail.com,4499029756
5851209,92661,Barbara Ruiz,Angela16@gmail.com,9889626123
8920252,58283,Darren Shah,Nathan99@gmail.com,4007450216
4961958,92421,Madeline Hanson,Susan74@gmail.com,2167398015
1303956,26878,Christina Burke,William89@gmail.com,4477724745
6866423,85343,Brandon Jones,Jessica89@gmail.com,5195224813
3419477,64749,Alison Walter,David81@gmail.com,2761672257
3677410,25282,James Harrison,Crystal67@gmail.com,7588588939
9333688,54294,Destiny Sullivan,Linda66@gmail.com,6207507782
5813245,18581,Mark Lopez,Angela37@gmail.com,2364559948
7483176,93718,Michelle Castaneda,Dustin25@gmail.com,6409668964
9668849,,Diana Sawyer,Alex49@gmail.com,9955698897
9972045,88478,Joel Ruiz,Susan38@gmail.com,5450484313
5933968,74512,David Krause,Samantha24@gmail.com,2982050794
7979318,40741,Albert Wilkerson,Dorothy77@gmail.com,9560635036
8976030,60058,Lauren Jones,Daniel60@gmail.com,4368419008
7387892,26156,Tammy Spence,Shelby20@gmail.com,1959176369
7037466,25348,Lisa Ward,Lawrence28@gmail.com,4038139762
8039741,74668,Michael Saunders,Yolanda50@gmail.com,5494838205
8494271,92562,Michael Williams,Danny35@gmail.com,1919716347
1226278,67217,Barbara Williams,Sharon38@gmail.com,9771153785
7453098,15331,Brittany Davis,Jeremy47@gmail.com,3974639512
7621141,51351,James Nichols,Kevin15@gmail.com,9336893016
2695881,26500,Mrs. Jennifer Bailey,Kevin61@gmail.com,6944333890
1080545,60245,Walter Olson,Tiffany11@gmail.com,8343064079
8980972,52947,Earl Miller MD,Erica64@gmail.com,6401101336
8110918,21252,David Cook,Jessica7@gmail.com,8226210977
8638165,17673,Katherine Bernard,Priscilla73@gmail.com,5569732159
9276198,21360,Kathryn Walker,Micheal72@gmail.com,4605841650
7318293,13377,Annette Miller,Julia56@gmail.com,1513257855
9131024,57333,Ryan Hernandez,Harry6@gmail.com,2075719555
3513183,24119,Colleen Lang,Ruben83@gmail.com,6970703506
2831651,84782,Jimmy Barnes,Christopher84@gmail.com,3310340195
2999289,97733,Meredith Kennedy,Kevin30@gmail.com,8295801997
9470193,43042,James Jackson,John15@gmail.com,7274787068
6054098,10262,Kara Rodriguez,Shane93@gmail.com,1609947601
7116615,61207,William Koch,Spencer31@gmail.com,9197453735
7175097,38381,Teresa Russell,Robin92@gmail.com,2602541665
8675685,26253,Vincent Williams,Clinton45@gmail.com,2943247816
3179217,41678,Dillon Turner,David95@gmail.com,2013573730
3402904,13068,Rebecca Wolfe,Paul66@gmail.com,7987932511
4820800,47391,John Gonzalez,Sherry45@gmail.com,3701009838
1296474,91010,Elizabeth Hunt,David18@gmail.com,5264180770
2993251,35487,Amy Haney,Joshua55@gmail.com,1791688133
5014449,76734,Diana Johnson,Pamela48@gmail.com,8869428139
3815955,17967,Dr. Kyle Patterson DDS,Valerie76@gmail.com,3217979299
8094557,85716,Roger Davies,Vanessa49@gmail.com,4183358873
7418679,57272,Edward Delgado,Daniel41@gmail.com,1998511424
1692343,53584,Joseph Dean,Jacob94@gmail.com,7127405917
7694110,81490,Gary Everett,Michael6@gmail.com,9116517150
8382434,74228,Tara Jimenez,Lauren41@gmail.com,7220017068
1880490,22491,Connor Mccarty,Dustin57@gmail.com,1744145394
4734908,92838,Kurt Bradshaw,Emily85@gmail.com,3847144623
2413350,12867,Emily Kelly,Lisa57@gmail.com,8777342909
1873827,81905,Brenda Morgan,Maria87@gmail.com,3643058547
8217634,49658,Lisa Jackson,Joseph73@gmail.com,3304078381
7498268,32626,Charles Flores,Michael16@gmail.com,3494210618
9931471,18135,Deborah Moyer,Gregory65@gmail.com,5850813759
9221214,37957,John Freeman,Cody64@gmail.com,2686061607
1084745,67055,Amy Valencia,Wendy98@gmail.com,9581233665
8213426,34121,Brian Hendrix,Ashley82@gmail.com,2106608372
4924018,50723,James Hanson,Luis63@gmail.com,6356097990
1332059,84059,Mark Gardner,Alicia59@gmail.com,6776488732
8074051,51256,Matthew Henson,Jonathon39@gmail.com,5647467270
8215336,15116,Katrina Velasquez,Diana76@gmail.com,6836456242
2385121,77716,John James,Chad100@gmail.com,4793163638
6260367,43004,Julia Smith MD,Daniel38@gmail.com,8488981900
6527181,97957,Tanya Friedman,Larry57@gmail.com,6697409888
6390334,23010,Carol Gutierrez,John88@gmail.com,6597565760
9107536,73070,Grant Walker,Margaret28@gmail.com,2082766355
8260281,88527,Cheryl Mcmillan,Donald61@gmail.com,4482235857
9316917,62252,Amanda Evans,Kathryn70@gmail.com,8231572278
1761891,39320,Robert Rosales,Jason11@gmail.com,7513461126
2067494,13405,Damon Le,Ricky41@gmail.com,2390125161
5689298,77297,Joshua Robinson,Stephanie16@gmail.com,2335577198
2595146,86851,Michael Wall,Emma10@gmail.com,6793795638
8355234,53754,Kristine Clark,Thomas41@gmail.com,8663255180
8036718,53933,Robert Lewis,Barbara71@gmail.com,2940689417
3069541,22037,Gina Pittman,Mario40@gmail.com,8620820846
7478545,51413,Marissa Strickland,James34@gmail.com,1782851810
3644228,27819,David Schultz,Damon39@gmail.com,5013445915
2146505,33844,Briana Tanner,Robert46@gmail.com,8247866356
8217013,83289,Felicia Parker DVM,John33@gmail.com,6088028591
4006191,17237,Natalie Osborne,Chelsea62@gmail.com,3964081517
9168177,97369,Margaret Marshall,Brittany22@gmail.com,2874590103
8189074,68351,Kimberly Watson,Teresa59@gmail.com,9851729740
3141949,60724,Jonathon Smith,Rick14@gmail.com,4998638001
7911906,31376,Matthew Morrison,Joseph95@gmail.com,9594774136
6549394,93532,Aaron Dominguez,Samuel22@gmail.com,7410271451
7925667,10434,Stephanie Lee,George60@gmail.com,2741405360
9637394,28847,Adam Lopez,Brent98@gmail.com,8662542934
4866343,62749,Jordan Hicks,Lauren8@gmail.com,8571187275
3400472,85653,Karen Luna,Stephanie26@gmail.com,5862803469
6400839,40281,Joy West,Kevin60@gmail.com,4354078832
7799001,87560,Selena Owens,Daniel27@gmail.com,7147807288
4947772,34914,Mr. John Ortega,Michael39@gmail.com,5155412021
5999447,58981,Shelley Barton,Samuel40@gmail.com,3957985869
6118289,14854,Tracey Adams,Paul55@gmail.com,8041583610
9820568,56868,Paula Hancock,Whitney21@gmail.com,4787612073
7696080,65477,Jean Hill,James90@gmail.com,2745920923
1240371,96303,Miguel Gutierrez,Raymond9@gmail.com,2407074301
7191893,92403,Courtney Copeland,Ryan22@gmail.com,1697266847
9699658,89429,Austin Coffey,Scott2@gmail.com,6883369840
9281469,86364,Catherine Phillips,Tanya31@gmail.com,8296316464
8941119,13487,Dawn Kennedy,Samantha30@gmail.com,5650659103
4046948,27692,Jeffrey Hardy,Cody92@gmail.com,9976328063
1046836,69939,Hannah Allen,Madison22@gmail.com,1099242905
7450236,44224,Jonathan Roman,Shane21@gmail.com,3247448665
6821638,23867,Alan Schneider,Stephanie13@gmail.com,2870976657
4863674,36006,Matthew Carrillo,Matthew70@gmail.com,2227865338
7422633,50584,Allison Hall,Tyler16@gmail.com,8981556004
3028170,73910,Kelly Williams,Lisa84@gmail.com,9166867084
6496564,51356,Jeremy Santiago,Connor47@gmail.com,1081775559
5883871,98674,Tamara Parsons,Ashley4@gmail.com,9150934474
8259053,92493,Vanessa Hoffman,Mark50@gmail.com,6631531597
7569687,18246,Nancy Erickson,Jenna81@gmail.com,6709834787
1532701,80154,Richard Lane,Justin83@gmail.com,5066889817
9200187,76486,Monica Hernandez,Brooke73@gmail.com,5210200028
2945691,84503,Gregory Cole,Jamie95@gmail.com,3285764423
2924238,27701,Jeffrey Butler,Jennifer41@gmail.com,7339531199
5516596,56800,Julia Graham,Gabriel89@gmail.com,3999092619
7439131,62956,Robert Joseph,Ronald21@gmail.com,1121272521
3986429,16230,David Kelly,Sophia30@gmail.com,6051809257
3787221,47489,Vanessa Peterson,Jesse82@gmail.com,4864000600
5993179,75650,Joseph Walters,Elizabeth93@gmail.com,3957510734
9710642,99785,Jessica George,Rebecca3@gmail.com,6141345826
5307796,96609,Jerry Ortiz,Robert84@gmail.com,7608956585
7353449,60594,David Sanchez,Adam8@gmail.com,5096049600
4801509,12091,Stephanie Reynolds,Ashley59@gmail.com,1947212999
1997948,66845,Dr. Louis Wright,Dylan50@gmail.com,5141787056
9232929,97723,Yvonne Price,Sarah84@gmail.com,4074370958
4618406,78832,Terrence Ochoa,Ronald8@gmail.com,1751425590
5454743,58975,Christopher Aguilar,James34@gmail.com,1659888100
6634944,61904,Marcus Garcia,Karen63@gmail.com,3360423508
3038010,61390,Phillip Kelly,Sarah67@gmail.com,2835634937
6362868,21235,Catherine Crane,Edward90@gmail.com,7989133536
6106109,38412,Shawn Brown,Melissa63@gmail.com,1900422042
3950700,56762,Mitchell Price,Nancy44@gmail.com,1080431895
6508165,63861,Brian Weiss,Douglas10@gmail.com,4163114361
4620776,55280,Anita Larsen,Steven92@gmail.com,4233416034
4050961,61873,Ryan Roberts MD,Daniel58@gmail.com,2407106060
1649720,48369,Nathaniel Jimenez,Jessica72@gmail.com,5416442767
5175741,22275,Melissa Park,Cameron92@gmail.com,9104765946
5218940,17450,Miguel Rodriguez,Jaime32@gmail.com,4113536590
1026796,11447,Breanna Thomas,Victoria68@gmail.com,2576943335
6773791,94849,Megan Green,Carrie56@gmail.com,1010508448
3438194,42174,John Gonzalez,Caitlin23@gmail.com,9369624302
8851750,64903,Kimberly Harris,David71@gmail.com,6620084276
6305630,94736,Deborah Howard,Michelle23@gmail.com,3109962742
6760302,20713,Sarah Byrd,Sherry5@gmail.com,2824667190
6706981,65408,Nicole Rojas,Jillian99@gmail.com,3990371897
1162890,89777,Karen Cabrera,Andrew25@gmail.com,4114409260
9999228,66760,Jennifer Payne,Chad19@gmail.com,9182068561
8308643,86168,Larry Kim,Jessica43@gmail.com,6936082405
3899901,62023,Jordan Evans,Brianna4@gmail.com,2609214779
4765224,68769,William Anderson,Tonya8@gmail.com,5118684749
3780866,14976,Edward Clark,Brittany44@gmail.com,9419885708
2545884,80093,Paul Trevino,Monica78@gmail.com,1721680966
4401267,64412,Brian Gilbert,Ryan57@gmail.com,9252255719
4359184,48561,Garrett Hawkins,Angel91@gmail.com,8646663501
2651305,47372,Carly Ross,Holly28@gmail.com,3723891974
9532978,51964,John Jensen,Adam78@gmail.com,2179971381
7081035,40914,Debra Phillips,Kimberly97@gmail.com,5762339228
4294568,30240,Martha Smith,Alexandra91@gmail.com,3113527903
3202697,83206,Victoria Rodriguez,Michael58@gmail.com,4135502079
3886605,18737,Mrs. Dominique Flores,Cassie59@gmail.com,3111873844
7481068,85228,Jasmine Montgomery,Charles41@gmail.com,8255504636
7829708,97587,Adriana Reyes,Antonio72@gmail.com,2007669517
1898849,17512,Erik Lucas,Janice92@gmail.com,4719007326
4726319,67309,Kimberly Jackson,Karen42@gmail.com,9153751678
9239274,52887,Daniel Cook,Rebekah40@gmail.com,1728337089
2208084,92262,Jacqueline Davis,Andrew9@gmail.com,2369649213
9022124,87735,Brian French,Elizabeth74@gmail.com,2003597496
2395695,17118,Bryan May,Katherine1@gmail.com,7698393354
6470347,33570,Dana Dean,Sheila66@gmail.com,2517840626
2363316,99657,Todd Miller,Judy94@gmail.com,8066671718
9450274,36134,Joy Butler,Michelle73@gmail.com,6900878331
9861515,61544,Jerry Sanchez,Jay90@gmail.com,4719137195
8805614,71572,James Brown,Martha63@gmail.com,3758422200
3539653,82218,Jonathan Ruiz,Matthew65@gmail.com,4405795163
9688625,71472,Robert Taylor,Sherri20@gmail.com,7255829449
8913921,43892,Daniel Lamb,Stephen49@gmail.com,9335831405
9528320,61561,Joshua Mosley,Mark57@gmail.com,7181286702
2703017,98738,Stanley Vargas,Rachael4@gmail.com,5848046394
7966630,80138,Teresa Rice,Sandra95@gmail.com,8902058401
5426715,32934,Madison Schneider,Andrew30@gmail.com,5922652788
2559791,12520,Michael Zamora,Brittany79@gmail.com,9675009717
2881721,54349,Hannah Silva,Matthew7@gmail.com,1626917501
1571533,98981,Brittany Herrera,John79@gmail.com,4457777731
7916117,87068,Miss Katrina Padilla MD,Christopher53@gmail.com,8320088302
3768422,26959,Phillip Jimenez,Lori68@gmail.com,4983953662
6687668,62422,Donna Suarez,Holly81@gmail.com,2834336255
7688752,66166,Brooke Lee,Tyler90@gmail.com,9118489209
3939057,85511,Stephen House,Erin13@gmail.com,3794646755
2902422,80047,Mary Thompson,Bryan32@gmail.com,4412437119
9870669,38021,Christopher Shepard,Joel3@gmail.com,9366130496
6736150,99029,Judy Benton,Lisa71@gmail.com,7802826847
2304675,99938,Mary Jensen,Jessica37@gmail.com,2958009567
5557890,57003,Rachel Pollard,Lisa97@gmail.com,9976104051
9547253,60287,Shawn Anderson,Justin53@gmail.com,3559236815
2686971,48861,Mary Mitchell,Gregory46@gmail.com,9182719587
3395915,19576,Justin Jones,Brian63@gmail.com,1879139196
7761811,34989,Tammy Lewis,Amy5@gmail.com,1232239808
1242390,89696,Kirsten Gomez,Laura91@gmail.com,7897396855
4557724,14655,Jeffrey Lawson,Stephanie18@gmail.com,9499170706
3355546,35219,Brandon Martinez,Bradley71@gmail.com,3454836232
9906026,59781,David Gill,Jessica99@gmail.com,6599438938
9401892,59840,Amy Reyes,Thomas68@gmail.com,3614686824
5864000,68653,Lisa Stewart,Taylor21@gmail.com,9775594713
7128244,89544,Mary Stuart,Cody48@gmail.com,3580498551
5929938,44748,Zachary Park,Lisa48@gmail.com,1847664374
8384957,85851,Kevin Monroe,Heather3@gmail.com,5844929315
5916776,99735,Joshua Torres,Julie48@gmail.com,6073433623
3626266,56292,Tracey Garrett,John76@gmail.com,8314421275
4181761,81325,Carlos Ruiz,Denise23@gmail.com,3601278514
3867472,16432,Carlos Baxter,Nicholas33@gmail.com,3531687802
3979205,89475,Jason Hill,Andrea96@gmail.com,1924344325
9925666,98406,Janice Hampton MD,Ronald7@gmail.com,4279374064
6152543,94834,Amy Robinson,Kyle53@gmail.com,2601623429
8910791,43268,Tara Baker,James20@gmail.com,6312423327
8757440,98046,Audrey Rhodes,Alison79@gmail.com,6556374025
5181089,40876,Tyler Tran,Joshua14@gmail.com,9995137652
4069684,24227,Shannon Hamilton,Mark99@gmail.com,9830855642
2915478,34521,Jamie Lamb,Paul6@gmail.com,6355262435
7997702,32157,Jessica Wallace,Beth62@gmail.com,1401650601
3690726,45305,Elizabeth Miller,Jesse92@gmail.com,8258755090
4701495,40006,Richard Miller,Joan83@gmail.com,8580669299
4404731,73482,Sherri Park,Dwayne100@gmail.com,6850084271
6625881,30808,John Kelley,Larry11@gmail.com,5571890638
7593621,53908,Jodi Clark,Michael42@gmail.com,6455964739
3335530,30000,Robert Mcdonald,Jerry99@gmail.com,4883225937
3821731,22246,Dr. Jonathan Mathis,Julie84@gmail.com,3585419302
9268018,98848,Matthew Hernandez,Victor73@gmail.com,9301290675
5138746,30491,Michael Meyer,Justin80@gmail.com,9952879944
8674268,73217,Jacob Parker,Lisa95@gmail.com,5487404682
2588339,17567,David Hutchinson PhD,Jack71@gmail.com,9388553574
8685404,66620,Michael Cook,Kim29@gmail.com,8498081464
3319339,57557,Destiny Richardson,Megan45@gmail.com,3720176846
1983220,89669,Jeremy Mendez,Dakota12@gmail.com,5746433147
4526596,14778,Kevin Hunter,David16@gmail.com,2873900716
6722352,54689,Sandy Tucker,Michael41@gmail.com,1319929322
7536600,70772,Jennifer Allen,Michele26@gmail.com,4081740474
3549624,17906,Katherine Oliver,Crystal24@gmail.com,6922597604
2116024,73999,Jennifer Davis,Caitlin75@gmail.com,9404373171
8328510,46716,Lisa Campos,Zachary41@gmail.com,1342365725
9843643,57185,Justin Brown,Cathy95@gmail.com,2760603938
7765473,85006,Christopher Williams,Paul83@gmail.com,2146875511
1110892,36206,Mark Johnson,Jennifer19@gmail.com,1324418440
8679098,43096,Mrs. Stephanie Ruiz,Jesse4@gmail.com,3445442551
1605760,27968,Michael Woodard,Amy51@gmail.com,6421568165
8492214,94680,Kimberly Taylor,Laurie48@gmail.com,5439599877
8837799,95020,William Bernard,Jeffery34@gmail.com,7673630699
4440047,58909,Charles Murphy,Samantha79@gmail.com,2228259165
8886029,95596,Ronald Russell,Autumn96@gmail.com,7455791577
5510932,29058,David Austin,Patricia29@gmail.com,5829429345
3492300,98195,John Harris PhD,Brooke33@gmail.com,1490456796
5410212,83744,John Parsons,George22@gmail.com,2044022471
2045742,36899,Molly Beard,Katie41@gmail.com,8292377395
5386419,78570,Tanya Reyes,John81@gmail.com,9136847783
8485950,86859,Marcus Cooper,Jacob11@gmail.com,8385223925
1810087,23876,Elizabeth Torres,Wayne10@gmail.com,1526580569
2511901,69591,Sherri Mitchell,Joshua92@gmail.com,9870754976
1537999,53521,Kelly Anderson,Brian78@gmail.com,3067910486
1269950,62140,Darren Ramirez,Gabrielle14@gmail.com,4453382806
3200813,55196,Anthony Ramirez,Meghan90@gmail.com,5420926757
4633001,85226,Jeffery Woods,Shannon100@gmail.com,6249616745
1097166,36191,Brian Price,Nicolas5@gmail.com,7883691581
1634212,53859,Caitlin Alexander,Sean58@gmail.com,8356680754
7265963,51525,Johnathan Johnson,Mark74@gmail.com,8615901493
5872165,37107,Brian Watkins,Randy40@gmail.com,4195502044
4616544,33367,Kenneth Murphy,Erica64@gmail.com,1730812729
2470698,14292,Timothy Jacobs,Louis66@gmail.com,2476639319
9325386,26728,Isaac Schaefer,Daniel72@gmail.com,8438846288
3198070,62037,Mitchell Harris,Diana72@gmail.com,6732851976
8053475,43899,Travis Trevino,Richard4@gmail.com,1380981952
5180769,69305,Sarah Hill,Caleb81@gmail.com,3005028619
9945796,19085,Michael Rodriguez,Dawn82@gmail.com,2453770212
5350623,47256,Brian Sanchez,Amy72@gmail.com,1335869042
6501772,57081,Kerri Torres,Christopher59@gmail.com,4507708434
1379539,26437,Cynthia Jackson,Susan63@gmail.com,9374880601
8943399,38446,Edwin Anderson,Debra12@gmail.com,4699464184
8275041,89516,James Barton,Sarah77@gmail.com,2410716311
7730306,28528,Holly Garcia,Patrick28@gmail.com,2325517281
7976746,61205,Monica Weber,Dawn86@gmail.com,8519626960
6642999,42548,Ryan Glenn,Kevin22@gmail.com,3199779094
2837302,86752,Steven Rivas,Megan78@gmail.com,7552324702
8496723,55432,Neil Brown,Austin59@gmail.com,1621311712
2481992,50602,Eric Reynolds,Ronald27@gmail.com,6377865662
6112193,46543,Katie Dyer,Chris54@gmail.com,6833858931
2606310,43048,Matthew Hampton,Daniel7@gmail.com,7127401544
5826184,90244,Hailey Price,Benjamin17@gmail.com,4227415264
3420770,30394,Brandi Myers,Gregory30@gmail.com,6121245429
9210267,35661,Veronica Vargas,Cassandra15@gmail.com,4746185939
9875665,73690,Hunter Harper,Leslie69@gmail.com,3027920978
7057397,78192,Michael Edwards,Melissa80@gmail.com,7247080576
3340410,38271,Jason Coleman Jr.,Bethany99@gmail.com,3732739801
5155112,27294,Jeffrey Montgomery,Morgan76@gmail.com,6378789737
5865047,99129,Mark Bullock,Regina44@gmail.com,8583344612
2194724,96817,Craig Cross,Laura51@gmail.com,6304173534
7389378,81407,Susan Hammond,Julie93@gmail.com,7684745186
3746579,91631,Angel Griffith,Megan89@gmail.com,8313055809
7757228,33269,Sara Mann,Bryce59@gmail.com,3621678118
2677804,15065,Philip Ross,Brian3@gmail.com,6254122201
8060094,46218,Kari Perez,Kyle2@gmail.com,7134621547
1468656,34317,Nicole Carroll,Katherine93@gmail.com,3127480148
6401430,73812,Lori Smith,Marcus76@gmail.com,3458914770
3506424,29850,Aaron Macias,Christopher12@gmail.com,6390565625
9121860,50352,Charles Delgado,Clinton59@gmail.com,3525276351
9945597,39701,Erika Durham,Jason70@gmail.com,2164622936
4352764,86262,Edward Adams,Luis72@gmail.com,7707363031
1551157,72508,Tina Miller,Wendy76@gmail.com,8544516375
1621823,28755,Kenneth Hoover,Christine22@gmail.com,9328181083
4421089,57887,Jason Phillips,Amy69@gmail.com,5950935080
9582446,49611,Brooke Thomas,Amy50@gmail.com,3126741074
8385523,60757,Brian Wolfe,Nicholas29@gmail.com,5122013683
1687166,86219,Jessica Meyers,Patricia24@gmail.com,9526237178
1205527,70974,Karen Rodriguez,Dana8@gmail.com,7980430165
4642931,40323,Courtney Mathis,Gary80@gmail.com,3965521928
2853455,95458,Anthony Jones,Brandon31@gmail.com,6375643121
8794090,72991,Stephen Lawson,Stacey94@gmail.com,8863718896
1628305,49845,Ms. Robin Paul,Diamond10@gmail.com,3859715333
5913772,19137,John Russell,Kayla91@gmail.com,9156392776
4378539,96932,Michael Mitchell,Jimmy46@gmail.com,2178892552
7604498,28997,Brandon Larson,Michele70@gmail.com,9142434851
6355357,59797,Michael Adams,Christopher20@gmail.com,8380013802
6668761,92869,Roger Cruz,Alex78@gmail.com,8960092068
9952412,86001,Pamela Shelton,Michael84@gmail.com,5192499752
4239107,13378,Rachel Edwards,Vernon25@gmail.com,2396392357
7980439,20718,Donna Thompson,Alexander20@gmail.com,6509479949
4376581,37238,Debbie Baker,Holly19@gmail.com,5114328131
8529556,94518,Tammy May,Carolyn3@gmail.com,7968396784
9309513,12370,Melvin Finley,Sherry29@gmail.com,9308261158
3729532,90612,Mr. Michael Brown,Sarah86@gmail.com,2413396368
3285092,56476,Luis Carter,Heather98@gmail.com,5486876796
8006212,11731,Eric White,Stanley6@gmail.com,7499198537
6663703,60483,Ryan Welch,Alejandra99@gmail.com,5749064240
9441288,50298,Mark Rivera,David100@gmail.com,8773704899
4720700,90695,Cindy Hall,Brian27@gmail.com,3279660324
5300028,26903,Allison George,Christopher6@gmail.com,6736964570
2355700,12736,Adam Jackson,Katelyn61@gmail.com,1538547766
1983410,25683,Miss Katie Bauer,Felicia67@gmail.com,2647044645
2848187,54930,Elizabeth Johnson,Tina1@gmail.com,9192178543
8305436,19379,Jeffery Noble,Anna75@gmail.com,1450051590
8652050,56371,Beverly Perez,Austin42@gmail.com,6379155061
2243408,10660,Jordan Walters,Angela73@gmail.com,2212684228
6603398,27225,Anthony Stark,Richard74@gmail.com,6449767682
8271232,72408,Jose Whitney,James7@gmail.com,2916314260
7142765,59809,Andrea Owens,Seth37@gmail.com,6109887914
8089399,19874,Robert Johnson,Phillip33@gmail.com,4922927413
8122225,66647,Emily Sanchez,Thomas39@gmail.com,3895589384
6798860,25825,Grant Snyder,Robert80@gmail.com,2984265773
7438410,40162,Brandon Hernandez,Robert45@gmail.com,8227705834
5995872,79614,Rebecca Robles,Daniel60@gmail.com,9454327064
7575380,75318,Elizabeth Ramsey,Robin99@gmail.com,6252367917
5607050,90193,Amanda Marsh,Amanda3@gmail.com,6735077419
4775106,45779,Denise Benjamin,Michelle3@gmail.com,4672609584
6433779,39130,Keith Carter,Dana75@gmail.com,9134630125
1204330,88426,Judith Green,Joseph13@gmail.com,3074794406
8981397,61856,Teresa Figueroa,Mark89@gmail.com,1210868686
8613811,64241,Mark Wall,Maureen21@gmail.com,1948406696
1293298,72226,Eric Bell,Sylvia28@gmail.com,9001046051
3950561,32123,Brooke Anderson,John85@gmail.com,1061256842
1764282,78872,Alexander Bartlett Jr.,Brian26@gmail.com,1613538402
6174306,12365,Lawrence Reeves,Patricia21@gmail.com,2257429217
9709957,10470,Donald Blankenship,Megan67@gmail.com,5194558510
1389331,15420,Lucas Brown,Thomas24@gmail.com,1141401947
3861640,20941,Kenneth Arias,Mark28@gmail.com,7078625961
7363706,75708,Johnny Holland,Anthony55@gmail.com,4009597967
2309658,85823,John Richardson,Emily37@gmail.com,6428280229
1617227,12873,Alejandra Lane,Matthew56@gmail.com,6920773835
4513579,78225,John Spence,Mark6@gmail.com,4258002977
2643780,34280,Cody Buckley,Alexis2@gmail.com,9337897168
3557173,14063,Richard Mason,Nicholas87@gmail.com,4469067373
9307052,92868,David Medina,Wanda39@gmail.com,6125350549
8765923,12830,Carolyn Erickson,Zachary81@gmail.com,6880076099
2848280,55982,Kayla Perez,Dominique76@gmail.com,1253893773
2904942,45581,Mary Flores,Joseph27@gmail.com,3332658630
6003815,44052,Cindy Lindsey,Gary92@gmail.com,4876563138
8126046,42069,Peter Jordan,Jeffrey67@gmail.com,1637287403
3332415,12594,Amanda Flynn MD,Charlotte48@gmail.com,5234714363
5079392,18884,Alison Johnson,William68@gmail.com,7496629659
2658767,50355,Teresa Long,Thomas9@gmail.com,9194220240
2981091,29417,James Hall,Lindsey100@gmail.com,6724031063
1598406,82272,Christopher Barajas,Kristen93@gmail.com,7445260239
1196233,52972,Ashley Summers,Nathan71@gmail.com,3383526182
2541856,58581,Jennifer Gardner,Michael31@gmail.com,1869102621
5507883,65335,Kelly Vasquez,Amanda52@gmail.com,7822123103
6935726,25370,Audrey Mccoy,Joseph61@gmail.com,8268261056
7506230,49216,Raymond Lucero,Melissa59@gmail.com,8795186651
1853134,31605,Steven Williams,Regina86@gmail.com,6099814776
1923554,71239,Lynn Davis,Paula14@gmail.com,9915124621
2893329,78522,Eduardo Mccoy,Erica81@gmail.com,7441618714
3844529,33044,Scott Krueger,Donna92@gmail.com,8455350427
8742917,82800,Warren Parker,Nicole86@gmail.com,5976195026
6705541,24143,Anthony James,Christina47@gmail.com,7983373301
1164710,55690,Brian Howard,Kelsey77@gmail.com,4423486790
9797577,23205,Samuel Scott,Michael74@gmail.com,2595594001
9815734,41590,Calvin Hawkins,Daniel94@gmail.com,4414298574
6738962,88683,Daniel Carter,Kristi32@gmail.com,8770427665
1927945,76412,Tim Collier,Kristi78@gmail.com,2697099935
9818654,88095,Paul Wang,Maureen25@gmail.com,6572290159
1651507,91381,Bryan Mendoza,Brittany70@gmail.com,5837033750
8716302,91499,Dale Salinas PhD,Benjamin20@gmail.com,8839898792
2618064,59545,Anthony Fuller,Christina17@gmail.com,1005584516
5922805,83610,Tiffany Esparza,Timothy60@gmail.com,8257797143
4892059,49661,Jeffrey Haynes,Vanessa90@gmail.com,7458617219
1636104,66432,Crystal Baker,Joshua84@gmail.com,2151258414
6337592,96659,Patricia Harmon,Daniel6@gmail.com,2688760217
6660732,61749,Morgan Serrano,Yolanda18@gmail.com,9148227391
8001745,99703,Sharon Williams,Christina10@gmail.com,3825448469
4753443,97015,Tammy Mcfarland,Jacqueline42@gmail.com,5975586532
7556402,80994,Jordan Adams,Jody31@gmail.com,3361612895
1475224,52513,Marc Bowman,Tyler97@gmail.com,6306018407
7457522,35366,Nicole Johnson,Chad32@gmail.com,6038970683
9379873,39508,Vincent Williams,Tammy3@gmail.com,5735714991
5320263,78706,Karen Johnson,Jason87@gmail.com,6561820175
9495794,97609,Andrea Chavez,Cristina52@gmail.com,5425345034
5794340,27249,Tammy Brown,Jason99@gmail.com,8750826421
1950744,88842,Mr. Matthew Daniel,Michael1@gmail.com,7857999368
7620400,99942,Nina Green,Barbara62@gmail.com,4452592564
1577357,80314,Blake Sandoval,Bianca73@gmail.com,2768260271
6903680,86051,Daniel Walker,Joseph26@gmail.com,3239639498
1033223,38742,Christopher Neal,Mary92@gmail.com,8293973644
4091959,95006,Monica Singh,Megan23@gmail.com,8331300841
8142204,61425,Steve Soto,Stephanie52@gmail.com,9043135775
6655150,44969,Scott Wolf,Ashley70@gmail.com,2220754065
5465214,94081,Luis Torres,Jeremy33@gmail.com,8840799649
2173477,21269,Jessica Johnson,Vanessa80@gmail.com,4635419728
7639140,22212,Miranda Price,Cindy19@gmail.com,1614627578
1268787,43154,John Moreno,Katrina65@gmail.com,2184594846
6172450,89061,Amber Orozco,Kevin98@gmail.com,2938730608
1003037,49998,Derek Brooks,James56@gmail.com,8281620770
9305166,92305,Joshua Perez,Jeffrey80@gmail.com,3607857619
7347184,40447,Anthony Sparks,Zachary48@gmail.com,3641179919
6805555,83610,Ashley Henderson,Nicole15@gmail.com,7840825776
3530978,89707,Samantha Small,Courtney98@gmail.com,6019168187
9281667,58786,Jason Moore,Wendy6@gmail.com,7680109126
6554151,80713,Raymond Price,Amy93@gmail.com,1982266236
3678897,87918,Jennifer Michael,Anthony98@gmail.com,9093320782
4427949,52232,Joseph Wells,Michael26@gmail.com,4168177774
9759891,95995,Dennis Reeves,Darlene56@gmail.com,9411348439
4781775,73335,Mary Parker,Eric45@gmail.com,4006618100
8303215,43589,Richard Lee,Lisa51@gmail.com,4778676705
3452250,52819,Kelsey King,Joseph45@gmail.com,7817657204
4200095,36463,Dalton Jackson,Evelyn89@gmail.com,8136012324
6926797,68113,Martin Peck,Toni76@gmail.com,9754926745
8194869,96073,Misty Wagner,Andrew84@gmail.com,1584589095
1913661,77048,Mr. Alex Salazar,Michael10@gmail.com,9678019655
4731516,94262,Carrie Mack,Bruce49@gmail.com,2232595147
3253958,92087,Ashley Schneider,Joseph17@gmail.com,6376884746
5935803,11626,Michelle Sparks,Amber85@gmail.com,9254940074
5395183,15706,Laura Edwards,Misty47@gmail.com,4175163509
5705079,29470,Nancy Lynch,Thomas56@gmail.com,3427021738
4812451,81270,Jillian Morton,Caroline88@gmail.com,4280191416
1323130,26402,Craig Jacobs,David12@gmail.com,2838435945
1787843,59651,Nancy Flores,John64@gmail.com,5938675722
8073999,92132,Jennifer Cannon,Charles12@gmail.com,3432034397
7262333,17130,John Bates,Maurice13@gmail.com,4012190002
6742809,59977,Stephen Reeves,Craig98@gmail.com,1880253598
8721272,50924,Cameron Young,Deborah82@gmail.com,6010095855
5223734,14185,Ronald Reid,Sara10@gmail.com,6047994567
7238211,61578,Gloria Miller,Daniel66@gmail.com,7316990895
2874120,26242,Christopher Fuller,Ryan73@gmail.com,9913364996
6357799,27022,Stephen Lee,Theodore98@gmail.com,8831216004
5533851,96451,Tina Orozco,Christopher26@gmail.com,3460422303
8568374,95677,Michelle Sherman,Daniel22@gmail.com,1113973017
1817331,82377,Michael Smith,Ricky65@gmail.com,4953749385
7579635,72979,Daniel Greer,Sarah43@gmail.com,7816418395
6395233,65238,Melissa Marquez,Heather95@gmail.com,8910204572
8161340,79609,Jacqueline Thompson,Peter32@gmail.com,4146348618
7932121,16159,Jimmy Steele,John66@gmail.com,2715913813
6385451,96998,Alison Patterson,Gary68@gmail.com,1023269653
4104450,10344,Lisa Arnold,Jennifer98@gmail.com,8797421004
3504340,43516,Kara Perez,Melissa37@gmail.com,5572545942
7960825,68835,Diane Knight,Tony79@gmail.com,8549956561
8274428,83845,James Olson,Brian57@gmail.com,7162679934
3775411,81645,Austin Garcia,Phillip25@gmail.com,6805164070
7576307,25601,Sandra Snyder,John80@gmail.com,1914856490
1065232,45239,Linda Wiley,Mary90@gmail.com,8325653271
5935882,96690,Eric Williams,George19@gmail.com,4098074157
4249249,41150,Sharon Foster,Kevin19@gmail.com,6784477301
6520512,74350,Troy Love,Briana17@gmail.com,5715852010
5619541,63338,Amber Morris,Caleb57@gmail.com,7006273421
4762322,73853,Amy Alvarez,Nicole11@gmail.com,3499385860
1492534,88658,Victoria Meyer,Randy37@gmail.com,3400962601
2283534,72108,Cynthia Robbins,Leslie29@gmail.com,4284451273
5073549,89907,Jennifer Myers,Martin47@gmail.com,5971713540
9880990,48859,Randall Giles,Paul51@gmail.com,7000146384
5039701,34701,Rebecca Martin,Tammy32@gmail.com,7454421779
5710237,91024,Victor Payne,Carl36@gmail.com,4713487384
7182309,53973,Christina Aguilar,Heather64@gmail.com,2655346441
9409412,60843,George Brooks,Catherine2@gmail.com,2354914713
2589138,72584,Elizabeth Richards,Michelle92@gmail.com,6061952342
1431971,65442,Christina Brown,Amber21@gmail.com,5962731713
7325149,56905,Charles Lopez,Stephen19@gmail.com,3989596150
5476285,47559,Jacqueline Sullivan,Alvin31@gmail.com,1273780287
3927823,34353,Mallory Mitchell,Karen70@gmail.com,1450934799
1501483,83065,Brenda Thomas,Alexander70@gmail.com,1663447780
6854068,89849,Daniel Miller,Kenneth40@gmail.com,5082492572
3142832,78136,Mikayla Turner,Jessica50@gmail.com,5405728103
5783966,53059,Shirley Watts,Charles29@gmail.com,8075820265
3689441,95570,Kevin Donaldson,Joanna78@gmail.com,9316267005
5463590,52277,Amber Moore,Jason44@gmail.com,5601100458
5267041,48282,Linda Garza,Matthew6@gmail.com,5117034011
3488620,29678,Joanna Jones,Cynthia9@gmail.com,4413855909
6389514,56096,Aaron Jacobson,Amanda40@gmail.com,2860779220
6266148,93963,Joseph Butler,Nancy58@gmail.com,7737394396
7129986,32958,Joseph Perry,Jessica38@gmail.com,3897256918
2664993,96061,Anna Zamora,Perry22@gmail.com,1919892738
6680167,43159,Angelica Mcdaniel,Scott18@gmail.com,3431504157
9672454,89942,Cory Guzman,Amanda79@gmail.com,2836170703
2724531,50912,Robert Bradford,Joshua77@gmail.com,2825329192
9453443,64520,Kathleen Baker,Emily7@gmail.com,9872258271
2149571,76622,Lauren Grant,Paige19@gmail.com,3663983176
9438520,15507,Melinda Soto,Stephanie30@gmail.com,2720827682
9265728,99642,Donald Cunningham,Melvin63@gmail.com,9978512036
5250174,49438,Jacqueline Wells,Emily72@gmail.com,7624725442
3136550,30929,Kenneth Macdonald,Cassie35@gmail.com,4472875219
7551084,72042,Karen Martinez,Sarah17@gmail.com,3890921180
9400661,60060,Mary Ramos,Alison55@gmail.com,9740051324
5070386,59201,Robert Patterson,James97@gmail.com,4990101147
9037291,26769,Heather Underwood,Nichole87@gmail.com,9553030198
6681131,81997,Sierra Duncan,Lori14@gmail.com,9375496990
9269537,67554,Jennifer Jones,Aaron14@gmail.com,5198825106
5438535,99891,Calvin Klein,Nathan72@gmail.com,1533886607
7377738,37019,Michele Mckay,Amy29@gmail.com,2226991555
6984081,64391,Allison Powell,Lisa84@gmail.com,1830206427
4198322,87187,Maria Leach,Jennifer98@gmail.com,4465911388
2457908,84527,Samuel Hardin,Jonathan72@gmail.com,9753317331
6350296,79459,Miranda Burke,William29@gmail.com,6991807555
1743602,83311,Jennifer Wilson,Sheila56@gmail.com,5790626932
6866160,65841,Tiffany Bailey,Teresa77@gmail.com,7984909779
1893008,15383,Nancy Mckinney,Hayden22@gmail.com,1139837390
9011458,11269,David Anderson,Jonathan1@gmail.com,1957601720
6379105,53384,Ronald Woodard,Scott11@gmail.com,2677166381
6013350,32142,Hannah Stewart,Phillip10@gmail.com,7324778832
7453003,31361,Teresa Chapman,Robert49@gmail.com,5067428661
8714034,55306,Dr. Jesus Curry,Ian92@gmail.com,9908743948
3943814,19510,Barbara Figueroa,Kimberly58@gmail.com,6216774634
1193100,55995,Kimberly Farley,William50@gmail.com,9137295676
4568227,92241,Michelle Watkins,James10@gmail.com,3233984898
3983770,70837,Randall Sims,Theodore41@gmail.com,5637749971
9205988,55132,John Wilkerson,Renee75@gmail.com,6786724669
9608141,64221,Julie Perez,Stephen51@gmail.com,5543124347
2905979,12240,Tina Martin,Joel40@gmail.com,4135995440
4132421,84916,Mr. William Salazar PhD,William18@gmail.com,9847632080
7010614,40949,Lauren Lee,James7@gmail.com,6116236346
7447089,68885,Daniel Smith,Sarah78@gmail.com,7690746432
3980010,38708,Michelle Davis,Julie33@gmail.com,8815953735
9249332,89104,Jody Kelly,Samantha68@gmail.com,4760845859
6540093,41750,Amy House,Danielle95@gmail.com,2219545542
2629458,18526,Alexander Oconnor,Robert73@gmail.com,7313642109
5470901,54596,Kim Gomez,Roger84@gmail.com,1604400037
5789336,28092,Amy Mills,Heidi22@gmail.com,1495169767
6667825,73460,Carol Jackson,Tiffany70@gmail.com,7065439451
6642188,35393,Marc Logan,Lori7@gmail.com,4125360549
8798481,33791,Stacey Bates,Jason74@gmail.com,3310925324
6179475,17479,Patricia Romero,Deborah97@gmail.com,3254058599
8642610,53487,Adam Thompson,Hector94@gmail.com,1305968190
2544281,26434,Melvin Stuart,Lisa71@gmail.com,1992104538
1531004,45622,Gabrielle Edwards,Amanda96@gmail.com,4834137877
9944867,78149,Savannah Harris,Patricia99@gmail.com,4083158228
6393848,13201,Samuel Mcdonald,John93@gmail.com,1254508096
7548168,80424,Mark Silva,Beth95@gmail.com,5951376250
5699183,97183,Sarah Bradley,Tiffany19@gmail.com,5782202442
8574549,24199,William Riley,Stacey94@gmail.com,6929320386
5058040,89282,Katherine Russo,Brian72@gmail.com,2602126100
9034586,12376,Jeanette White,Katrina46@gmail.com,4247878436
4541243,59917,Daniel Salazar,Noah34@gmail.com,9802007273
6298638,86212,Allison Pitts,Marissa72@gmail.com,9429122420
1823328,56630,Danielle Steele,Suzanne77@gmail.com,5520328864
6472984,49592,John Burns,Kristina39@gmail.com,3611030878
8695507,51929,Sarah Adams,Kendra3@gmail.com,2414971679
8894462,48302,David Thornton,Trevor47@gmail.com,4737792264
6713105,71723,Amy Gonzalez,Benjamin85@gmail.com,6664632492
9279646,36946,Tanya Cardenas,Kevin48@gmail.com,7639877216
1476476,16439,Jason Wade,Ronnie4@gmail.com,9426793305
6082440,77078,Molly Martin,Ariel44@gmail.com,3082309818
4587519,56157,Randy Trevino,Dawn95@gmail.com,8474506404
5178852,42122,Matthew Ray,Kellie82@gmail.com,7039600249
3497553,88555,Justin Daniels,Alexander36@gmail.com,1438701540
6759017,22251,Carrie Ferguson,Wayne28@gmail.com,8931573236
5690068,80804,Mark Preston,Brianna54@gmail.com,5467805034
9250920,95139,Jacqueline Miller,,9839756649
2902249,28509,Joseph Reed,Julie77@gmail.com,6140945542
5480762,76298,William Murray,Jacqueline90@gmail.com,2861929224
4203589,32480,Gary Marshall,Daniel46@gmail.com,1295424810
2597891,81724,William Edwards,Brett60@gmail.com,6828704508
9086635,50149,Joshua Lynn,Michael49@gmail.com,4594845239
1272930,20281,Sheila Brown,Mary90@gmail.com,7980904204
5720195,90183,David Garcia,William34@gmail.com,3665190573
2503907,74395,Robert Jones,Sandra17@gmail.com,3414213800
4508748,21081,Joseph Collins,Cynthia57@gmail.com,4514357615
8237584,20181,James Fernandez,Summer49@gmail.com,6281022329
7803586,13426,Mr. Johnny Mueller MD,Melissa25@gmail.com,1824393790
3810291,12513,Holly Smith,James37@gmail.com,8769986752
6127652,94703,Rachel Stout,Leah64@gmail.com,6384437579
1696024,40385,Dr. Lisa Dunlap,Julie91@gmail.com,8024277802
6526977,13262,Carl Krueger,Deborah23@gmail.com,8066633100
6477974,49324,Aaron Rivera,Chad44@gmail.com,7644564380
6945050,29662,Elizabeth Chapman,James96@gmail.com,6211652703
7029587,71525,Dr. Steve Miller,Lauren29@gmail.com,5812204618
4160122,26362,Christine Krueger,Michael80@gmail.com,4767486821
1348692,75962,Caleb Harrison,Rebecca13@gmail.com,7057169105
9893237,62083,Tina Wilson,Dale19@gmail.com,9440743721
5731969,45265,Maria Kennedy,Jamie85@gmail.com,8476190347
3624371,53678,Dr. Christine Roberts,Joel50@gmail.com,3640549998
3847103,92541,Jamie Fowler,Timothy4@gmail.com,8111513371
7495356,13810,Jacqueline Taylor,Lindsay56@gmail.com,9673613413
7954259,85966,Nathan Peterson,Kelli85@gmail.com,7034380322
1907268,70332,Billy Cortez,Kimberly10@gmail.com,4197400994
5696054,74954,Katrina Aguilar,Angela99@gmail.com,1624160951
8945017,86523,Connor James,Hailey52@gmail.com,4763619478
9304392,50814,Beth Hughes,Antonio51@gmail.com,7631056790
3222615,56242,Melissa Brown,Audrey98@gmail.com,4470861791
3086518,94739,Danielle Knight,Kendra60@gmail.com,7986136200
2023913,54339,Jorge Ramirez,Sharon24@gmail.com,1231845702
3485137,75137,Jeremiah Spencer,Courtney44@gmail.com,7386524142
2353182,21911,Shelby Williams,Danielle88@gmail.com,9807560195
1396896,21489,Randy Alvarez,Michele2@gmail.com,1552348413
2777187,24156,George Holmes,Alison8@gmail.com,2417267122
3025208,74954,Heather Knight,Katherine33@gmail.com,1939468483
5901745,92651,Shelly Ramirez,Jessica68@gmail.com,5583232748
3033576,23849,Clifford Burton,Stephanie23@gmail.com,3430096900
1554683,89293,Corey Acevedo,Mark30@gmail.com,2720587599
5047137,12427,Stephanie Lopez,Erika60@gmail.com,7402071547
7890748,82930,Anthony Smith,Kristen48@gmail.com,5159178392
1189922,92190,Kaitlin Mendoza,Nicholas22@gmail.com,2268773816
8739255,16465,Kelly Johnson,Madison4@gmail.com,6583830437
9915887,97114,Trevor Moore,Brenda23@gmail.com,8056471965
7736739,99383,Christina Reynolds,Kristin16@gmail.com,8016529493
4008585,15151,Barbara Mcconnell,Melissa46@gmail.com,5075815734
3765870,35022,Daniel Ramirez,Jacob42@gmail.com,7896637344
3244033,77426,Jason Johnson,Shawna8@gmail.com,1660945698
7914402,13981,Christina Martinez,Tanya36@gmail.com,4424130794
4979524,78965,Mr. Brian Woods,Christopher83@gmail.com,5316111677
4494322,91881,Mr. Carl Padilla,Todd87@gmail.com,6929824551
4891356,10091,Matthew Miller,Sheryl23@gmail.com,2162777826
8884447,21293,Maria Jimenez,Eric13@gmail.com,1859597848
7267299,13206,Shelly Peterson,Carolyn95@gmail.com,7050151644
9299850,35817,Kathleen Rodriguez,Carlos84@gmail.com,5139945176
5911715,81999,Mr. Kevin Cowan,Melissa53@gmail.com,6624464132
2583000,22334,Kathryn Mcneil,Kyle37@gmail.com,1836423769
9312299,28225,Kristen Cox,Shawn5@gmail.com,5652916384
9856450,85384,Claudia White DVM,Sharon28@gmail.com,9397728400
6178552,88041,Kristin Armstrong,Jacob52@gmail.com,2989529541
9483772,32876,Melanie Wolfe,Steven57@gmail.com,2932000819
9348768,75362,Cynthia Ramos,Brandon44@gmail.com,1734007271
4062161,43029,Erica Duncan,Travis77@gmail.com,3209959368
8922504,79396,Amy Perry,Patrick33@gmail.com,9163397332
6989258,13624,Mary Chandler,Tiffany4@gmail.com,8473871097
1416880,50952,Joseph Johnston,Terrance82@gmail.com,3775033484
4914271,39774,Mariah Stout,Kaitlyn56@gmail.com,9709122445
9522287,47967,Jessica Foster,Todd94@gmail.com,8347476610
9268716,64291,Adam Copeland,Jennifer74@gmail.com,1479711032
3318647,59623,William Robles,Christina92@gmail.com,8010133881
3808108,27791,Joseph Leach,Nichole36@gmail.com,3763682555
5215087,40139,Nancy Tanner,Alyssa61@gmail.com,5550202355
1816800,53211,Allison Gonzalez,Kristina48@gmail.com,8771188011
2148044,11806,Paige Braun,Christopher65@gmail.com,8838589909
2634129,79157,Danielle Campbell,Matthew79@gmail.com,7319937485
6456677,36915,Brian Stephenson,Lisa76@gmail.com,5984530521
2233557,16997,Patricia Melendez,Adrienne45@gmail.com,2378189661
7222183,77035,Brandon Murphy,Bianca26@gmail.com,9749499536
2996254,16809,Kara Sparks,Richard27@gmail.com,2786749208
9871832,83453,Angelica Little,Scott23@gmail.com,8133510458
1861563,90888,Donna Freeman,Benjamin68@gmail.com,7080227422
9904840,64205,Samuel Sloan,Wendy42@gmail.com,8930843913
6471801,64954,Linda Jordan,Karen8@gmail.com,1714872362
7379388,37471,Molly Lewis,Courtney89@gmail.com,8948030249
8677136,88001,Nicole Novak,Pam27@gmail.com,2704101637
5383534,17016,Dana Vasquez,Ashley71@gmail.com,2209567068
2520260,77140,Sarah Sharp,Michael49@gmail.com,8842521066
2097176,72994,John Lee,Jerome9@gmail.com,7506686955
,42747,Daniel Smith,Ashley88@gmail.com,8582474175
4709992,84759,Patrick Gill,Dominic71@gmail.com,8931966024
1372412,23912,William Dean,Bruce74@gmail.com,1330185473
6349538,75399,Adam Nash,Heather48@gmail.com,6154233093
6759114,52850,John Rich,Robert87@gmail.com,6935381083
5907996,11622,Andrew Harrison,Tracy63@gmail.com,5227414993
2036056,54771,Ernest Green,Kevin37@gmail.com,3674610351
1355132,79186,Brittany Moore,Arthur77@gmail.com,8718804677
6799667,95355,Justin Herrera,Andrea90@gmail.com,7090013668
6503390,11341,Terry Miller,Stephen57@gmail.com,7608356128
1622053,97562,Lori Roberts,Jose46@gmail.com,8533661288
7800441,80990,Tabitha Bryant,Kelly97@gmail.com,4213307129
4312095,68104,Trevor Hutchinson,Laura40@gmail.com,6470073364
4925972,29061,Ryan Griffin,Jessica48@gmail.com,7226386274
9732774,32703,Spencer Brown,Steven92@gmail.com,7338580685
5473139,52442,Dustin Hopkins,Melissa3@gmail.com,6381354367
5800749,68417,Timothy Berry,William83@gmail.com,2760349197
6308047,53016,Rebecca Bray,Carl80@gmail.com,8849632055
5778442,89856,Paul Brown,Omar60@gmail.com,2318151764
1109745,53297,Gregory Mcdonald,Amber38@gmail.com,6438783794
2717339,88746,Stephen Wilson,Timothy44@gmail.com,1755132812
7324212,99434,Monica Flynn,Charles69@gmail.com,8255931274
7110695,58828,Jorge Brown,Bryce12@gmail.com,7796288316
9818611,74028,Joseph Patterson,Steve63@gmail.com,8366420613
5800597,24112,Samuel Gross,Amanda9@gmail.com,3507844648
9995752,91513,Andrew Mack,Eric25@gmail.com,3824942971
8973177,69603,Dale White,Thomas22@gmail.com,1958911323
3895043,82522,Andrea Alexander,Paula79@gmail.com,6417173914
2408578,71010,James Singleton,Justin34@gmail.com,9092265443
5028009,57427,Dennis Brown,Austin14@gmail.com,1197668846
4053101,87705,Sarah Ruiz,James20@gmail.com,6035802714
4841439,75511,Megan Schmidt,Eric11@gmail.com,7732705215
1992864,33124,Diana Ferguson,Kevin20@gmail.com,8615235903
2272872,77084,Larry Phillips,Cory82@gmail.com,1034475432
9032108,12979,Vincent Frazier,Zachary64@gmail.com,5358667368
6728868,58808,James James,Lawrence27@gmail.com,8402829084
9429159,21683,Kelly Levine,Jonathan40@gmail.com,1352259102
6785041,10019,John King,Phillip99@gmail.com,9453265408
2075444,17506,Kari Evans,Patricia95@gmail.com,2384203371
4993238,13012,Megan Porter,Kathy28@gmail.com,4127492794
9416764,36808,Shawn Davis,Misty44@gmail.com,6399614234
8550381,98381,Tasha Armstrong,Keith71@gmail.com,7213937117
4778603,34794,Angela Williams,Jeremiah85@gmail.com,2088276540
8528571,52644,Donna Scott,John22@gmail.com,6874651786
2168283,34941,Thomas Jones,Stephanie96@gmail.com,8936987864
4411124,32130,Michelle Simmons,Richard20@gmail.com,2335728742
5263900,57171,Angela Smith,Julia72@gmail.com,6080086529
2490492,98761,Shane Davis,Morgan22@gmail.com,8038408365
7792292,94501,Jeffery Reynolds,Edwin82@gmail.com,9115964859
2208281,85388,Christian Walls,Joel64@gmail.com,1324728505
3220623,57751,Megan Rice,Bianca17@gmail.com,1230281059
9115442,80864,Claire Paul,Tracy26@gmail.com,4496608007
2877683,67581,Craig Peterson,Justin92@gmail.com,5512739171
5145702,90329,Jessica Brown,Kimberly64@gmail.com,7830177076
8620650,17098,Mindy Tanner,Elizabeth91@gmail.com,6488401836
9778862,99736,Justin Perez,Justin40@gmail.com,9513981627
7497207,84334,Derek Martin,Karen3@gmail.com,3316150455
4085856,53685,Tina Burns,Kevin15@gmail.com,5202966308
6370206,79208,Nathan Lopez,Donald58@gmail.com,1400076600
9987053,86439,Janet Gibson,John97@gmail.com,7744883346
7015513,51933,Charles Hayden,Bryce12@gmail.com,4258320381
4536812,83175,Gabriel Clark,Justin76@gmail.com,7392456221
5357279,27826,Joyce Griffin,Thomas2@gmail.com,6947182484
1805552,71440,Lauren Elliott,John54@gmail.com,5874128553
9016227,27527,Angela Johnson,Jessica18@gmail.com,6839766541
9942767,15490,Daniel Scott,Kim22@gmail.com,5896121258
9544821,49665,Bruce Ferguson,Amy60@gmail.com,3707242131
6733486,45323,Diana Anderson,Victoria90@gmail.com,6864798622
6321724,49585,Julian Welch,Steven85@gmail.com,5237833198
6053779,84943,Veronica Burke,Miguel91@gmail.com,3350697692
2195091,60027,William Clark,Daniel38@gmail.com,7127680132
3462988,24063,Jacob Simon,Miranda89@gmail.com,1903769357
1565597,95909,Roger Roberts,Lisa62@gmail.com,7275904838
5682913,88475,John Chambers,Eric48@gmail.com,9419054339
8172059,50101,Joshua Berry,Darryl34@gmail.com,8376425117
3091056,47578,William Hall,Melissa85@gmail.com,3806836484
6146482,10366,Tracey Wilkinson,Shirley79@gmail.com,2254841081
8707272,12854,Kristin Brown,Patricia84@gmail.com,4905796460
6487337,12715,Katherine Hansen,Aaron18@gmail.com,4479629536
9727749,50886,Steve Foster,Sandra56@gmail.com,4362999750
9264565,60006,Grant Brown,Kathleen99@gmail.com,2429603214
2575977,65490,Scott Garrison,Janice88@gmail.com,4155287798
7676097,67695,Emily Mercer,Jordan42@gmail.com,5333546929
1062236,33546,Jonathan Mccarty,Sylvia25@gmail.com,1364609567
5262538,56047,Amy Martinez,Andrea67@gmail.com,8105503119
7682621,38567,Jeremy Irwin,Robert8@gmail.com,4361349749
8938399,93385,Gregory Gonzales,Justin23@gmail.com,5496743806
1750502,34636,Joshua Fritz PhD,Haley25@gmail.com,3146646114
6413365,56946,Roger Goodwin,Amy25@gmail.com,1843040864
7902032,22713,Billy Jones,Nicole86@gmail.com,4041281248
7339607,38895,Robert Scott,Stacie3@gmail.com,1032599263
1654456,75749,Ricardo Solis,Daniel19@gmail.com,5253095545
4325257,78155,Allison Roberts MD,Larry25@gmail.com,7195992704
4590808,60727,Elizabeth Myers,Teresa43@gmail.com,6084796680
3406349,99525,Joseph Daniels,Jonathan92@gmail.com,3926819154
5350099,61750,Penny Lin,Kathleen17@gmail.com,5565731345
8947436,41604,Jennifer Bartlett,Joshua94@gmail.com,7632419816
4649769,77893,Mrs. Karen Watts,Evan88@gmail.com,6555814350
5156490,46642,Chase Park,Erica26@gmail.com,8412723276
5944655,59215,Teresa Guzman,Eric50@gmail.com,6109731628
4708515,98658,Sara Anderson,Jeremy96@gmail.com,9245784065
1545773,75348,Audrey Allison,Samantha8@gmail.com,5820319286
5490215,65058,Dr. Jeffrey Zimmerman,Mark94@gmail.com,5885507065
4223159,99617,Glenn Madden,Nicole83@gmail.com,8070351815
8471933,96121,Lisa Frazier,Ronald4@gmail.com,4711594766
3066558,39470,Raymond Butler,Robert21@gmail.com,2162735366
5682140,26186,Lisa Rivera,Sarah27@gmail.com,4505273219
5175412,40643,David Hopkins,Micheal91@gmail.com,9952682762
8492968,14803,Connor Cox,Lance63@gmail.com,8315672138
4094991,85615,Brandon Dyer,Rebecca58@gmail.com,5743823294
6553648,68299,William Ballard,Russell61@gmail.com,1866766406
3580323,20932,David Willis,Michele63@gmail.com,8835150637
8243713,80238,Robyn Roy,Nathan34@gmail.com,9340173088
5708537,55324,Julia Maldonado,Annette1@gmail.com,1653797195
7938507,65249,Jocelyn Marshall,Cody54@gmail.com,7149905913
9282169,54025,Kelly Mcfarland,Joshua71@gmail.com,7764136117
4536672,16082,Julie Cooper,Haley88@gmail.com,7732763962
4208149,39690,Julia Gordon,Karen44@gmail.com,1781766663
7093912,55579,Wanda Irwin,Adam25@gmail.com,7945161875
4812790,64043,Lindsay Morris,Pamela81@gmail.com,5571820644
8146579,14382,Timothy Harris,Miranda53@gmail.com,4878209812
8645829,49988,Richard Marks,Robert63@gmail.com,8688149839
2672335,52204,Jennifer Bradshaw,Benjamin58@gmail.com,3034164902
6582674,98854,Marilyn Hinton,Margaret5@gmail.com,2506555173
1173276,79995,Michael Graham,Danielle2@gmail.com,9845173384
6837145,92795,Pamela Silva,Christine75@gmail.com,4895411864
7789825,69750,Anna Wright,John59@gmail.com,6730242742
8337104,20199,Sean Simmons,Edwin69@gmail.com,9586427503
5008379,65311,Eugene Jenkins,Erin66@gmail.com,2715345796
8583996,53853,Ryan Marks,Erin85@gmail.com,8628417385
4385663,60119,James Mcbride,Julia21@gmail.com,6281358724
1319748,83554,Kathryn Robbins,Donna12@gmail.com,8011058330
1249309,36576,Jacqueline Mason,Michael54@gmail.com,2235590060
6626426,12027,Melanie Nguyen,Daniel69@gmail.com,3896255547
1641014,60035,Paul Preston,Erica54@gmail.com,6508730346
9584395,98620,Elaine Anderson,Amanda2@gmail.com,8873948263
3753029,76411,Brandi Lopez,Aaron57@gmail.com,1038729288
4262196,99565,Barry Jimenez,Alexis38@gmail.com,1123403207
8624200,79428,John Williams,Maria55@gmail.com,2857855962
7684000,15572,Sarah Evans,Katherine68@gmail.com,4005447203
2199209,55709,Warren Strickland,Steven82@gmail.com,4858599279
9824840,99026,Dennis Fox,Richard96@gmail.com,7730138872
6855507,36915,Chelsea Meyer,Andres42@gmail.com,2316791379
6591901,34452,Heather Molina,Stephanie60@gmail.com,6451497216
1342498,97445,Vanessa Tate,Cindy65@gmail.com,8565578160
8663028,93253,Angelica Wright,Morgan12@gmail.com,3310767953
7323723,57972,Kathryn Rush,Molly44@gmail.com,1589361242
7679985,26294,Linda Wood,Theresa69@gmail.com,5627737382
3003094,64221,Janice Diaz,Richard48@gmail.com,9314870576
5119618,30718,Andrea Larsen,Louis79@gmail.com,3181000273
9097360,37979,Nicholas Hall,Veronica11@gmail.com,7970799627
9140063,73283,John Wilson Jr.,Michelle24@gmail.com,4585069763
9813151,60079,David Fletcher,Rick44@gmail.com,5599484036
5077927,42405,Melvin Lee,Daniel9@gmail.com,7095529548
,52484,Joseph Clarke,Rodney77@gmail.com,2865819933
8715058,62572,Benjamin Edwards,Diane47@gmail.com,4498063183
5121225,74810,Tommy Alexander,Kristen62@gmail.com,5016892747
5032905,32060,Jeffrey Hart,Jacob98@gmail.com,2409825298
6632040,60758,Jonathan Thompson,Kimberly46@gmail.com,1821343639
3446719,35606,Karen Douglas,Victoria41@gmail.com,5102199499
1491421,83556,Dr. Keith Hopkins,Stephanie43@gmail.com,6173948100
9682666,53082,Cynthia Mcbride,Ronald59@gmail.com,3388862461
7662231,96395,Gregory Vega,Jessica62@gmail.com,2418880571
1927117,97205,Dr. Samantha Perez MD,Ashley4@gmail.com,2833215972
2567002,91437,Andrew Williams,Michael39@gmail.com,1991086482
7185722,24748,Tim Moore,Kimberly5@gmail.com,8212840242
6555378,16679,Mathew Taylor,Amber23@gmail.com,5443561904
1342591,43523,Dylan Braun,Keith74@gmail.com,1652936676
8158060,22765,Elizabeth Knox,Alan84@gmail.com,2938300674
2912288,82691,Timothy Rogers,Laura9@gmail.com,4670931061
1820100,47552,Andrea Reed,Alyssa6@gmail.com,9649735291
9861396,73298,Sandra Wade,Amy25@gmail.com,1794573959
8900242,18970,Claire Bird,Amanda5@gmail.com,7729582508
6656058,86542,Ashley Flores,Joseph45@gmail.com,7331420131
5165251,39150,April Ellis MD,Laurie96@gmail.com,2903626321
8451808,78535,Tara Ward,Michael35@gmail.com,9434169047
6858915,36955,Alejandra Kirby,Andrea87@gmail.com,6231110115
9089144,24426,Ricky Riddle,Melissa38@gmail.com,2089736000
9025956,24700,Sheila Cunningham,Sheila84@gmail.com,7857422626
2442450,83327,Jason Barnett,Jeffrey20@gmail.com,8943433717
8288081,54385,William Smith,Leslie48@gmail.com,3391979436
8347235,28871,Benjamin Combs,Emily73@gmail.com,4251704197
3649758,56163,Steven Carpenter,Heather37@gmail.com,2324207963
8273780,98065,Alexandria Carter,Valerie60@gmail.com,7301651322
4075711,27329,Justin Ortiz,Mary95@gmail.com,9136841387
3119057,63919,Christina Hall,Jacob10@gmail.com,9856569011
6737946,95195,Pamela Branch,Paul94@gmail.com,3885523546
1586185,32943,Samantha Scott,Ronnie12@gmail.com,2116610275
5043650,63565,Janice Hines,Heather21@gmail.com,9301586359
4629650,90228,Jeffrey Jones,Lindsay98@gmail.com,1140251285
7986677,35330,Carol Stephens,Jimmy32@gmail.com,2076784078
5847231,23450,Andre Patterson,Maria91@gmail.com,2489127024
6568322,91546,Olivia Frank,Amanda69@gmail.com,9590519668
3067023,17553,Peter Herrera,Angela96@gmail.com,1892189046
4649125,87283,Michael Hernandez,Robin86@gmail.com,4323004379
4380052,94103,Emily Rhodes,Madison81@gmail.com,7055339559
2447188,71102,Roberto Williams MD,Daniel44@gmail.com,5685724010
7869313,27047,James Mclean,Robert74@gmail.com,3519286553
8372075,79571,Roberto Stein,Justin38@gmail.com,3184050493
4790086,36323,Sierra Kelly,Stacy48@gmail.com,1958747108
6096546,67898,Aaron Murray,John6@gmail.com,7452853469
5241861,84032,Rachel Bartlett,Barbara44@gmail.com,8321335933
7967674,17350,Douglas Sullivan,Brianna36@gmail.com,5595126993
7376971,59434,Gerald Young,Sarah83@gmail.com,6455405682
7372423,57205,Stephen Duncan,Megan69@gmail.com,1272575284
8767615,84344,Aaron Smith,Mary25@gmail.com,3249363322
4683293,79345,Alexander Cooper,Rodney60@gmail.com,2669610227
8400857,87633,Anna Smith,Matthew23@gmail.com,8340489148
3118439,33021,Jeffrey Shields,Tracy40@gmail.com,1210761210
2522881,18324,Christopher Santiago,Steven83@gmail.com,1366204647
4078342,50538,Sarah Holland,Renee76@gmail.com,3020404395
8868647,44502,Jennifer Orr,William75@gmail.com,5868914249
7661722,50231,Penny Frazier,Marcus66@gmail.com,9823130643
2700779,73966,Ashley Mccormick,Katherine54@gmail.com,2664287829
8878452,28871,Dylan Hernandez,Ronald45@gmail.com,3502302505
2921222,33188,Brandy Kim,Jesus69@gmail.com,7297121352
4056330,10778,Suzanne Norton,Holly45@gmail.com,3567448151
8346036,56594,Lisa Velazquez,Kimberly73@gmail.com,5338711017
5780069,54186,Sherry Gonzalez,Lauren7@gmail.com,4349312335
2965747,32091,Nicole Hall,Joseph47@gmail.com,3037448760
3665397,67796,Tracy Wagner,Jose97@gmail.com,7870394885
1975585,66054,Jonathan Hale,Kim45@gmail.com,7883846779
5177517,98209,John Williams,Mark69@gmail.com,7442259287
6213473,46537,Robert Palmer,Eric94@gmail.com,8836850154
3163410,95323,Felicia Mccormick,Jacqueline8@gmail.com,4919318512
2147022,29873,Edward Ruiz,Anthony85@gmail.com,6307545906
2518622,70505,George Randolph,Jessica88@gmail.com,8359815868
7999914,92117,Richard Carter,Amy7@gmail.com,2569254458
8314301,83730,Kathryn Snyder,Carol69@gmail.com,4938267776
2969903,59583,Tiffany Leon,Marcia51@gmail.com,6357276296
4849494,64293,Ronald Hoffman,Devon22@gmail.com,7637502360
4088941,30310,John Davis,Theresa58@gmail.com,9703294892
6840885,61570,Kristi James,David18@gmail.com,3935782294
7384473,90776,Isaac Manning,Sarah25@gmail.com,3916170407
4123181,52699,Carrie Poole,Laura28@gmail.com,1256504763
4916063,88569,Elizabeth Gutierrez,Katrina8@gmail.com,7747473575
3209831,61046,Jeff Wolfe,Mark25@gmail.com,3179280051
4597429,54178,Lynn Cooper,Antonio53@gmail.com,8197561544
1674164,70354,Joseph Guerra,Diana2@gmail.com,3560992444
4261630,48450,Beth Combs,Jacqueline7@gmail.com,8358246652
3423576,47400,Sabrina Garcia,John44@gmail.com,8477369150
6773187,65701,Daniel Perkins,Jeffrey77@gmail.com,6464737460
5636029,41794,Helen Jones,Matthew2@gmail.com,9335252360
8212601,67246,Tyler Cunningham,Christopher54@gmail.com,2793965479
5859405,93901,Ashley Barnes,Caleb32@gmail.com,3688113048
4797791,64617,Sean Morris,Steven14@gmail.com,6997323192
4701147,60542,Mrs. Rebecca Burke,Darrell79@gmail.com,7960942945
5104178,70700,Matthew Johnston,Erin7@gmail.com,6309409214
2537213,76821,Karen Arias,Matthew47@gmail.com,1093377508
3352240,66852,Emily Nunez,Roberto36@gmail.com,9580749724
9445986,99422,Anthony Blair,William14@gmail.com,2478899228
5074217,59283,Charlotte Cox,Holly38@gmail.com,4918337392
4738703,40949,David Reeves,Robert3@gmail.com,3222999530
5598659,47487,Megan Bryant,John84@gmail.com,7167904821
6387517,90094,Robert Davidson,Juan44@gmail.com,9912489479
1464057,96367,Michael Wise,Thomas82@gmail.com,3813383596
3372932,23578,Dennis Leonard,Tiffany58@gmail.com,9314120224
2755337,90547,Angela Turner,Michelle92@gmail.com,8120857418
1484343,56203,Alyssa Mcdowell,Brittany65@gmail.com,9850190841
3217485,60289,Diana Wolfe,Darren12@gmail.com,7895384613
5774371,89243,Micheal Robinson,Martha88@gmail.com,7077482927
4268223,11060,Andre Ross,Rachel76@gmail.com,2566646682
9945304,74518,Penny Russell,Kevin32@gmail.com,7432562342
4359141,68482,Andrew Strickland,Angela44@gmail.com,6755951475
7353868,35072,Mr. Wayne Daniels,Jose86@gmail.com,8877592945
2122670,94650,Jane Fletcher,Adrian12@gmail.com,4499399908
8485486,90982,Jennifer Harrell,Robert35@gmail.com,7217901246
2862266,69214,Mark Hammond,John63@gmail.com,3784764415
4275781,92242,Benjamin Lee,Charles20@gmail.com,2459929694
9131766,98178,Pamela Rojas,Maria78@gmail.com,7591680840
2318554,45012,Bradley Potter,Joseph98@gmail.com,8329945204
4880155,21584,Monique Smith,Christopher51@gmail.com,3334019454
7552791,66318,Juan Sutton,Nicole15@gmail.com,8148098664
1230162,89511,Daniel Sanders,Amanda70@gmail.com,6824211500
2255084,95926,Jeffery Brown,Dennis51@gmail.com,1292865839
9094483,73582,Lisa Pierce,Alexa37@gmail.com,4519509211
2064214,74173,Gina Vargas,Dillon47@gmail.com,1341572753
9361112,78848,Thomas Hart,Amy4@gmail.com,5718287155
2557907,82922,Katherine Novak,Gerald23@gmail.com,1440690501
3946552,25334,Gabriella Santos,Daniel42@gmail.com,1795303613
7996763,94669,Charles Williams,Manuel49@gmail.com,2916675029
3883139,36189,Michael Patton,Douglas70@gmail.com,7846527634
9288121,65076,Jill Saunders,Brian43@gmail.com,3083217827
5111794,83114,Tammy Moody,Jose30@gmail.com,3886753936
5829921,79163,Carol Malone,Cindy9@gmail.com,4926272386
1204379,81992,Tammy Ellis,Kimberly44@gmail.com,7728916395
6559839,20073,John Mullins,Sandra29@gmail.com,4019924970
1118592,27076,Teresa Cain,Adrienne50@gmail.com,9462336752
2761469,18941,Tony Cox,Sylvia34@gmail.com,1007998874
2031563,46647,Tiffany Hernandez,Nicole32@gmail.com,7845944598
7160747,38972,Theresa Ray,Diana8@gmail.com,2510705284
6038095,97514,Benjamin Burke,Sarah61@gmail.com,2318222954
9081333,23434,Ryan Jackson,Paul6@gmail.com,2808388961
7600333,43732,Laura Jackson,Chelsea7@gmail.com,4822489000
8025971,82935,Michelle Hanson,Jeffery86@gmail.com,4321493025
8423270,28278,Ashlee Murillo,Kevin60@gmail.com,4610699989
2562028,75230,Jamie Bullock,Shelby62@gmail.com,5691537537
5221277,16647,Preston Thompson,Molly94@gmail.com,3996747702
5893040,63048,Todd Frank,Michele50@gmail.com,4882930803
5669002,18908,Timothy Walton,Angel26@gmail.com,4232838334
5603047,11543,Kara Horne,Jessica55@gmail.com,8358498097
3019989,45265,Tina Gonzalez,Bailey4@gmail.com,9252425722
9795827,51304,Charles Mitchell,Annette15@gmail.com,1504392153
9890715,53474,Emily Singleton,Jason69@gmail.com,9220526848
9725293,82521,Lucas Gonzalez,Julia99@gmail.com,6421010090
1140495,45870,Charles Jackson,Paul55@gmail.com,7511978559
9640233,80832,Shawn Keller,Elizabeth100@gmail.com,3444779846
6653414,88564,Theresa Frost,Wendy41@gmail.com,3878411708
7765523,29861,Deanna Gonzales,Jennifer72@gmail.com,7526460625
1915381,90269,Randy Leonard,James22@gmail.com,6809317876
4465299,82883,Laura Parrish,Olivia63@gmail.com,4343111608
2073966,28370,Theresa Griffin,Shawna9@gmail.com,7040588134
5232060,61372,Erica Mendoza,Jessica59@gmail.com,1943484822
9608296,41033,Scott Shea,James14@gmail.com,6205772948
2320317,49001,Wendy Rodriguez,Heidi41@gmail.com,2955139145
9908237,87632,Christy Brown,Andrew94@gmail.com,1578497735
9768994,99586,Charles Wiley,Alicia24@gmail.com,8638747690
9522976,30605,Michael James,Maurice44@gmail.com,2231202703
2893055,42938,Curtis Johnson,Terrance80@gmail.com,1688475545
6504173,96181,Elizabeth Gilbert,Kevin26@gmail.com,4394903828
2624412,34988,Bryan Morgan,Joshua39@gmail.com,8474223727
5227004,51097,Antonio Wood,Erica15@gmail.com,2031382445
7720627,64171,Erin Miller,Lisa63@gmail.com,7356366477
5851150,67220,Jeremy Williams,Sarah22@gmail.com,1460215298
5965510,76939,Caroline Wilson,Lisa4@gmail.com,7542363164
4372252,50204,Michelle Ramirez,Stefanie39@gmail.com,3663266546
2643926,37479,Carla Grant,Edward4@gmail.com,2237596934
3069365,70199,Sydney Phillips,Nathaniel92@gmail.com,4206306900
8013593,31623,Dean Reynolds,Shelley65@gmail.com,4391742691
7382652,30893,Dustin Mullins,John73@gmail.com,2028023759
4140791,47861,Shannon Fields,Tom87@gmail.com,4894840194
6053067,40870,James Tran,Thomas34@gmail.com,8492081634
8181625,72126,Amanda Leblanc,Michael5@gmail.com,6791446695
8477318,56173,Steven Silva,Joseph63@gmail.com,2136711120
9396140,61023,Nicole Johnson,Jonathan11@gmail.com,6514384496
6124111,36025,Sara Sanchez,Holly39@gmail.com,3293964998
9816454,80300,Tracy Anderson,Sarah34@gmail.com,4522380789
7222043,62884,Matthew Mcmillan,Lauren57@gmail.com,4864424346
5289526,90973,Wesley Summers,Tracy33@gmail.com,1881057158
1450733,78119,Hunter Burton,Nancy51@gmail.com,1303191635
9622689,49275,Daisy Anderson,Heidi81@gmail.com,3272371314
2195256,85037,Todd Howell,Gina33@gmail.com,
8364760,89325,Lisa Haas,Karen63@gmail.com,2243288452
6917621,71423,Katherine Dean,Makayla100@gmail.com,4187629396
7455659,43927,Ian Hicks,Laurie72@gmail.com,2865451187
8847800,46550,Jerry Simpson,Tina18@gmail.com,9709682303
6457629,64222,Sherri Molina,James96@gmail.com,3588101130
5045587,63908,Kayla Hansen,Brett15@gmail.com,9964639796
6005733,27718,Anne Myers,Daniel91@gmail.com,4931301261
4964595,42180,Rachael Brewer,Stacy91@gmail.com,4880336334
6039422,11814,Paul Weaver,Stephen9@gmail.com,6095882919
2494353,63829,Jonathan Peterson,Ronald13@gmail.com,4519348401
5259937,15497,Joyce Marsh,Carl19@gmail.com,1410692327
6570355,98584,Erin Brewer,Jessica40@gmail.com,4058801344
1691174,57181,Ronald Roberson,Lori87@gmail.com,5202668917
2534068,84376,Heather Reynolds,Jorge38@gmail.com,9040612439
7177379,89473,Brian Carter,Kevin91@gmail.com,5938099196
5804118,60655,Charles Crawford,Jessica61@gmail.com,4376942354
6454628,98624,Susan Miller,Dillon94@gmail.com,5436624677
8535359,66584,Traci King,Dawn63@gmail.com,3880956902
8640210,85900,Timothy Martin,Martin77@gmail.com,9242022433
8623204,86998,Gregory Perez,John39@gmail.com,8920704661
6266617,79962,Hailey May,Tiffany28@gmail.com,1469667315
7176556,17611,Shane Stevens,Jeffrey38@gmail.com,1386216565
8325985,41892,Michael Green,Desiree67@gmail.com,9147534464
3347330,67458,Jerry House,Brendan71@gmail.com,6786124346
4192321,34137,Aaron Dunn,Katherine11@gmail.com,3636058506
9308077,42324,Danielle Miles,Robert29@gmail.com,2038329101
9247736,60058,Tracy Carter,Micheal32@gmail.com,4405236079
9701341,97769,Daniel Conner,Kim89@gmail.com,3970372052
3070760,80807,Sandra White,Seth58@gmail.com,9504501919
1578281,56394,Susan Hernandez,James75@gmail.com,4000918444
9429721,91488,Regina Horne,Richard80@gmail.com,3118595060
2352579,39142,Derek Baird,Allen91@gmail.com,4685697362
7714117,23187,Mr. Vincent Watkins,Daniel74@gmail.com,6088421185
6049212,84093,Stephanie Nelson,Douglas59@gmail.com,9156564778
4652731,44533,Lisa Hicks,Adriana76@gmail.com,8725927908
6545904,92996,Christy Medina,Charles23@gmail.com,1308690092
4939357,35860,Joshua Gay,Angela9@gmail.com,5675322274
1164450,92180,Nina Brown,Jasmine87@gmail.com,1280744769
6279477,14403,Michael Thompson,Jessica19@gmail.com,8587453971
5539716,34969,Rachel Hall,Denise67@gmail.com,2383180954
9793458,21105,Michael Mendoza,Laura27@gmail.com,1631348894
7034170,56139,Matthew Webb,Brianna59@gmail.com,7543059431
3944503,88890,Paul Adams,Christopher92@gmail.com,1438496478
5080968,10246,Kristen Myers,James62@gmail.com,7925418261
6228769,55585,Brittany Rogers,Krystal20@gmail.com,6612197198
8355421,95146,Danielle Pope,Cory66@gmail.com,9316446271
1701304,10403,Olivia Patel,Paige68@gmail.com,8681937110
9484100,60154,Max Diaz,Michael46@gmail.com,2324776379
3123103,45940,,Natalie62@gmail.com,7059169045
2573680,46762,Donald Smith,Daniel25@gmail.com,9742068842
3838682,31340,Madison Little,Katherine86@gmail.com,4588000273
4140056,20873,Melissa Cochran,William46@gmail.com,6835436217
3769657,19129,Julia Mitchell,Lori12@gmail.com,2276217785
4827595,20519,Nicholas Logan,Jeffery12@gmail.com,4092353383
5978292,64213,Denise Bennett,Steven21@gmail.com,7296732315
9769424,75207,Elizabeth Sloan,Scott20@gmail.com,3362402996
7832204,13730,John Jones,Bernard15@gmail.com,7700936667
8396006,75824,Jane Kane,Joe33@gmail.com,5752481921
6946896,98409,Michael Payne,Michelle79@gmail.com,9656998620
3135417,77863,Julie Salinas,Robin8@gmail.com,2930407111
6476424,24542,Matthew Palmer,Charles75@gmail.com,6411048980
2387747,91657,Paige Bailey,Donald75@gmail.com,8015734881
1856498,77610,Bridget Edwards,Jonathan5@gmail.com,8639372818
9483506,90346,Caleb Taylor,Vincent70@gmail.com,2634596905
9289874,89413,Joseph Terrell,Anna9@gmail.com,1228564022
2178780,40658,Amanda Castro,Darryl10@gmail.com,5659467333
1405533,31242,Brett Simmons,Shawn79@gmail.com,1760864434
4833707,36604,Benjamin Salas,Christopher31@gmail.com,1910307343
7246378,72781,Tammy Phillips,Jonathan10@gmail.com,4113614448
4464438,93540,Patricia Johnson,Michael67@gmail.com,2517649452
2735409,61146,Paul Walker,Lisa60@gmail.com,9655489407
8286895,62818,Benjamin Potter,Michele41@gmail.com,6460958699
1282107,46623,Miguel Lewis,Kenneth53@gmail.com,3150346917
4703961,88384,Scott Alvarado,Derek2@gmail.com,8197962821
1828132,93550,Cynthia Green,Bridget33@gmail.com,3066627359
8201122,41951,Renee Tyler,Holly41@gmail.com,6723662918
3124641,69279,Ashley Green,David83@gmail.com,6829622938
3547229,19975,Sandra Perez,Holly26@gmail.com,2137224946
8658290,85665,Bradley Nelson,Brian53@gmail.com,1940107712
4461908,84345,Daniel Harris,Katherine40@gmail.com,8861886067
7746784,61591,Christopher Cannon,Christopher34@gmail.com,2069362237
1260628,92035,Lisa Young,Jody44@gmail.com,9995297621
2092136,13359,Justin Robinson,James59@gmail.com,4534191649
4748906,33965,Tracy Mcmahon,Mark84@gmail.com,4298101726
9151174,69059,Christopher Lewis,Steven70@gmail.com,2571918929
9294614,48829,Angela Le,Jillian58@gmail.com,9745751905
8856748,74828,Kevin Wang,Jennifer64@gmail.com,1144090453
5543564,16875,Erin Martinez,Ashley75@gmail.com,1718009993
6552873,98657,Travis Brown,David77@gmail.com,1956739771
5710826,63112,Michael Rivera,Benjamin80@gmail.com,4561031956
4147725,98055,Jared Payne,William66@gmail.com,8370615101
7334291,67859,Shannon Turner,Jason31@gmail.com,2389579336
5261203,74084,Erik Marshall,Ryan50@gmail.com,5542258783
8289670,47229,Frank Johnson,Charles20@gmail.com,1716137237
1355011,24559,George Huffman,Laura26@gmail.com,6262812580
3462867,38541,Susan Hunter,Ashley89@gmail.com,6080786344
5660200,11736,Rachael Molina,Brian19@gmail.com,8002931620
9520634,73283,Carol Andrews,Ryan59@gmail.com,3775566467
6971325,10685,Anne Francis,Shannon58@gmail.com,6843179057
4642102,93773,Hunter Patterson,Ashley29@gmail.com,1795048496
4875555,13186,Frederick Smith,Ethan40@gmail.com,7048464236
1907543,88830,Robert Kane,Christopher80@gmail.com,5963164699
2775053,20143,Robert Phillips,Lindsay58@gmail.com,7299607111
3373349,78427,Joseph Skinner,Jennifer56@gmail.com,2796691789
1946482,18659,Rose Clark,Vincent85@gmail.com,7163689968
5917497,50753,Laurie Miller,Courtney71@gmail.com,5004817195
2690605,45822,Samuel Clark DDS,Isabel29@gmail.com,1407948753
5223712,59308,Nicholas Wood,Nicholas82@gmail.com,4841958527
5827024,71354,Aaron Joseph,Brianna50@gmail.com,8258940759
4626421,19449,Jessica Martinez,Diane68@gmail.com,9962683767
3823863,84488,Daniel Watson,Yolanda23@gmail.com,7554465462
9620830,83264,Andrew White,William81@gmail.com,4855151919
7286064,79801,Jesse Calderon,Melinda12@gmail.com,9943707241
8069435,34954,Eileen Sandoval,Richard18@gmail.com,3460083788
1020814,94867,Christopher Nelson,Kelli45@gmail.com,4949624991
1144671,42869,Daniel Gonzalez,Casey37@gmail.com,8034527223
2038705,19935,Christopher Johnson,Kathy76@gmail.com,3603423576
9560403,49579,James Rodriguez,Alexander27@gmail.com,1489025879
3357760,55289,Wendy Ross,Grant96@gmail.com,7352052631
7820726,41693,Jessica Guerra,Joseph70@gmail.com,7600152738
2671142,61642,Bryan King,Justin20@gmail.com,9121739797
7574217,37792,Barry Chapman,Allison77@gmail.com,1332734672
2940677,16879,Matthew Barber,Anthony67@gmail.com,8527495146
1726646,79197,Diana Jackson,Connie14@gmail.com,7218223052
7913160,55776,Amanda Lawson,Amanda89@gmail.com,7505534617
3991481,50288,Nicole Fernandez,Brooke97@gmail.com,9482969257
9791848,36741,Holly Stephens,Jamie89@gmail.com,3138034710
5407046,88011,Ashley Montoya,Julia100@gmail.com,4096678460
9687136,88778,Alyssa Kelley,Karen70@gmail.com,5760356901
5880712,12279,Shannon Harrell DDS,Carolyn84@gmail.com,3752354324
8065138,30949,Jesse Maxwell,Shannon69@gmail.com,3488077152
8758209,57286,Taylor Hensley,Taylor57@gmail.com,5579848339
1841580,36828,Timothy Sawyer,Justin96@gmail.com,3240083474
4551051,17226,Daniel Williams,Brian8@gmail.com,7351492345
2130898,76589,Alexander White,Linda53@gmail.com,7859510357
4637711,11186,Colleen Chaney,Edward29@gmail.com,5978340725
4211030,15096,Ivan Harris,Todd76@gmail.com,6539608870
2151880,57500,Austin Baldwin,Carol79@gmail.com,2080004551
5355326,52657,Anne Odom,David85@gmail.com,1554879951
3978177,63142,Christopher Roberson,Carmen74@gmail.com,2088762791
7669878,82863,Alexandria Lopez,Elizabeth28@gmail.com,6099799323
7761344,64440,Nina Salas,Anthony17@gmail.com,3257455766
4686683,59354,Blake Anderson,Sherry59@gmail.com,9447948789
9147200,26309,Jose Parks,Jay88@gmail.com,4421535535
8322383,67090,David Rasmussen,David24@gmail.com,6696140121
1793474,69240,Omar Matthews,Louis75@gmail.com,4394522261
5578620,52879,Cynthia Ward,Jessica1@gmail.com,8502324150
6313237,94332,Brooke Hayes,John58@gmail.com,3966852634
2785892,67954,Brenda Morales,Stephen83@gmail.com,2502739076
1356683,93434,Caitlin Rivera,Jason2@gmail.com,8335945850
6895025,90617,Kaitlyn Pruitt,Lynn70@gmail.com,3920683485
2022874,36132,William Jackson,Bryan77@gmail.com,6662811713
6397587,50408,Michelle Harrison,Nathaniel36@gmail.com,8283740491
2568057,80642,Krystal Gibson,Raymond44@gmail.com,5221412548
4131197,45756,Stephen Griffith,Patrick6@gmail.com,5805611609
5309221,61823,Yolanda West,Miguel18@gmail.com,9574761756
8699106,98298,Anthony Ward,Christine97@gmail.com,8948338911
7826376,48877,Jamie Brown,Leslie48@gmail.com,3507078053
6409232,70991,Richard Johnson,Cynthia22@gmail.com,7510379191
4233971,22385,Carl Ramirez,Elizabeth6@gmail.com,3444568701
7488804,91842,John Davidson,Jonathan6@gmail.com,1877935960
6038386,47186,Christine Wood,Eric92@gmail.com,6687974380
3352866,29504,Lori Cobb,Brian62@gmail.com,4702000536
1354187,17571,Rebecca Hardy,Donald89@gmail.com,7035899667
2451998,97672,Kevin Brandt,Michael86@gmail.com,5841661338
7092009,50455,Christine Klein,James47@gmail.com,7288513899
1206912,24056,Elizabeth Mckenzie,James85@gmail.com,4492905992
1943439,88142,Brett Burch,Reginald37@gmail.com,3574256059
3089514,96607,Jennifer Cook,Lauren5@gmail.com,3777536900
3528105,40888,Paula Johnson,Jessica89@gmail.com,7393883554
6339665,73907,Robert Morales,Grace41@gmail.com,6548342766
8843915,99478,Danielle Yoder,Tammy6@gmail.com,3269446166
9429324,20513,Dr. Marie Hernandez,Jerome74@gmail.com,3813014592
7739578,57740,Brittany Henry,Katherine69@gmail.com,1537207948
3703313,98108,Katie Garcia,Randall47@gmail.com,2857744996
6436818,20335,Andrew Long,Sharon82@gmail.com,7558284294
9396347,24702,,Ashley53@gmail.com,3172745478
7818186,74888,Cassandra Webster,Beth38@gmail.com,5851115310
7754019,82052,Joel Lee,Christopher18@gmail.com,9799414399
5074458,88640,Jennifer Martin,Gregory19@gmail.com,9765848886
7868153,17165,Timothy Cochran,Adam25@gmail.com,4321096651
9442301,21723,Kimberly Johnson,Nancy78@gmail.com,2491577210
1347729,99369,Bruce Taylor,Mitchell61@gmail.com,1048260051
3747049,21494,John Edwards,Laura32@gmail.com,8639161065
9776074,22903,James Osborne,Cynthia13@gmail.com,5262405624
5951219,86168,Clayton Chapman,Lisa79@gmail.com,6356926056
7681679,93536,Michelle Burgess,Justin16@gmail.com,2703247857
8892289,75685,Mary Foster,Theresa78@gmail.com,7071871194
5268160,49567,Tiffany Hale,Jesse72@gmail.com,8573322230
3295009,12682,Mr. Tom Williams,Guy70@gmail.com,5574535768
3183519,86688,Andrew Cook,Shawn84@gmail.com,7874364207
1635390,26654,Deanna Olson,Christopher3@gmail.com,2618577927
4668227,30787,Jill Cabrera PhD,Nicole11@gmail.com,3201176031
8768569,41831,Michael Montgomery,Mike81@gmail.com,6356586782
8353460,90145,James Diaz,Lance8@gmail.com,7109913816
8351060,49107,Ronnie Moreno,Marie49@gmail.com,1240964322
1110286,99928,Christopher Sanchez,Bryan98@gmail.com,6130638845
8820906,24805,Amanda Green DDS,Elizabeth75@gmail.com,9429838998
4022218,21297,Stacy Griffin,Trevor92@gmail.com,3930306297
4817270,27686,Carlos Hernandez PhD,Anthony61@gmail.com,2559676422
6592882,45149,Kaylee Ellis,Gregory97@gmail.com,5410898756
8146982,46188,Renee Johnson,Chad1@gmail.com,6346642319
1049571,98858,Luis Harmon,Colleen25@gmail.com,6569604771
1677872,99063,Jordan Kaiser,David39@gmail.com,2123395541
7160033,13964,Elizabeth Hernandez,Kelsey64@gmail.com,3794162790
1368951,68654,Hayden Hoover,Joyce34@gmail.com,9253162649
7529495,15555,Michelle Jackson,Carolyn88@gmail.com,5638591476
6067397,47003,Brittney Fisher,Jason21@gmail.com,4700062313
1119996,45341,Amy Rodriguez,Linda82@gmail.com,9599134658
7259262,49252,Anne Howard,Madeline1@gmail.com,2678765798
6564536,23434,Matthew Fuller,Gregory59@gmail.com,9473896927
5274457,65801,Mrs. Brooke Bray,Kristina26@gmail.com,1573565162
6913348,87964,Victoria Norman,Calvin3@gmail.com,8869380594
7274313,73422,Shane Coffey,Ashley78@gmail.com,7234730343
3777222,87676,Shane Whitaker,Larry55@gmail.com,4232006745
2269825,21885,Krista Lee,Deborah99@gmail.com,5236431286
3906652,79195,Christopher Olson,Jimmy82@gmail.com,9023999715
4331443,97821,Jennifer Mejia,Randy65@gmail.com,3411887922
9616593,64250,Emily Smith,Megan87@gmail.com,1703096774
9299828,13700,Howard David,Jasmine66@gmail.com,5451207278
4509981,14872,Colton Miller,Lori6@gmail.com,1390666236
7677808,56587,Haley Allen,James8@gmail.com,9458945591
7610039,51813,Linda Holloway,Ryan19@gmail.com,9315125574
5147389,54919,Shelby Stone,Leah63@gmail.com,1919019614
3673589,12116,Kristen Patterson,Jason81@gmail.com,5947398550
9414439,56102,Kimberly Riggs,Brooke87@gmail.com,4932337831
8868306,18459,Kyle Clark,Jason6@gmail.com,3136068621
1335281,98114,Chelsea Mcguire,Donna64@gmail.com,6481295149
2613104,91680,Michael Khan,Jennifer71@gmail.com,4724824266
5001130,37722,Mark Wallace Jr.,Isabel13@gmail.com,5573725880
1863374,33359,Mark Stone,Rachel42@gmail.com,5578571086
6778298,10800,Ashley Burton,Whitney52@gmail.com,1100870095
4282570,17678,Zachary Rodriguez,Robert68@gmail.com,2224059048
9319989,25668,Ann Miller,Nicole23@gmail.com,8369659356
2018070,97664,Beth Meyer,Rebecca63@gmail.com,5966557295
3399261,25124,Patricia Brennan,Harold84@gmail.com,4754351782
9014432,69142,Richard Bradshaw,Roberto59@gmail.com,2997311810
3419843,52197,Terri Hall,Tiffany13@gmail.com,1474535577
8913240,93770,Bradley Nielsen,Lindsay73@gmail.com,7789669249
6985999,66715,Julie Harvey,Erika10@gmail.com,5733497743
1602630,41751,Joshua Diaz,Jason77@gmail.com,5788140748
9037716,72867,Dr. Michael Griffin,Christine1@gmail.com,7994831935
1412559,19438,David Gray,Sean45@gmail.com,8584340104
7009106,58845,Jeffrey Taylor,Jamie59@gmail.com,3557202799
8855454,87642,Robin Ortiz,Roberta91@gmail.com,5033856545
4231276,35433,Philip Morgan,Amber3@gmail.com,3879307614
2602647,63669,Heidi Baldwin,Mike85@gmail.com,2189976077
2093346,10571,Mark Nguyen,Dana64@gmail.com,1654532420
7028272,83356,William Smith,Brandon43@gmail.com,9961462120
4681732,67776,Mr. Christopher Ramirez,Kristen15@gmail.com,8414214033
2862484,53416,Kevin Miranda,Sarah96@gmail.com,9764677747
5505820,57330,Timothy Bailey,Thomas1@gmail.com,4905844413
6484168,49921,Michele Ramirez,Joseph82@gmail.com,3098920617
8929163,29157,Alice Lloyd,Gerald56@gmail.com,5043115557
2317516,31676,Christopher Hoover,Summer66@gmail.com,3427253152
9916341,71876,Tammy Arellano,Marc1@gmail.com,6005721586
5413944,19805,Justin Brown,Jessica68@gmail.com,8077848980
2996920,82668,Luke Levy,Fernando31@gmail.com,1458757420
5560061,49344,Jerry Marsh,Timothy16@gmail.com,8266625543
2577818,44869,Jeff Ortiz,Paul5@gmail.com,4166765256
5066069,97884,Mrs. Nancy Johnson,Mary64@gmail.com,4705878015
6385469,92667,Elijah Bell,Lucas25@gmail.com,3026684618
4587901,33559,David Jackson,Krystal41@gmail.com,3015993974
5301878,83773,Claire Payne,Michael96@gmail.com,7057850021
9351154,19319,Melissa Taylor,Alexander4@gmail.com,4290494360
9307123,42452,Kimberly Woods,Joshua96@gmail.com,9286242900
7439703,76506,Annette Smith,Jennifer79@gmail.com,9311160046
4424406,77996,Catherine Scott,Jason89@gmail.com,6399710338
8579776,47871,Albert Ashley,Kenneth19@gmail.com,3053180629
8093982,14811,Catherine Rice,Victor33@gmail.com,6366003381
1403152,30814,Matthew Burns,Thomas98@gmail.com,4950129935
6184968,52609,Adam Moore,Dennis36@gmail.com,5270187469
2928101,44203,Joyce Perez MD,John5@gmail.com,6110934901
8924245,20051,Elizabeth Raymond,Jamie40@gmail.com,3240277116
7052082,63714,April Lopez,John78@gmail.com,3380786282
7940473,76965,Erin Ward,Mario36@gmail.com,6378536067
2566745,74058,Alexandra Murphy,Darius19@gmail.com,6654816790
6563929,96993,Gregg Duke,James83@gmail.com,4384924921
2958978,92045,Jeffrey Ryan,Gina2@gmail.com,8305604085
2231029,26311,Susan Kaiser,Kristin100@gmail.com,5799420406
6693920,70231,Sean Ward,Lindsey9@gmail.com,1538110294
5971462,13842,Terry Tucker,Kenneth96@gmail.com,4792297825
6205145,12131,Anthony Nelson,Andrea51@gmail.com,2825354981
6188028,54145,John Baker,Julia84@gmail.com,1137293494
9144212,64233,Wendy Thomas,Henry22@gmail.com,3390309032
1332837,33843,Christian Ford,Cheyenne45@gmail.com,5164518232
8416242,58936,Jessica Hernandez,Jessica16@gmail.com,1384857569
7747285,20744,Scott Pena,Barbara92@gmail.com,3754921212
9289795,49135,Michael Chavez,Tracy16@gmail.com,9996299015
2111925,55922,Victor Harrison,Christopher84@gmail.com,1199713224
8967666,19437,Kevin Long,Richard22@gmail.com,7429560895
8818620,31214,Angela Adams,Sharon90@gmail.com,9078186718
2603887,87903,Joseph Harris,Perry21@gmail.com,7939414425
3972019,62039,Drew Hopkins,Laura58@gmail.com,5975757635
1329325,16566,Cynthia Jones,Crystal83@gmail.com,6281439224
8381413,48179,Dawn Rocha,Robert28@gmail.com,7921661843
1974863,17101,David Barnes,Justin5@gmail.com,8030086579
9767041,11570,Brandon Brown,Elijah29@gmail.com,7129538513
5436360,57722,Bradley Moreno,Samantha72@gmail.com,9577488763
4958810,67192,Ryan Knight,Derrick16@gmail.com,9578884580
9958737,64325,Nicholas Chapman,Rachael65@gmail.com,9026100391
9379863,13205,Rachel Hines,Elizabeth100@gmail.com,8205675314
4707292,91001,Ashley Harris,Mitchell79@gmail.com,5379058504
3590011,58383,David Morgan,Renee23@gmail.com,5581764354
9244439,95665,Crystal Reyes,Craig1@gmail.com,1840571852
4537875,61775,Anthony Lee,Jennifer55@gmail.com,5045645168
8262376,51230,Jacob Ramos,Daniel88@gmail.com,3425966257
3897732,55525,Gregory Oliver,Ashley77@gmail.com,1586711767
7872914,55583,Mathew Weber,Lisa18@gmail.com,6698026031
2790414,32874,Amanda Giles,Joan82@gmail.com,5688155908
2976419,75162,Aaron Rivera,Teresa75@gmail.com,6569193672
6793531,42182,Haley Kelly MD,Laura27@gmail.com,6008059536
4798927,57190,Dr. Sandra Gaines,Sherry75@gmail.com,2365485492
5097457,79393,Riley Gross,Dustin79@gmail.com,1881964865
6874342,90211,Holly Mccoy,Michael1@gmail.com,8973216051
6642541,26532,Eric Blair,Samantha62@gmail.com,7418599557
4743700,53366,Aaron Smith,Brenda14@gmail.com,2974709206
8898958,60496,Nathan Mills,Kimberly39@gmail.com,2201661018
7232510,20219,David Mckay,Connie50@gmail.com,5793262869
2837082,12253,Tony Gonzales,Tyler15@gmail.com,8359222792
5397373,50566,Steven Parker,Amanda48@gmail.com,5982135771
9215987,72181,Heather Silva,Morgan47@gmail.com,1245568494
6981168,71394,Gregory Carter,Sandra59@gmail.com,7504755331
5239614,74119,Jennifer Gonzalez,Gary27@gmail.com,4181170167
8848979,82996,Andrea Rivas,James17@gmail.com,6555928250
6799528,88870,Lindsay Ayers,James21@gmail.com,4453066382
4260274,13506,Robert Graham II,Heather57@gmail.com,1541461362
6213241,69103,Kelly Phillips,Thomas47@gmail.com,7170710335
2051635,68783,Michael Lewis,Brad90@gmail.com,8110353792
6834175,85432,Peter Fleming,Sonya46@gmail.com,4207015541
6144509,19321,Jonathan Johnson,Michael83@gmail.com,6858525558
9004227,43323,Jennifer Phelps,Megan99@gmail.com,5641789639
8773139,95164,Kathleen Freeman,Laurie16@gmail.com,1551238792
8272386,94546,Mark Perry,Jason50@gmail.com,7786408020
1320710,82631,Todd Cooper,Wesley82@gmail.com,9172170750
2771931,94469,James Scott,Ashley12@gmail.com,9192972658
6275838,24395,Margaret Allen,Bobby100@gmail.com,1684336005
8626747,34838,Cathy Gonzalez,Sierra85@gmail.com,7863571490
5020274,53308,Lisa Sweeney,Justin35@gmail.com,6249963009
9068799,93527,Jonathan Ramirez,Timothy19@gmail.com,4649243936
8154569,42377,Dakota Baker,Christopher5@gmail.com,8991370425
5573605,93954,Dr. Crystal Robinson,Christian20@gmail.com,7300983525
3982412,32657,Monica Palmer,Mark80@gmail.com,5441974443
6623096,51183,Shawn Rhodes,Kathy80@gmail.com,2992106107
3792307,24636,Kayla Velez,Sarah64@gmail.com,1120254763
1906886,95339,Ebony Buchanan,Jennifer32@gmail.com,6147940275
4367106,17899,Kimberly Daugherty,Jeffrey41@gmail.com,2911609586
5171191,57988,Sarah Garcia,Jessica91@gmail.com,1349949218
1968455,53715,Emily Holt,Tiffany27@gmail.com,2652093527
6819160,23743,Sierra Willis,Sally84@gmail.com,2975813183
3166432,99982,Jacqueline Kelley,Joseph20@gmail.com,3409790639
9861499,90303,David Kelly,Tara5@gmail.com,2212244147
1915477,47923,Susan Orozco,Roy54@gmail.com,6386267380
6699778,65985,Shawn Simpson,Joseph81@gmail.com,3785893748
2436586,18128,Joshua Medina,Adrian93@gmail.com,4216866149
9319429,72449,Mary Hansen,Timothy34@gmail.com,1765063352
4428820,79191,Joshua Stewart,Drew88@gmail.com,5721467605
9724667,60591,Catherine Davies,Ashley8@gmail.com,2432314336
5030121,46933,Mitchell Hendricks,Timothy22@gmail.com,9889301541
2243662,41394,Diana Hobbs,Brittany46@gmail.com,4856028438
9077921,75016,Cynthia Shields,Maria15@gmail.com,4895416332
8263558,30321,Wendy Clark,Jennifer1@gmail.com,9606413280
7450497,50304,Daniel Green,Andrew10@gmail.com,9218195103
2926509,14370,Jessica Cobb,Charles96@gmail.com,5786996490
7918558,26642,Sarah Hill,Tracy100@gmail.com,9603177756
4088114,77299,Jamie Mercado,Tracy58@gmail.com,8277117080
3024998,46798,Daniel Baker,Steven84@gmail.com,5413702746
6104243,80083,Jacqueline Taylor,Samantha26@gmail.com,7452272182
1886909,52248,Jessica Bullock,Theresa51@gmail.com,2003432375
5674726,22890,John Lawson,Andrew29@gmail.com,2522560647
6653359,89239,Vanessa Turner,Ashley40@gmail.com,8473087433
8370671,81564,Michael Davis,Christopher20@gmail.com,4800952018
9154370,33356,Aaron Bullock,Paul91@gmail.com,8460804559
1805656,22601,Rebecca Powell,Christopher4@gmail.com,4423338738
2012389,51535,Kristen Rodgers MD,Kurt11@gmail.com,8629108611
7502084,22648,Marie Hoffman,James81@gmail.com,1148643835
2543881,53281,Kevin Burton,Stephen35@gmail.com,7745551881
4286666,92182,Edward Cooper,John44@gmail.com,7231932558
8635387,57338,Herbert Jones,Laura87@gmail.com,4079550216
7073377,33418,Jennifer Bryant,Leslie17@gmail.com,3582244240
6126142,69640,Regina Carpenter,Kendra64@gmail.com,8003592100
7866836,31943,Adam Hawkins,William75@gmail.com,9273327705
6985760,92068,Morgan Sanchez,Eric47@gmail.com,9780696378
5851729,73592,Robert Lang,Tommy82@gmail.com,7057790653
6276374,49070,David Cross,Bryan11@gmail.com,5237112385
1386572,10693,Angela Murphy,Cathy6@gmail.com,5546496020
4195308,19086,Jacob Smith,Evelyn73@gmail.com,8789800613
1517292,62979,Michael Gibbs,Eric91@gmail.com,1216460277
7652322,44208,Ronald Moore,Phillip93@gmail.com,2437669990
7929811,84245,Katherine Conner,Shelly96@gmail.com,4674941945
5877982,68566,Joseph Cooke,Audrey13@gmail.com,8369318907
9839128,82509,James Romero,Robert76@gmail.com,4498225076
1412329,50974,Matthew Wallace,Jennifer4@gmail.com,5527531933
8144666,42445,Brianna Lawrence,Daniel26@gmail.com,1969471982
7001054,44990,Alexander Camacho,Stephanie90@gmail.com,3275720475
4623382,50157,David Lee,Teresa61@gmail.com,2738641020
9237534,13335,Zachary Baker,Michaela75@gmail.com,8018688276
9351259,44084,Angela Fischer,Edwin8@gmail.com,7305223615
3772055,67675,Bailey Hines,Joseph85@gmail.com,3075534763
2828814,72635,Cynthia Barker,Dawn14@gmail.com,3863255235
1290790,72298,Leah Harrison,Anne55@gmail.com,3793200371
9704953,13549,Megan Gonzalez,Samuel33@gmail.com,1305064151
4929520,48689,Robert Rodriguez,Charles82@gmail.com,4919717575
4701847,89248,Erik Church,Tammy34@gmail.com,3658051835
1530450,39108,Matthew King,Karen46@gmail.com,8004101088
7406235,56846,Mary Kemp,Pamela26@gmail.com,9552269983
2322053,49927,Karen Salas,Eric53@gmail.com,9590963807
8411911,39860,Joshua Green,Melinda84@gmail.com,5276150767
8456339,49540,Virginia Castro,Patrick63@gmail.com,6885529931
4881820,36013,Melissa Gordon,Robert41@gmail.com,2706072110
6898596,30773,Brandi Powers,Kari93@gmail.com,3939378878
4134411,17823,Andrew Valdez,Michelle60@gmail.com,8742735354
8259322,47502,Anna Watts,Danny71@gmail.com,1170938580
8186479,91531,Douglas Johnson,Emily72@gmail.com,8861507309
4244594,81175,Kristin Evans,Cody41@gmail.com,1282636550
6710835,13619,Tabitha Ross,Natasha94@gmail.com,7397938943
8635649,40770,Michelle Richardson,Holly32@gmail.com,8748018664
8324383,83543,Samantha Robinson,Caitlin94@gmail.com,3105033273
9318975,14096,Anna Henry,Chad51@gmail.com,8412810492
5382215,36315,Robert Phillips,Anthony30@gmail.com,6774664606
2734493,30699,Roger Lindsey,James18@gmail.com,7910845689
5195085,12915,Kathryn Sheppard,April32@gmail.com,4768838890
4905040,88481,Danielle Smith,Jason17@gmail.com,4856290323
1809510,72118,Joanna Thornton,Andrew63@gmail.com,4733134073
8266571,11715,Alexander Dean,Cassandra69@gmail.com,5157674277
7187645,31521,Robert Vance,Stanley64@gmail.com,9042212526
4187580,47510,Jennifer Salazar,Jennifer85@gmail.com,7318391657
8468596,12002,Shelley Nguyen,Laura14@gmail.com,4266724993
1536397,33593,Omar Clark,Lindsay72@gmail.com,8587783465
7764184,75547,Courtney Smith,Isaiah100@gmail.com,9470169297
1431489,59185,Benjamin Lopez,David43@gmail.com,1836254070
1975376,42512,Anita Robertson,Tasha30@gmail.com,8775787594
8681538,26280,Charles Sparks,Tammy28@gmail.com,8283507438
3543808,85724,Ronald White,Jesse63@gmail.com,7492764664
4706467,73904,Curtis Davis,Christopher18@gmail.com,8716361415
9639207,51608,John Hunter,Stephen53@gmail.com,5578552255
1702113,52291,Colton Smith,Michael44@gmail.com,5159102448
7429644,41009,Marie Norton,Zachary50@gmail.com,4614905069
9863486,99252,Robert Taylor,Daniel44@gmail.com,1318801134
4481420,36639,Mary White,Lisa11@gmail.com,4841609570
6180450,78712,Todd Cooper,Andrew75@gmail.com,1989609210
6620340,67249,Mark Garcia,Dalton91@gmail.com,5223140797
6539404,52291,Matthew Dunn,Leslie50@gmail.com,1343656436
5957389,55805,Travis Herrera,Cassandra43@gmail.com,9779154633
8851213,36069,Mrs. Jill Barber,Theresa46@gmail.com,8026157565
7133726,54628,Kara Rodgers,Brandy100@gmail.com,3746084675
1292006,12107,Pamela Marshall PhD,Ashley76@gmail.com,9957280398
5008187,68415,Steven Rivers,Christine73@gmail.com,7370085698
4463134,71041,Barbara Fuentes,Katherine27@gmail.com,1606551563
8057554,85850,Dylan Hill,Tyrone14@gmail.com,6699877085
7657842,38772,Samuel Gross,Michelle27@gmail.com,9221209556
1720806,77356,Ronald Martinez,Jennifer53@gmail.com,9366959505
4642282,83107,William Tapia,Veronica61@gmail.com,4409357102
3422642,13580,Matthew Good,Kyle66@gmail.com,8515388607
8450351,47382,Tanya Bowman,Tracey44@gmail.com,9403059587
3336584,17471,Brett Smith,Diane74@gmail.com,1213792247
8510151,42146,Jennifer Farley,Dean16@gmail.com,2235657874
5637699,28916,Nicole Williams,Heather58@gmail.com,3268872216
1597062,13904,Brittany Young,Douglas96@gmail.com,5133175541
9868697,66370,Amanda Hart,Nancy2@gmail.com,7966752412
5180014,30742,Christopher Webster,Kara45@gmail.com,6109044530
6823015,91814,Kristen Wright,Stephen61@gmail.com,6228035912
5097217,70388,Ian Pollard,Theresa13@gmail.com,7100440492
9064014,64041,Dawn Wells,Cory95@gmail.com,4142996098
8392774,43335,Ryan Perez,Wendy83@gmail.com,4489774615
7333816,48583,Kimberly Parsons,Angela97@gmail.com,4212307729
6854198,34196,Terry Warren,Patricia37@gmail.com,6754080473
5097279,53285,Rodney Brown,William41@gmail.com,8079247696
4789022,42363,Francisco Marshall,Joshua2@gmail.com,9321560598
5837012,37030,John Brown,Lisa53@gmail.com,4361725528
4453687,50545,George Donovan,Mikayla2@gmail.com,3630158102
9634310,66455,Joshua Griffin,Albert54@gmail.com,8568145337
8178946,25128,Taylor Ferguson,Lonnie1@gmail.com,1449526897
3735143,73394,Lawrence Cole,Robert51@gmail.com,6579626734
4421817,74198,Angela Blevins,Connie81@gmail.com,2274022379
5260924,32375,Alan Hernandez,Mary52@gmail.com,4879258869
1246047,50213,Robert Pennington,Sabrina31@gmail.com,5490748143
9881777,56302,Aaron Richards,Cody91@gmail.com,5942100717
6123370,39666,Samantha Reid,Thomas75@gmail.com,5774817217
4015691,13731,Deanna Morgan,Thomas5@gmail.com,2945469875
2880418,76275,Sean Roman Jr.,Debra38@gmail.com,8955976064
8913513,31900,Lance Powell,Steve98@gmail.com,2824608245
3834419,52562,Jaclyn Haynes,Michael98@gmail.com,5109203348
1878433,20252,Jeremy Johnson,Christine18@gmail.com,4022537281
4454851,81161,Kimberly Scott,Kathleen17@gmail.com,9140182010
4659452,69143,John Phelps,Andrew80@gmail.com,5026039774
7426166,10764,William Jones,Diana44@gmail.com,8183485092
9061319,21909,Amanda Guzman,Mark45@gmail.com,9565489306
4688341,11773,Angel Robinson,Kevin99@gmail.com,8720723376
5141167,53114,Karen Johnson,Mason22@gmail.com,8758281417
9669273,15994,Scott Clark,Jonathan94@gmail.com,4980910576
6563398,63481,Daniel Johnson MD,Tracy71@gmail.com,2621990700
8990162,95457,Madeline Bullock,Brooke72@gmail.com,9837706900
2894702,38426,Jordan Berg,Jill54@gmail.com,8389428237
4569284,33434,Jonathan Banks,Danielle9@gmail.com,8217147535
6149839,92386,Eric Smith,Amy85@gmail.com,6660096856
7063254,30357,Tara Rios,Beth80@gmail.com,9876802255
5251903,33863,Alejandro Fleming,Paul38@gmail.com,4270583661
8947144,45818,Jessica Daniels,Edward26@gmail.com,8475243987
3102592,65970,Mrs. Stephanie Pham,David36@gmail.com,2944507605
6653891,13392,Jonathon Stark Jr.,Tracy91@gmail.com,9853137478
5137163,34596,Claire Williams,Christian87@gmail.com,4540563122
5305313,86839,David Obrien,Keith99@gmail.com,7716191669
4636183,21930,Edwin Stevens,Carla65@gmail.com,6517230318
1934449,38127,Nichole Delgado,Stephen16@gmail.com,9749786010
4930390,35512,Eileen Lopez,Mia98@gmail.com,9990009957
6017782,42867,Samuel Hoffman,Angela43@gmail.com,8305012459
8290245,99413,Andrea Thomas,Shannon89@gmail.com,5957051146
4614843,44995,Kathleen Mitchell,Nicholas88@gmail.com,9283420706
1767822,56378,Jennifer Miller,Stacy56@gmail.com,5305282638
5271573,51035,Christopher Gonzalez,Mark30@gmail.com,7881646907
2480245,12001,Jake Glover,Sandy30@gmail.com,8053357528
9955326,36656,Anthony Ferguson,Jessica4@gmail.com,6178946109
6004353,81441,Helen Sanchez,Robert70@gmail.com,3376715018
1825906,76937,Yolanda Green,Vicki50@gmail.com,5936317862
1445008,26788,Richard Martin,Kayla30@gmail.com,8913279802
2168789,76648,Jennifer Olson,Samantha80@gmail.com,3562834010
4888738,43700,Andrew Chen,Joanne10@gmail.com,9698150820
2965793,61741,Elizabeth Garcia,Sharon6@gmail.com,1945967902
4032993,71619,Lisa Solis,Miranda47@gmail.com,6963954601
2771549,59548,Rachel Smith,Mario81@gmail.com,5263579807
4940684,65507,Nicole Santana,Paige24@gmail.com,8579127231
7974257,35176,Jennifer Leach,Robert97@gmail.com,4015058348
7015782,36720,Cassandra Jacobson,Jason46@gmail.com,1796048663
7223659,79275,Rachel Scott,Aaron17@gmail.com,4631878366
4631368,78870,Olivia Rodriguez,Veronica92@gmail.com,9657564443
1327637,64374,Meghan Johnson,Lauren93@gmail.com,7377815367
1165541,34692,Tammy Bailey,Carolyn67@gmail.com,8649526905
4794588,98924,Stephen Adams,Katherine30@gmail.com,4919779760
1020768,46916,Paul Delacruz,Matthew17@gmail.com,1636418089
9338987,32128,Daniel Hancock,Tiffany82@gmail.com,1303156243
3082694,13230,Rebecca Shaw,Ronald2@gmail.com,6414671670
8854189,42305,Stephanie Novak,Abigail33@gmail.com,6196471662
7046551,40935,Amy Mccoy,Jennifer22@gmail.com,9523297613
2643429,22083,Edward Rogers,Bianca92@gmail.com,9304572394
5076015,75367,Jocelyn Le,Brian11@gmail.com,8654759633
2995635,58128,Rebecca Cook,Susan14@gmail.com,1566038859
3455488,85583,Emily Collins,Michael45@gmail.com,4667270114
4232226,37503,Savannah Kerr,Jeffrey21@gmail.com,4801773318
5660658,73019,Karen Diaz,Tyler87@gmail.com,6690877754
2964086,62457,Matthew Walker,Meghan45@gmail.com,4978430012
1669375,18971,William Moss,Nicole94@gmail.com,1218522724
8290109,41951,Russell Love,Amanda75@gmail.com,2666900167
6111001,51840,Sarah Williams,Diana6@gmail.com,6762070649
6680258,12300,Christian Page,Heidi83@gmail.com,8318766773
1305176,78650,Daniel Long,James71@gmail.com,4206261957
3517085,12343,Tyrone Smith,Carol94@gmail.com,5643716753
6726079,49936,Jordan Yoder,Joshua65@gmail.com,9577172481
3356243,27010,Tony King,Douglas96@gmail.com,1228451648
3988298,82279,Brittany Johnson,Stephanie44@gmail.com,5239842376
6342873,52474,Robert Cruz,Charles95@gmail.com,8569734027
3440901,76339,Erin Spencer,Dylan23@gmail.com,8820670449
9023011,54447,David Stone,Denise61@gmail.com,4953146676
5317551,68859,Sean Garcia,Ashley8@gmail.com,9832182149
1046894,25246,Tricia Mckenzie,Chris42@gmail.com,5384082873
8846161,74507,Holly Beasley,Craig29@gmail.com,6196152185
8460636,27151,Dylan Williams,Adam95@gmail.com,2413045703
1841728,24292,Nicholas Sanders,Alvin83@gmail.com,8336884743
6217067,51390,Leah Haley,Teresa75@gmail.com,9063799260
1920758,71792,Jennifer Richards,Kendra87@gmail.com,3749119014
5266053,99936,Natalie Brown,Timothy53@gmail.com,2670884986
2235450,70954,Blake James,Brandon20@gmail.com,5426187439
7494049,10778,Jessica Green,Patricia95@gmail.com,6902727205
4341239,45312,Andrew Nielsen,Austin16@gmail.com,2127064006
3794044,64864,Lisa Page,David64@gmail.com,8719812937
6186655,29468,Mason Frazier,Scott6@gmail.com,7432967858
8855192,62772,Richard Peck,Rachel7@gmail.com,6279576292
6192786,48007,Jennifer Porter,Erika54@gmail.com,9496761338
8341874,30186,Benjamin Velasquez,William41@gmail.com,1402275946
1071251,88749,Brittany Lozano,James15@gmail.com,7684971847
8715928,62540,Katie Sanchez,John45@gmail.com,4256911976
8385022,97350,Laura Martinez,Matthew6@gmail.com,7919589079
6197357,46897,Barbara Lee,Jonathan80@gmail.com,7213157863
5671513,90892,Jeremy Mcdaniel,Christine9@gmail.com,2698771637
9879039,83813,Eileen Taylor,Sandra14@gmail.com,4046694549
3058175,97413,Stephanie Hall,Cassandra20@gmail.com,8895378741
2699290,90305,Melissa Olson,Jordan78@gmail.com,4503496973
1545696,13955,Lisa Garner,Jimmy7@gmail.com,4360991456
3978660,13511,Katherine Gentry,Jesse59@gmail.com,5586854465
6514563,93475,Evan Hansen,Joseph75@gmail.com,8952347368
4995582,48910,Dana Harrison,Mark76@gmail.com,8618577194
3637469,52695,Michelle Carter,Jack67@gmail.com,6865552984
6938021,11558,Dana Young,Bethany68@gmail.com,2736436236
3247266,69815,Ryan Johnson,Joshua58@gmail.com,4976782037
7930143,14018,Jesse Brown,Miranda35@gmail.com,2159232286
6116577,12837,Michael Lucero,Tammy7@gmail.com,9385281404
3529461,73344,George Montes,Julie32@gmail.com,3257569003
9396939,19133,Troy Hansen,Lisa17@gmail.com,9504342635
1762546,53484,Stacey Green,Steven34@gmail.com,3119001291
3422673,10017,Paula Perkins,Tommy1@gmail.com,2069956466
6893309,91478,Emily Martinez,Amy21@gmail.com,9925971916
2128567,81368,Lindsey Hopkins,Kaitlin17@gmail.com,1583368121
2153295,72135,Robert Baxter,Andrea84@gmail.com,8245540251
9649517,55373,Thomas Holmes,Timothy3@gmail.com,9652411167
4683550,96893,Douglas Robinson,Mary55@gmail.com,2382691241
7440069,56380,Terri Johnson PhD,Cole18@gmail.com,9514839765
8747703,37614,Noah Maldonado,Tammy24@gmail.com,2687644312
6750978,58554,David Rhodes,Kelly33@gmail.com,3549395307
4620080,55100,Donald Torres,David54@gmail.com,9119697468
8781331,24753,Charles Carter,Kevin2@gmail.com,6261968728
3851214,12111,Jessica Graves,Jon98@gmail.com,3838750161
3933268,97628,Nichole Diaz,Robert62@gmail.com,2025334014
9093309,43614,Lance Bradley,Stephen6@gmail.com,2544438693
1047462,61897,Brenda Jones,William54@gmail.com,3501766572
5447536,33177,Michael Gilbert,Tracy51@gmail.com,2019244673
1468291,70533,Jenna Bryant,Elizabeth50@gmail.com,7681276448
7121866,47316,Bradley Patel,Desiree37@gmail.com,7632554227
1184641,19186,Lynn Dean,Valerie94@gmail.com,4022676861
3544343,43759,Brett Robinson,James100@gmail.com,3515490069
3012603,31961,David Murphy,Nathan1@gmail.com,6414844982
1427909,65295,Patrick Young,Cindy11@gmail.com,5739743253
3699521,73266,James Hill,Michael61@gmail.com,6222215461
7742165,38529,John Andersen,Marisa54@gmail.com,7195506877
5527150,59291,Mary Goodman,Douglas99@gmail.com,9323991123
8121548,51807,David Miller,Brandon55@gmail.com,4356956651
6847701,41155,Dana Anderson,Benjamin35@gmail.com,8587654993
3491469,42638,Kristen Irwin,Martin23@gmail.com,3385084414
3223143,15325,Theresa Kirby,Denise13@gmail.com,6940188901
8720624,87235,Judith Lopez,Eric32@gmail.com,4382681058
9818519,53562,David Williams,George21@gmail.com,2811611190
2347455,23312,Nicole Campbell,Justin86@gmail.com,1564711332
2737596,55644,Anthony Barajas,Casey2@gmail.com,9597880669
6844664,91077,Sara Schmidt,Ashley22@gmail.com,8121250509
7277696,93673,Douglas Parrish,Shane8@gmail.com,9418871790
2828282,32467,Terry Robinson,Daniel34@gmail.com,1776780946
4627426,83515,Kristina Morris,Thomas38@gmail.com,4565755188
1189054,14480,Douglas Downs,Nathan67@gmail.com,2774070850
8527874,61832,Sarah Jackson,Ryan6@gmail.com,6596108310
1898285,16368,Cheryl Jackson,William82@gmail.com,6633470076
9535153,91726,Christopher Freeman,Dustin54@gmail.com,7270805776
2575250,69170,Dr. Jamie Chung,Christie76@gmail.com,4135284230
7559813,92292,Timothy Leach,Dakota78@gmail.com,6436947604
3641178,36633,Pamela Brown,Anna97@gmail.com,8883952987
2870051,13589,Caroline Alvarez,Carlos13@gmail.com,4707684785
2161402,37798,Shawn Schultz,Joseph11@gmail.com,1608722195
6647739,35808,Karen Hernandez,Cynthia61@gmail.com,3757570576
3004890,23187,Kevin Barber,Aaron74@gmail.com,4691827307
6555122,16897,Ronald Robertson,Daniel90@gmail.com,8325205790
3940440,19462,Martha Ruiz,Christopher35@gmail.com,7869556508
3060058,67790,Stacy Hayes,Brian14@gmail.com,4862662602
8317359,99463,Matthew Smith,Jamie9@gmail.com,5282841805
9888458,87732,Jacqueline Hanna,Pamela16@gmail.com,6507426045
9644299,10901,Jill Hunter,Jeffrey20@gmail.com,5151314528
1250404,68018,Craig White,Theresa10@gmail.com,6037162556
7415866,41736,Ryan Mcdonald,Molly58@gmail.com,2242459070
3051069,27239,Debra Stark,Brady15@gmail.com,4946571948
7775697,97236,Alexis Olson,Stacy76@gmail.com,4271319287
5016830,88809,Amanda Ware,Christopher48@gmail.com,5128406331
1486933,88679,Barry Gross,Rachel92@gmail.com,3929823126
3055407,43531,Carla Ritter,Jason6@gmail.com,5328353409
6327620,48625,Greg Love DVM,Tammy79@gmail.com,9087641226
4376999,97354,Daniel Garcia,Charles18@gmail.com,5670200214
8257485,23793,Teresa Austin,Victoria57@gmail.com,9263920079
5863233,28305,Jason Brown,Natasha4@gmail.com,8476020665
5149646,49897,Brian Ellison,Christina43@gmail.com,9563564489
2717860,52605,Anita Watkins,Michelle6@gmail.com,1190219124
1615716,39331,Jared Giles,James91@gmail.com,3590461902
4320439,98734,Benjamin Martin,Eric17@gmail.com,3834982253
7839236,92322,Timothy Stanley,Anthony80@gmail.com,2509042322
4903785,51038,Nancy Carpenter,Teresa95@gmail.com,5412405814
7145368,96656,Sandra Davis,Pamela1@gmail.com,9969775535
8364269,24216,Joshua Cowan,Eric53@gmail.com,6907513827
3322710,44839,Matthew Gross,Matthew73@gmail.com,9970441277
9614313,56363,Lawrence Nelson,Michael35@gmail.com,8261142863
2070375,76370,Dawn Mills,Daniel39@gmail.com,9384028651
2336039,23247,Anthony Gomez,Megan68@gmail.com,1731222659
6183943,30603,Alejandro Russell,Nicole67@gmail.com,6019270749
6909336,79302,Alex Henderson,Bailey75@gmail.com,2208543144
2583508,31368,Veronica Moore,Jennifer96@gmail.com,7090940424
2113366,54366,Terri Mcdaniel,Samantha15@gmail.com,1687149184
3602775,31567,Susan Carter,Brian96@gmail.com,6312487426
8535433,49620,Chelsey White,John63@gmail.com,7564181161
7525796,76426,Steven Carlson,Allen9@gmail.com,5079998514
7996954,24912,Robert Davis,Brian42@gmail.com,2302743960
3974410,55299,Angela Miller,Rebecca62@gmail.com,3298971764
7639365,31457,Robin Morgan,Ana3@gmail.com,5007886106
7679954,44496,Katherine Gonzalez,Scott75@gmail.com,1463421899
2610894,45165,Alexandra Kennedy,Shelly32@gmail.com,2037981120
6998722,87970,Chris Wheeler,Steven86@gmail.com,2071468347
8780364,36689,Stephen Wood,Jennifer37@gmail.com,2562385232
9115390,28740,John Richardson,Maria92@gmail.com,7128494812
6794878,23153,Suzanne Mitchell,Angela12@gmail.com,1161789753
5596895,55723,Brendan Shelton,Nicholas7@gmail.com,4617234993
2990599,10890,Timothy Schneider,Luke20@gmail.com,9466473550
1729664,92773,Courtney Ramsey,Clayton95@gmail.com,8958227592
7935541,67753,Michelle Evans,Robert34@gmail.com,5020971803
4230204,71135,Cindy Kennedy,Benjamin30@gmail.com,1263168279
4940796,29679,Veronica Palmer,James32@gmail.com,5660595417
6451094,57080,Cynthia Solis,Jennifer61@gmail.com,1218172403
8106728,18200,Leah Allison,Kristin52@gmail.com,8548121018
2677304,45583,Daniel Kidd PhD,Zachary75@gmail.com,7827917947
1159970,52306,Erik Morales,Suzanne35@gmail.com,2470752176
6333672,85755,James Davidson,Steven48@gmail.com,4955393525
5943062,70223,Thomas Anderson,Michael60@gmail.com,2261794785
1170061,69561,Jennifer Gonzalez,Mary35@gmail.com,4036961558
1519846,34059,Jose Edwards,Danielle68@gmail.com,9302038038
1316341,77436,Jose Lopez,Theresa41@gmail.com,8294265823
9808383,37234,Thomas Cannon,Kristin38@gmail.com,8232221995
9283701,69946,Anthony Chapman,Christopher85@gmail.com,3451549579
4001393,33398,Linda Nelson,Jon12@gmail.com,6176263735
2459609,94403,Zachary Hall,Michael76@gmail.com,2341194591
7842200,70533,Russell Parker,Betty73@gmail.com,5120684856
4845237,59005,Andrew Brady,Tiffany83@gmail.com,6231961520
7597657,64144,Charles Stevens,Jessica76@gmail.com,4564741843
7450455,23666,Katherine Harris,Lee7@gmail.com,2277858826
5758675,50327,Thomas Haynes,Robert72@gmail.com,6704930278
3244324,35234,Rachel Chan,Anthony12@gmail.com,9011316824
8885804,63109,Nicholas Bowers,Samantha65@gmail.com,3158026848
9330902,77326,Jeffery Knox,Christopher62@gmail.com,9414845751
6263047,71912,Kimberly Arnold,Rhonda9@gmail.com,5322186554
8280059,53604,Mr. Brian Jordan,Kristina22@gmail.com,2415039073
7978969,90312,Amanda Woods,Karen97@gmail.com,6199545073
5519109,72316,Timothy Fisher,Thomas42@gmail.com,2621211083
9609279,34177,Stephanie Phillips,David59@gmail.com,5799176393
5484657,78927,Timothy Hull,Ryan68@gmail.com,6169793517
1002709,36059,Jacob Munoz,Glenn76@gmail.com,7316956686
9014065,56206,Alicia Santos,Johnathan62@gmail.com,7205549596
1620575,97212,Nicholas Reyes,Ronald24@gmail.com,9791717440
4963356,25476,Marie Harper,Rachel36@gmail.com,1920846199
9225704,50977,Karen Rogers PhD,Willie30@gmail.com,8741438978
7919770,40248,Julie Mitchell,Kurt92@gmail.com,6369515986
4519143,85423,Julia Munoz,Jose57@gmail.com,7202297221
5669196,22787,Mary Ryan,Carol50@gmail.com,2160773186
3337848,95807,Angela Holden,Samantha65@gmail.com,2538768870
8772965,50155,William Davila,Michael46@gmail.com,1008974988
1340098,48266,Charlene Lane,Justin19@gmail.com,3307289266
1360907,27501,Erika Ingram,Marc39@gmail.com,2775419261
8344620,71813,Jacob Payne,Melissa38@gmail.com,2455389927
7711707,80863,David Davis,Jeanette40@gmail.com,7345953042
5629233,69904,Mrs. Kylie Johnson,Andrew44@gmail.com,7006640422
8305147,84866,Veronica Davidson,Theresa23@gmail.com,2201953702
8116573,35082,Glenn Valentine,Emily85@gmail.com,7621960920
3314503,49626,Peter Baldwin,Michael35@gmail.com,4744961650
4112881,10448,Steven Howell,Jeanette12@gmail.com,4773861913
7185447,85493,Elizabeth Lee,Douglas87@gmail.com,4698421430
9699669,27113,Aaron Knapp,Keith64@gmail.com,4454509263
2603508,65763,Stephanie Beard,John74@gmail.com,6954098848
3754823,95176,Sophia Duran,Jeffrey5@gmail.com,6112543561
4512659,71702,Steven Brown,Autumn17@gmail.com,7956168730
5491794,72461,Erica Adams,Heather11@gmail.com,5356575420
2832681,21886,James Allen,Shelly28@gmail.com,3161418391
2139971,10604,Rodney Campbell,Jill30@gmail.com,9312762852
6208187,16013,Steven Jackson,Kimberly61@gmail.com,4075374560
4755223,76923,Lisa Powell,Chelsea90@gmail.com,6658392427
3834536,49895,Sherry Martin,Debbie43@gmail.com,1103505344
9632740,61859,Joshua Costa,Christopher94@gmail.com,4879441100
9010952,24549,Adam Hawkins,Michael64@gmail.com,9195670510
7917424,82482,Christopher Butler,Cheryl89@gmail.com,8987403923
1333707,80281,Dakota Larson,Jay52@gmail.com,4542926278
1104330,28169,Kaitlyn Simmons,Amy82@gmail.com,9996580654
6600149,25615,Maxwell Kim MD,Lisa29@gmail.com,5889244204
2983014,18404,Joseph Mercer,Michelle77@gmail.com,4627392615
3929987,24230,Donald Bowman,Gregory99@gmail.com,6407300830
9357244,62905,Brian Thomas,Lisa11@gmail.com,4810334902
7889379,40210,Linda Bryant,Jennifer4@gmail.com,1639199218
7048649,90620,Johnny Porter,Kimberly47@gmail.com,3707591189
7326426,74148,Nathan Harris,Brandon19@gmail.com,1388497200
7996830,83753,Christopher Francis,Jay71@gmail.com,5292898530
3564045,30891,Joel Merritt,Pamela96@gmail.com,9238257742
4510468,21566,Craig Burch,Anthony33@gmail.com,3750933848
8211821,89509,Tommy Henry,Tracy74@gmail.com,4137774323
7241367,23287,James Allen,Susan11@gmail.com,1643542007
6007934,20136,Zachary Frazier,Sandra74@gmail.com,2407973816
8093132,55353,Alice Carroll,Tamara6@gmail.com,3817526845
8634022,45091,Krista Walters,Kristen3@gmail.com,6219742886
7671280,29982,Wayne Coleman,Kristin79@gmail.com,5875483515
1848060,62558,Dylan Rivera,Rhonda45@gmail.com,1669941366
2342243,94054,Vanessa Ward,Maria65@gmail.com,3046920374
8512692,69710,Jamie Norman,Valerie75@gmail.com,9370831332
6899175,38805,Randall Mann,Michael18@gmail.com,2266045515
9415443,44253,Mr. Justin Johnston Jr.,Francisco4@gmail.com,9754643643
6874774,25072,Jennifer Hebert,David16@gmail.com,5432949157
9739877,55562,Hunter Campbell,Brent47@gmail.com,8011450712
2121363,62549,Gregory Lawrence,Donna94@gmail.com,3043396662
8599474,57817,Jennifer Curtis,Latoya41@gmail.com,5242256118
3693024,22362,Lynn Rivera,Albert25@gmail.com,1155062010
2926542,99076,Autumn Young,Alicia84@gmail.com,9825265980
5783516,84313,Jacob Cobb,Jacqueline15@gmail.com,3309648751
4131821,89936,Kayla Alvarado,William41@gmail.com,8470675361
3554815,53997,Ms. Brittney Maxwell,John68@gmail.com,1235140893
1677604,53014,Deborah Barber,William34@gmail.com,8822249085
6658120,56519,Elizabeth Richardson,Garrett27@gmail.com,1725544169
8001382,11229,Kevin Barton,Michelle28@gmail.com,3402327387
8588573,20707,Brian Martin,Hunter14@gmail.com,4356295064
2730878,39729,John Rosales,Anthony87@gmail.com,1240122590
9441399,43883,Michelle Dalton,Donald62@gmail.com,3614904934
2326830,40178,Kevin Rose,Marie28@gmail.com,4949462579
7295115,62939,Michael Thomas,Ricardo15@gmail.com,4307455577
4735868,52062,Andrea Parker,Stephanie14@gmail.com,9758353796
8652151,59103,Daniel Henderson,Kenneth31@gmail.com,3601844677
4649087,30388,Christopher Brown,Jeffrey39@gmail.com,6272077622
9673915,14553,Corey King,Leslie2@gmail.com,2996342885
1247669,55317,Kristina Garcia,Ronald34@gmail.com,6678823495
5193200,57431,Sarah Woods,Patricia66@gmail.com,4650845917
2069624,87727,Corey Schmidt,David3@gmail.com,6226314481
4838798,73403,Michael Berry,Alexis88@gmail.com,4635551790
6675413,40665,Marc Shea,Michael75@gmail.com,1031142916
4767551,80719,Kevin Turner,Thomas77@gmail.com,7285582105
8772286,40987,Charles Kline,Amy85@gmail.com,6888729071
9114413,24005,Tina Andrews,Nicole61@gmail.com,5655662742
4911106,59686,Corey Taylor,Michael91@gmail.com,1553589945
8020431,99779,Melissa Ortiz,Patrick9@gmail.com,5378240610
7622881,29629,Michelle Peterson,Michael71@gmail.com,2121457124
2342140,30456,Michael Casey,Deborah7@gmail.com,2258048070
8396337,95592,Michael Gregory,James7@gmail.com,9658469091
2959150,30119,Jason Jones,Brian11@gmail.com,6464108560
9721107,96034,Brandi Wilson,Chelsea69@gmail.com,5579804032
9148327,94080,Jerry Adams,Chelsey86@gmail.com,1420732129
3931003,41310,Sarah Stout,Kyle51@gmail.com,6095999407
7735911,48731,Lindsay Garza,Amy34@gmail.com,8415847042
7590525,26520,Eric Woodard,Christina8@gmail.com,2436360379
6066447,61807,Ryan Black,Richard22@gmail.com,5738699073
2765257,44913,Eric Smith,Isaac13@gmail.com,3076101261
4836744,45615,Jennifer Ross,Kimberly10@gmail.com,4265369533
1022498,43658,Sophia Austin,Frances61@gmail.com,8799750601
3286868,53444,Deborah Buck,Colton66@gmail.com,5562527714
8493559,97202,Kelly Gonzalez,Pam53@gmail.com,6017697925
1509772,48441,Maureen Powell,Raven27@gmail.com,1350027471
4797450,34812,Dan Allison,Briana38@gmail.com,5716194897
8248469,79770,Bonnie Williams,Dustin2@gmail.com,5892598785
3440638,78473,Terry Dyer,Blake15@gmail.com,2173588248
4704030,84767,Cory Newton,Sandra70@gmail.com,1359315546
2352919,35852,Mary Adams,Colleen81@gmail.com,7442505445
2372585,29301,Kimberly Becker,Sierra29@gmail.com,1408718390
4737523,58906,Leah Lynn,Holly23@gmail.com,1026757505
7714092,72773,Grant Rosales,Joseph71@gmail.com,4640886483
5960617,23935,Elizabeth Mccarthy,Trevor16@gmail.com,5565547842
8919488,41051,Steven Goodwin,Paul77@gmail.com,8116083424
1916170,40543,Elizabeth Robinson,Alexandria66@gmail.com,1947573813
7131719,66478,Tiffany Boyer,Jason60@gmail.com,7527227014
1255158,54223,Justin Patel,Dawn63@gmail.com,4921031239
7847697,59437,Morgan Smith,Lisa12@gmail.com,7730032900
8253441,76511,Rebecca Davis,Katherine3@gmail.com,8552566969
1396361,30784,Leah Brown,David44@gmail.com,8316105332
1396832,32230,Matthew James,Charles81@gmail.com,4538810816
2697334,42190,Jeffrey Christian,Michelle79@gmail.com,1308711851
4176351,66196,Donald Harris,Victor76@gmail.com,1804562378
8924253,39435,Kaitlyn Martin,David51@gmail.com,5251904706
1632952,20308,Kristen Hawkins,Sean76@gmail.com,5495092434
9763115,62668,Julia Lee,Earl85@gmail.com,8990832880
8492637,87878,Karen Newman,Carolyn63@gmail.com,6530014587
7821062,15675,Sean Savage,Nicole38@gmail.com,3220386522
9943187,53722,Frank Lopez,Dustin68@gmail.com,8441426567
1982178,13052,Rebecca Wyatt,Marie53@gmail.com,9030703267
3660157,38753,Ms. Sandra Garcia,Casey88@gmail.com,9725833929
9988040,68245,Chelsea Lopez,Scott43@gmail.com,3976332532
8947582,36440,Jessica Walker,Taylor89@gmail.com,3287032566
6666305,67317,Krista Pearson,Patricia60@gmail.com,2862023154
2315899,34004,Cindy Cohen,Anna52@gmail.com,9529282840
7768557,96726,Connie Ware,Susan70@gmail.com,3458194918
6020914,26545,Crystal Spears,Robert56@gmail.com,8730408404
3118443,21044,Denise White,Jasmine70@gmail.com,7700930014
9286443,85981,Lauren Davis,Vanessa60@gmail.com,2851839655
3616250,18817,Laura Chandler,Chris14@gmail.com,8282358695
7153796,61215,Christina Martinez,David33@gmail.com,2067998696
2932389,90682,Christopher Gonzales,Wesley21@gmail.com,1319757777
3079081,92993,Carol Scott,Anna10@gmail.com,4827300950
9303302,93323,Tyler Lutz,Jennifer30@gmail.com,6169110859
2840981,40988,Kathryn Hall,Kathleen36@gmail.com,8006449456
5044003,56816,Juan Lawson,Barbara14@gmail.com,2655388983
2077222,67507,Tiffany Mason,Shannon74@gmail.com,8765412129
7635029,13894,Brian Pollard,Keith30@gmail.com,8483529571
6737676,64757,Caleb Larsen,Jimmy36@gmail.com,7816162542
8629120,20339,Sharon Lutz,Beverly39@gmail.com,1449268970
3241631,21247,Connie Day,Karen59@gmail.com,8397279909
9471982,13320,Patricia Oneal,Cassandra24@gmail.com,1966286397
7940074,78193,Ronald Parker,Michele59@gmail.com,1394261059
9512413,48772,Summer Parks PhD,Matthew48@gmail.com,9236516857
1341661,79236,Martin Brown,Ronald3@gmail.com,6503886031
6617012,80930,Harry Best,Ralph67@gmail.com,3541335473
5221403,47019,Ryan Daniels,Jennifer33@gmail.com,3244520047
6384597,84762,Dawn Bailey,Joseph28@gmail.com,8160327460
1208603,62837,Sylvia Nelson,Christopher86@gmail.com,5924632068
6364497,68372,Victoria Brooks,Marisa41@gmail.com,5701813143
2157397,90103,Lori Williams,Nicole16@gmail.com,2957253126
1870242,75814,Jamie Wilson,Joshua58@gmail.com,7759611280
6221825,48039,Nathaniel Graves,Kathleen89@gmail.com,7147895318
1551856,67050,Katherine Smith,Steven2@gmail.com,8141626671
6388087,36555,Randy Johnson,Brittany90@gmail.com,2065001107
9712644,55562,Thomas Hancock,Regina79@gmail.com,3975202277
6362325,83806,Christine Ruiz,Robert29@gmail.com,2709556560
2622496,56798,Christian Yang,Cody37@gmail.com,5689063985
6448162,47629,Wendy Walsh,Zachary72@gmail.com,8478651398
9514030,46878,Lisa Goodwin,Traci93@gmail.com,8965749819
9739405,50274,Erica Payne,John93@gmail.com,8212077143
2379992,20918,Erika Allen,Martin82@gmail.com,7759439673
6725186,52029,Amy Gould,Lucas17@gmail.com,6677504936
8319882,61886,Marissa Wilson,Shelly85@gmail.com,1661769193
3905442,98271,Edward Ray,Ralph39@gmail.com,1805858184
8835928,47737,Dawn Hernandez,Kevin79@gmail.com,2295270742
5482249,55198,Heather Cunningham,Michael26@gmail.com,3280196258
2661183,18453,Derek Torres,Jonathan32@gmail.com,6257920541
9963951,29326,Melanie Patterson,Brandy74@gmail.com,3032290802
8463171,85105,Wendy Jensen,Jennifer56@gmail.com,1796188436
9467727,46696,Miss Carol Turner,Monica83@gmail.com,9748381721
5528741,10542,Daniel Delacruz,Jose76@gmail.com,2691234711
4970685,97791,Sandra Jordan,,4145964641
5182075,25342,Nathan Nguyen,Brenda34@gmail.com,2655212962
3889389,38592,Melissa Jimenez,Michael4@gmail.com,1888322414
3793685,76386,Edward Johnson,Robert38@gmail.com,8392054466
3347145,68042,Monique Shaw,Bradley14@gmail.com,7407539925
5502645,75252,Cole Clark,Bailey40@gmail.com,1338641671
6544912,22619,Bradley Herrera,Elijah99@gmail.com,6157046594
7443232,22849,Christopher Henson,Kevin21@gmail.com,2907815960
4117992,85099,Tammy Greene,Max90@gmail.com,5077055426
4727541,81044,John Mcdaniel,Yesenia53@gmail.com,7900437782
3557321,10920,Robert Gomez,Devon28@gmail.com,2478386396
6315340,16393,Ethan Hodge,Mark80@gmail.com,9953950598
7691707,84331,Jennifer Weeks,Amanda30@gmail.com,7070466585
9304405,75928,Heather Mahoney,David12@gmail.com,4877685046
9392771,96307,Bonnie Evans,Ernest89@gmail.com,1380283808
8848678,50523,Joseph Miller,Jason9@gmail.com,9892653265
5317903,50990,Michelle Perez,Heather11@gmail.com,8451281117
2728744,19376,Kelly Nguyen,Cindy49@gmail.com,4462035547
9299705,15811,,Brad10@gmail.com,5997109357
8755087,72612,Timothy Cruz,Tammy38@gmail.com,8302567227
6860511,67374,Eileen Hall,Heather63@gmail.com,5678472096
4133996,54508,Mrs. Marissa Castillo DDS,Megan50@gmail.com,9674028441
7636673,66140,Jorge Peters,Colleen26@gmail.com,7830098798
9240915,74761,Mallory Owens,Todd1@gmail.com,3298538349
8690540,88736,John Myers,Jeffery82@gmail.com,2794312065
5219616,84494,Kelly Brown,Charles88@gmail.com,1597286493
2554031,52741,Dominique Banks,Tyler98@gmail.com,5852327544
7679015,86008,Benjamin Lowe,Gregory5@gmail.com,5292599068
7596521,93756,Alisha Odonnell,Amanda8@gmail.com,2557620116
5512770,75967,Kristina Glover,John38@gmail.com,2286767333
1255228,58172,Mrs. Tonya Gibson,Curtis78@gmail.com,2301717078
8405078,76209,Lisa Johnson,Kayla27@gmail.com,8180447575
8056752,38011,Christopher Donaldson,Pam79@gmail.com,5431035084
3213787,13359,Mr. Scott Jones DVM,Timothy11@gmail.com,2702731335
4481959,52248,Nicholas Sandoval,Toni40@gmail.com,6503448921
1932084,79992,Thomas Bright,Cory50@gmail.com,3621114606
1964024,82461,Chloe Flores,Felicia88@gmail.com,9306549588
7486923,16489,Brandy Day,Brian56@gmail.com,1109323607
5164383,17363,Cesar Gutierrez,Antonio71@gmail.com,1894338834
4004113,95890,Joshua Johnson,Timothy10@gmail.com,1741344361
7994869,11401,James Lee,Toni92@gmail.com,9620592810
7977412,98771,Shelby Webb,Thomas23@gmail.com,4838754401
7477206,54251,Shelly Sanders,Derek1@gmail.com,1740963839
2643728,23540,David Nash,Gregory67@gmail.com,2296657004
1174678,18566,Kelly Lee MD,Marcus89@gmail.com,7671220659
2632074,93647,Christopher Newman,Rebecca45@gmail.com,4636922069
6680568,13914,Jeremy Robertson,Margaret39@gmail.com,1865624784
9086631,41430,John Kelly,Destiny7@gmail.com,7881782405
8393776,50475,Victoria Nguyen,Sarah77@gmail.com,3060901894
8803605,32136,Daniel Nelson,John98@gmail.com,6179863685
9882122,79848,Luke Brown,Benjamin1@gmail.com,5560183868
6433065,41574,David Mcdonald,Adam86@gmail.com,1456408116
1147222,53786,Sean Hudson,Tammy70@gmail.com,5120140285
3726871,80671,Ricky Brown,Laura96@gmail.com,9102928152
6778920,54832,Keith Johnson,Margaret55@gmail.com,9049421117
5223755,42960,Michele Bradford,Patrick61@gmail.com,4553065221
8702451,60295,Leslie Morgan,Edward13@gmail.com,5741855912
3464166,44093,Joseph Thomas,Sharon56@gmail.com,2635746944
5689515,44556,Monique Crawford,Rose19@gmail.com,6717866659
7169185,89842,Roy Mercer,Todd85@gmail.com,6517162891
3826128,46515,Kara Diaz,Bradley51@gmail.com,2986855279
7222509,23450,Victor Burton,Samantha61@gmail.com,5283626529
6189968,49022,Julie Fritz,Connie91@gmail.com,3886348445
1576406,32458,John Smith,Sara74@gmail.com,3573232308
1720430,90662,Anita Ayala,Oscar68@gmail.com,8626514048
9124735,18810,Rebecca Turner,Lisa84@gmail.com,7522364687
6299909,77746,Nicholas Hall,Teresa21@gmail.com,5490295016
9990068,79502,Jonathan Estrada,Jennifer9@gmail.com,7197309882
8705673,73750,William Harrington,Jesse73@gmail.com,6039382879
4915661,32479,Brandon Mejia,Lisa33@gmail.com,7849500888
8103626,68503,Jason Glass,Jacqueline48@gmail.com,9994414882
8594406,85988,Kimberly Joseph,Lisa61@gmail.com,4142934163
6777276,81516,Brianna Taylor,Devin70@gmail.com,9103904037
2175779,42202,Ashley Vasquez,Cody18@gmail.com,6528514336
6224129,81354,Desiree Bullock,David45@gmail.com,6548639130
8170228,93696,Jillian Cherry,Mario96@gmail.com,3040326131
7850333,57497,Carl Hernandez,Patrick74@gmail.com,9333783204
8037232,42847,Bradley Boone,Rebecca27@gmail.com,6918979512
8773067,80465,William Yoder,Deborah31@gmail.com,2960213251
4128425,82952,Dwayne Hart,Jennifer63@gmail.com,6562124343
6697912,10664,Christopher Garcia,Paul16@gmail.com,9318572535
2176186,84358,Charles Wilson,Joseph78@gmail.com,8002759754
6482819,66860,Megan Hicks,Angela96@gmail.com,5048075565
5474095,95971,Victoria Berry,Kelly34@gmail.com,5328435889
3074733,64583,April Knight,Melissa99@gmail.com,5813761703
3285521,44045,Melanie Wilson,Kimberly83@gmail.com,5155534040
3953534,25214,Angel Vincent,Heather75@gmail.com,8453916686
4995773,45663,Jeffrey Hale,Michael79@gmail.com,1818816169
5648934,76961,Amy Hubbard,Jon28@gmail.com,7929780809
1404026,79728,Stacey Johnson,Jennifer48@gmail.com,2290220254
5767939,81638,Michael Dean,Glenn77@gmail.com,3847727087
6804124,56198,Laurie Patterson,Christopher10@gmail.com,3651246164
6776851,13260,Destiny Harper,Michael41@gmail.com,6021657117
1192038,74833,Rachel Kemp,Lisa80@gmail.com,7259143395
1125878,79246,Erin Blankenship,Shane77@gmail.com,1646078251
1196455,52124,Linda Hernandez,Jennifer59@gmail.com,6473015318
1942778,46686,Michelle Leon,Heather9@gmail.com,2869095337
5809244,45905,James Norris,Diana54@gmail.com,5222530268
2484413,46966,Stacy Schultz,Anthony64@gmail.com,6248683713
1760278,24520,Daniel Pena,Lisa62@gmail.com,5855001176
2098288,23720,Alex Mendez,Preston78@gmail.com,2741913997
1583334,36459,James Ellis,Kathleen37@gmail.com,3818534218
1557658,58637,Curtis King,Sara88@gmail.com,3649504887
5272328,78117,Lindsay Tucker,Jamie53@gmail.com,3362726568
2015251,31580,Kenneth Blair,Benjamin82@gmail.com,5534762696
4123973,10933,Anthony Hurst,Monique17@gmail.com,3132797004
9268050,66006,Melissa Perez,Theresa38@gmail.com,5307359191
7535647,31393,Troy Conley,Cathy60@gmail.com,7804071026
7817843,72009,Sherry Johnson,Matthew15@gmail.com,4624352777
6726246,42474,Marcus Pearson,Mark39@gmail.com,4928165562
7708578,82957,Jacob Velez,Teresa49@gmail.com,2593620297
4407287,34289,Alisha Miller,Tyler45@gmail.com,9478688969
5727479,10557,Susan Friedman,Kayla78@gmail.com,2116873690
6468295,10970,Daniel Newton,Nichole54@gmail.com,9282015264
7899829,96226,Heather Morris,Ryan25@gmail.com,7607098174
8397609,46065,Beth Reed,Jason50@gmail.com,3173799580
6715257,55541,Patricia Moore,William75@gmail.com,6995934518
9206792,56015,Jon Fernandez,Laura87@gmail.com,5992855662
1161883,60870,Jacqueline Barnes,Tracie5@gmail.com,4972817949
3702352,41358,Matthew Carter,Joseph34@gmail.com,9331784605
2519390,14658,Rachel Gay,Kristy70@gmail.com,2374785512
5480601,46380,Kristen Johnson,Sarah9@gmail.com,1956219027
3126144,51790,Daniel Conner,Kristin17@gmail.com,1876111095
2613244,80959,Susan Ward,Joel62@gmail.com,7003966865
2624908,52989,Connor Scott,Vernon6@gmail.com,1355551421
4729473,68806,Christopher Taylor,Phillip42@gmail.com,4268348638
7839592,29791,Jessica Cole,Brianna5@gmail.com,6017226477
3794569,57688,Dawn Clark,Alicia64@gmail.com,4012785457
6546688,62382,Brandon Aguirre,Bryce20@gmail.com,6678290862
4785735,38789,Joanna Howard MD,Karen19@gmail.com,3202563402
5691998,90769,Mark Lowery,Christian87@gmail.com,3624169271
1317574,36694,Kristin Bowen,Brent14@gmail.com,5851842135
4420836,91553,Ryan Monroe,Leslie39@gmail.com,3568641345
7207868,81811,Joseph Brown,Katrina81@gmail.com,7978668839
6438603,85406,Mr. Nathan Adams,Michael44@gmail.com,7319823956
1582383,96167,Evan Smith,Samantha15@gmail.com,1979184156
7181321,89889,Jeanette Cain,Amy12@gmail.com,1446505728
3367547,74228,Alyssa Williams,Jacqueline63@gmail.com,5938163302
5111192,41680,Pam Anderson,Lisa45@gmail.com,4888755233
4858532,96029,Rhonda Ochoa,Robert41@gmail.com,6368271327
9522506,41665,Timothy Obrien,Samantha91@gmail.com,7663398856
3342160,85357,Randy Foley,Holly82@gmail.com,8233374535
6210309,66115,Karen Boone,Jennifer63@gmail.com,4806032880
8271040,33205,Nancy Smith,Sara4@gmail.com,4114783308
6788322,31467,Jennifer Huang,William36@gmail.com,4694543082
6620130,52144,Jason Smith,David60@gmail.com,4843651758
9421759,51998,Michael Dean,Patrick82@gmail.com,4950994866
9384240,67665,Daniel Obrien,Miranda93@gmail.com,8342544384
7058730,,Dr. Sylvia Colon,Caitlyn30@gmail.com,6868002254
3911842,98764,Rebecca Moss,Steven48@gmail.com,9138683851
4581106,88966,Laura Rose,Dennis52@gmail.com,3189622328
4824779,61371,Jessica Davis,Michelle65@gmail.com,4655959415
1572817,56808,Steven Stevenson,Anthony4@gmail.com,2543308995
8750582,81893,Kathleen Jones,John41@gmail.com,8926907312
2448091,98435,James Carroll,Mary22@gmail.com,8132750574
8013922,76754,Matthew Russell,Jeffery42@gmail.com,3236131467
8606272,65171,Lee Hudson,William78@gmail.com,7849890775
9990009,98353,Robert Martin,Jose66@gmail.com,2911092324
1211155,89893,Jennifer Hodges,William90@gmail.com,7193947219
7133847,14390,Sandra Thompson,Brandon48@gmail.com,6472778808
6172291,54770,Martin Guerrero,Lindsay86@gmail.com,4577911221
2313985,70224,Rose Blankenship,Ashley16@gmail.com,2152183210
4419566,50467,Meghan Garcia,Lisa74@gmail.com,4901707798
5117271,52561,Sarah Crawford,William28@gmail.com,8631337604
5930303,56655,Bob Sanchez,Madison25@gmail.com,6636792852
1001780,36810,Michael Wilson,Carol68@gmail.com,1556954064
6432207,10099,Robert Jordan,Margaret15@gmail.com,3642907859
3623972,28147,Marc Robinson,Rachel9@gmail.com,9081385610
5527621,78463,Kristen Becker,Veronica90@gmail.com,4776576065
4160989,51672,Donna Young,Gerald30@gmail.com,2825132795
7320350,31164,William Patterson,Brittany2@gmail.com,7464110904
3438285,48453,Pamela Brennan,Sharon18@gmail.com,8002659029
9966404,83624,Jennifer Dalton,Alyssa88@gmail.com,3117051220
3625048,94706,Kyle Hernandez,Kristen93@gmail.com,2337599009
3630191,24073,Andrea Barnes,Aaron7@gmail.com,7439024608
4199942,70986,Nicole Vasquez,Theresa40@gmail.com,4813079616
1374089,94962,Shawn Morton,Amber39@gmail.com,1376986951
3317392,57210,Stephen Garcia,Paula47@gmail.com,7257709917
1242649,68943,Amanda Holland,Jessica66@gmail.com,2392942371
4975061,19437,Melissa Harrison,Lisa50@gmail.com,3840772034
2033336,99226,Samantha Carney,Kristine2@gmail.com,9740416394
5042593,88758,Allison Little,Austin46@gmail.com,1232018932
2166083,51830,Wendy Atkins,Amanda93@gmail.com,3439708248
4082315,61161,Karina Morgan,Adam43@gmail.com,7990956529
1580434,27691,Teresa Mora,Christopher76@gmail.com,3785016976
1369038,45128,Adam Morales,Patrick27@gmail.com,4689676060
7136781,83270,Joseph Nash,Tricia5@gmail.com,7591342466
9286951,45520,Donald Jones,Danielle75@gmail.com,7697881851
5094303,71424,Todd Hunt,Kimberly60@gmail.com,1780291586
9545987,88445,Rebekah Mullins,Stacie33@gmail.com,2056895397
1018505,48248,Zachary Warren,Matthew34@gmail.com,5147997256
9145981,92165,Timothy Meyer,Daniel32@gmail.com,3317750694
8982290,17592,Patrick Foster,Richard74@gmail.com,3541634449
9171379,36915,Karen Moss,Erica49@gmail.com,4250590501
9760027,43075,Michelle Williams,Christopher18@gmail.com,9710316589
7057440,95752,Katherine Willis,Ashley10@gmail.com,9494117330
6952123,79292,Pamela Huff,Jacob78@gmail.com,1785921064
3316316,91003,Brandon Smith,Jesse11@gmail.com,6155048006
1977750,25857,Riley Olson,Jason53@gmail.com,4756506701
4588865,64798,Jessica Liu,Lisa57@gmail.com,5043308286
9495513,50052,Tracy Olsen,Marcus17@gmail.com,6749511676
3036251,61695,Ronald Morris,Michael28@gmail.com,1028840977
1626889,82964,Michael Aguirre,Michael18@gmail.com,4059467989
7774093,50094,Courtney Brewer,Eric66@gmail.com,5852633829
6173328,74209,James Little,Sandra78@gmail.com,2232443958
2791824,77769,Kevin Garrett,Cindy37@gmail.com,4300910107
8074873,10662,Kevin Miller,Gabriel30@gmail.com,8585914637
4359206,35998,Shane Flores,Matthew40@gmail.com,1634841334
5527891,59550,Misty Taylor,Katherine70@gmail.com,2494759712
8386833,17282,Kerry Pitts,Heather60@gmail.com,6844565743
8007139,92090,Emily Bennett,Tina31@gmail.com,9230196321
8679413,18281,Keith Barajas,James8@gmail.com,2069315854
3410432,16429,Mary Hanna,Rebecca90@gmail.com,6627656148
3743473,63738,Sandra Montoya,Henry3@gmail.com,8693380409
1150441,16173,David Ramsey,Martin91@gmail.com,7778947392
9796850,30636,Dennis Moreno,William46@gmail.com,6274864403
6770750,83030,Kim Roberts,Tara81@gmail.com,7607351588
2727841,23607,Alyssa Dodson,Laura5@gmail.com,4945528767
1132455,75243,Pamela Gutierrez,Sandra37@gmail.com,7425922159
5568817,26617,Laurie Nelson,Lindsey25@gmail.com,5858426928
7897744,22690,Laura Hess,Steven64@gmail.com,1461381127
2166102,45224,Rebecca Sullivan,Jennifer40@gmail.com,7663580765
6033990,71625,Paul Rodriguez,Russell48@gmail.com,7892923366
8022827,29067,Melissa Moyer,Chad82@gmail.com,8038270447
8429281,37408,Omar Hood,Anne56@gmail.com,2256130621
2849902,73096,Alexandra Ward,Kristen64@gmail.com,8186850899
1071395,54414,Richard Martinez,Nicole45@gmail.com,7823974384
2403372,33770,Allen Todd,Raymond14@gmail.com,9362257359
5167242,49030,Jeremy Velasquez,Marissa11@gmail.com,4676283878
1100685,53669,Deborah Green,Natasha54@gmail.com,3109800454
7575987,91526,Caitlyn Schwartz,Christopher60@gmail.com,5168792655
1388628,86001,Jacob Moore,Megan81@gmail.com,1114142432
3479738,61576,Laura Guerrero,Caitlin95@gmail.com,7908746998
1942073,40622,Alan Booker,Melissa25@gmail.com,4973970097
7045930,17384,Peter Hall,Jamie64@gmail.com,3406114188
3396118,55045,Brenda Wilson,Abigail66@gmail.com,6506220281
2511577,25392,Steven Jennings,Jillian31@gmail.com,8257752324
8348391,99292,Anthony Murphy,Brittany100@gmail.com,8847287593
1174919,82699,Anthony Jones,Jeffery29@gmail.com,8382027441
2147988,72163,Jacob Barrera,George4@gmail.com,4465406517
5869114,57540,Christopher Serrano,Jim37@gmail.com,6760626400
6099427,54128,Colton Morris,Brandon91@gmail.com,2773238291
9016011,24006,Brenda Smith DVM,Brandon60@gmail.com,9871426577
8552809,28558,Gregory Alexander,Kevin9@gmail.com,9408068548
4599425,83708,Dana Waller,Derek21@gmail.com,2364009588
3659957,64667,Janet Mcgee,Alicia79@gmail.com,4427701945
8357339,25393,Anna Sanders,Jake7@gmail.com,6402638127
3277738,88266,Samuel Peters,Bruce64@gmail.com,7740776552
9024117,81708,Jon Huang,Louis41@gmail.com,9321787220
2888454,14130,James Sanchez,Robert62@gmail.com,3416440407
2766189,42335,Dustin Sanford,Maria65@gmail.com,9224388785
6226530,31786,Douglas Valencia,Kelly96@gmail.com,4627156814
4310892,53357,Jacqueline Blackburn,Meghan61@gmail.com,3641465233
3320101,89247,William Sanders,Michael39@gmail.com,3033922784
8153593,88331,Lisa Gibson,Sandra22@gmail.com,8082990287
6936317,81386,Timothy Smith,Madison85@gmail.com,9254837783
4839497,94724,Elizabeth Adams,Greg49@gmail.com,9278674844
8653777,89501,Ashley Bryant,Sarah73@gmail.com,4884206267
2845759,99459,Jessica Hutchinson,Jane42@gmail.com,5785105487
6715472,41293,Tiffany Diaz,John4@gmail.com,9634512692
1950624,34403,Molly Ruiz,Angela78@gmail.com,4638551624
9733115,99010,Suzanne Lara,Rachael66@gmail.com,6222797658
2749337,10040,John Reyes,Dylan66@gmail.com,4707852345
5425850,35252,Lindsey Nunez,Ryan46@gmail.com,5796746102
2893999,85439,Karen Davis,Stephanie86@gmail.com,6585105703
6240516,53468,James Reed,Ashley62@gmail.com,8046293714
4098353,74281,Robert Watson,Daniel79@gmail.com,7185668227
8415545,90642,Danielle Rowe,Brandon59@gmail.com,1005783069
7409472,67393,Maxwell Woods,Alexis40@gmail.com,5134176012
6858601,74214,Brad Bailey,Terri93@gmail.com,6291877154
8846051,81728,Adrian Willis,Amber25@gmail.com,1138431124
6642990,68452,Colleen Smith,Craig10@gmail.com,8705235072
4334864,19543,Joseph Howard,Ann80@gmail.com,9058552982
1322253,35583,Patty Singleton,Stephanie40@gmail.com,7706948330
2425943,97548,Jeffrey Kirby,Karen37@gmail.com,4308516017
2050495,57242,Natasha Smith,Valerie97@gmail.com,7062833266
5633805,83292,Carla Johnson,Andre79@gmail.com,4654726883
2325576,67248,Haley Morales,Sara3@gmail.com,4661854917
8322054,54050,Amanda Gonzalez,Spencer92@gmail.com,7630669809
1824101,91348,Cynthia Kim,Lynn30@gmail.com,4487446585
8053058,17295,Joshua Beard,William36@gmail.com,9186507747
1971278,18645,Caitlin Mccann,John88@gmail.com,9863333316
4173188,39050,Robert Elliott,Andrew98@gmail.com,8404439023
9839511,53487,Brad Stone,Beth14@gmail.com,2346819163
4241572,36203,Jesse Nguyen,Jimmy43@gmail.com,4401922149
9792728,91371,Ryan Schroeder,Alyssa25@gmail.com,6889508691
5325109,97954,Sara Harris,Caitlyn35@gmail.com,7907096556
6338485,32433,Mrs. Cynthia Kelley,Rebecca10@gmail.com,5668588213
3478095,59408,Kristen Owens,Mitchell4@gmail.com,7947469078
1520853,48130,Katherine Cervantes,Heather20@gmail.com,6305105602
9156015,63167,Eric Peterson,Nicholas41@gmail.com,8195855813
1640545,50401,Nathan Page,Justin1@gmail.com,4812223793
5090689,31590,David Haynes,Christopher9@gmail.com,9799832687
3283084,20406,Nathan Page,Jill13@gmail.com,1297796298
1777085,92722,Todd Reid,Kaylee59@gmail.com,4930448884
6723455,93651,Mark Reeves,Bradley70@gmail.com,3855995724
6411383,11991,Matthew Curtis,Rachel41@gmail.com,3164591072
9273165,60232,Allison Malone,Craig52@gmail.com,4634458088
8547698,31019,Sally Porter,Wendy80@gmail.com,4853375759
7361908,96417,Brendan Ritter,Kayla9@gmail.com,5946137178
6482287,71595,Jonathan Osborn MD,John53@gmail.com,2821759107
2829696,69051,Jesse Cooper,Michael29@gmail.com,4610775020
4068386,86425,Robert Guerrero,Katie4@gmail.com,1784407251
7697516,62551,Mark Lin,Christina44@gmail.com,2724527821
1939322,18010,Erin Marsh,Zachary35@gmail.com,2397279319
4675819,94563,Jean Dickerson,Theresa87@gmail.com,4550431822
9038579,44509,Marc Small,Michael95@gmail.com,5381034757
3479508,41831,Judith Taylor,Kyle29@gmail.com,7953552197
8629980,48908,Laura Callahan,Robert61@gmail.com,6116652680
5258572,95858,Elizabeth Mason,Sean56@gmail.com,7605820332
8148268,32571,Samantha Trujillo,Chelsea71@gmail.com,2188985584
8949630,67800,,Tonya22@gmail.com,3640584065
6953845,94376,Natalie David,David63@gmail.com,1536523313
7005360,85777,Miss Rebecca Hampton,Charles58@gmail.com,3273858634
8244869,76088,Kristin Rogers,Casey87@gmail.com,7893762778
8410161,34000,James Keller,Deborah49@gmail.com,2169378284
7905035,37578,Scott Neal,Elizabeth50@gmail.com,8832419753
5167001,48776,Robert Williams,Jason48@gmail.com,8415726077
3265692,56300,Andrew Key,Amber9@gmail.com,5940797382
1381467,65931,Thomas Hahn,Luke42@gmail.com,7226037245
5681094,45975,Jorge Murphy,Breanna33@gmail.com,4696876645
7027003,20517,Joe Riddle,Benjamin69@gmail.com,1638393672
2864420,92694,Tonya Vasquez,Crystal28@gmail.com,6331248139
1196908,40514,Elizabeth Ramsey,Jessica55@gmail.com,4704490486
2143663,40167,Sonya Duncan,Elizabeth27@gmail.com,7062951762
5806172,50237,Sara Lee,Jill18@gmail.com,5337047075
2551165,94762,Benjamin Johnson,Daniel97@gmail.com,9641606152
3602799,29330,Joshua Simmons,Chelsea42@gmail.com,7048013817
4841120,77372,Christopher Wilson,Nancy16@gmail.com,9943736352
7917036,52963,Megan Velazquez,Regina66@gmail.com,4163673141
2146261,62880,Dana Gould,Nicole9@gmail.com,2501377387
8741027,56919,Scott Watson,Matthew44@gmail.com,1051888525
2343796,99285,Stephanie Rodriguez,Tanya40@gmail.com,4673310869
7213647,54680,Mary Stokes,Melinda75@gmail.com,7683978645
7682939,35603,Natalie Crawford,Jose55@gmail.com,2289472990
6559325,36141,Jose Clark,Christina23@gmail.com,3010132187
3294589,12996,Brian White,Lisa89@gmail.com,3974849462
1385414,39632,Christopher Leon,Jacqueline6@gmail.com,3143876017
2816041,50442,Christine Valencia,Briana86@gmail.com,7272189103
6826263,82926,Erica Macias,Robert82@gmail.com,4738686193
6501954,28824,Scott Singleton,Alexandra38@gmail.com,1528329897
5191670,43695,Brandy Simmons,Emily61@gmail.com,3448320898
3360273,27968,Jerry Martinez,Laura2@gmail.com,8564224972
9750461,43064,Sherry Ward,Jeffrey68@gmail.com,6446486107
1756063,64700,Scott Burch,Haley95@gmail.com,1969947468
4572494,65449,Stephanie Howard,Michelle4@gmail.com,7516132100
9163224,46094,Lori Craig,Kendra44@gmail.com,1174014937
3720745,70132,Samuel Garrett,Jonathan5@gmail.com,5766728831
5790053,33521,Kathleen Carpenter,Sandy29@gmail.com,9232929926
6422982,30219,Megan Nicholson,Tom9@gmail.com,9098209660
6266379,22085,Yvonne Pitts,Debbie88@gmail.com,7025920355
1875823,74372,Thomas Foster,Vanessa54@gmail.com,3281227144
8459695,71995,Roy Perez,Tara19@gmail.com,2320983021
7205072,46219,Heather Collins,Mark77@gmail.com,8691213317
3524752,32201,Sandra Cook,Tara29@gmail.com,5016752246
1150955,46473,Renee Jones,Kimberly27@gmail.com,6698385601
6626640,30294,Mark Donovan,Katelyn78@gmail.com,8511782219
1070170,76200,Nathaniel Martin,Barry71@gmail.com,9245189231
4618714,99692,Jacob Short,Andrew96@gmail.com,9854717896
8449743,77289,Patricia Ortiz,Cynthia15@gmail.com,8707085229
3246070,88603,Leslie Romero,Matthew20@gmail.com,7264395886
6262357,66772,Alexander Santiago,Ashley79@gmail.com,4738747971
7820487,15484,Erica Jones,Margaret8@gmail.com,8415610024
1753509,48884,Joshua Medina,Gary61@gmail.com,8866473663
8981318,84704,Jacob Powell,Stephanie32@gmail.com,2913423720
5467005,58264,Cheryl Owens,Paul69@gmail.com,4165143227
9280448,83680,Kevin Bryant,Kevin49@gmail.com,8669677979
9371443,69696,Catherine Thomas,David97@gmail.com,7522708121
2433123,75966,Samuel Robles,Amy60@gmail.com,3257284183
6557290,72613,Yvonne Brooks,Carla35@gmail.com,3664540901
4378688,39656,Pamela Chapman,Robert8@gmail.com,5761179103
4500883,97559,Edward Meyer,Anthony98@gmail.com,6345697799
6293984,62820,Adam Kennedy,Renee85@gmail.com,8841217243
3827760,23085,Stephanie Cooper,Melissa73@gmail.com,6211595685
3494045,59300,Patricia Evans,Caroline55@gmail.com,3827326456
5311662,73637,Stephanie Sosa,Cody69@gmail.com,7411240484
3156472,17082,Tracy Arias,Tracy6@gmail.com,7104666970
4412012,38001,James Wilson,David79@gmail.com,7261333489
1487716,65697,Daniel Moon,Nicholas92@gmail.com,8220698522
8473274,86821,Linda Sanders,Luke57@gmail.com,1282008882
7147486,13452,Tracie Small,Austin49@gmail.com,4767129722
4633031,52675,Benjamin Snyder,Barbara22@gmail.com,6047341776
4283829,94215,Katherine Moore,Brittany36@gmail.com,7260958158
6945235,28893,Mr. Kyle Garcia,Felicia82@gmail.com,8054776254
5327946,91105,Erica Morgan,Jose18@gmail.com,3592099506
1755706,31339,Christopher Combs,Diana34@gmail.com,4424573245
2735160,16916,Andrea Curtis,Danielle8@gmail.com,5315683801
4408978,27302,Jonathan Smith,James79@gmail.com,8109926249
9044453,18784,Mark Thomas,Michelle79@gmail.com,6964727748
9685527,93512,Jonathan Hale,Steven43@gmail.com,2733443967
8676963,64093,Donald Smith,Lisa71@gmail.com,1798292021
2555781,35043,Thomas Carey,Laura61@gmail.com,7838700952
6167424,52848,Stacey Sutton,Kyle12@gmail.com,4807402675
8261152,38497,Logan Baker,Michael59@gmail.com,1014470849
6971219,79756,Hunter Roberts,Heather60@gmail.com,3679509843
3294898,92299,Nicholas Sherman,Angela41@gmail.com,7324496181
9706124,49910,Edward Colon,Brianna61@gmail.com,9264127325
5616720,,Amy Abbott,Sharon12@gmail.com,3526776925
3511487,69166,Cory Reese,Sean78@gmail.com,4247545882
4362826,15610,Ryan Smith,Leah45@gmail.com,5486676732
4550228,47762,Miss Cynthia Ortega,Timothy60@gmail.com,4887433271
9882162,12378,Maria Scott,Diana30@gmail.com,9249313527
6386988,31616,Matthew Rogers,Sandra11@gmail.com,9409845929
2706776,94054,Megan Richards,Aaron4@gmail.com,8533556084
6193793,35865,Lynn Smith,Angelica73@gmail.com,2105238254
8442191,80036,Tammy Collins,Michelle24@gmail.com,1523956240
1633624,35477,Malik Cowan,Michael34@gmail.com,6831147567
5375402,52863,Christopher Jenkins,Kayla23@gmail.com,9082119779
8652190,34585,Shelly Torres,Joel50@gmail.com,7638448711
1054090,35199,Kristy Watkins,Marie76@gmail.com,6411794079
4768986,98141,Matthew Walker,Nicole69@gmail.com,7143942617
4624826,55333,Nicholas Conway,Paula14@gmail.com,5269705725
9645422,40598,Jennifer Orozco,Eugene51@gmail.com,3044238625
9684845,68695,Barbara Bradshaw,Kimberly48@gmail.com,5560544955
8125484,37140,Robert Jones,Sydney19@gmail.com,2913246532
8252453,25490,Cindy Bennett,Alicia46@gmail.com,1929893433
8264314,62194,Nicole Smith,Erica18@gmail.com,6563978381
9204449,89903,Mia Curtis,Joy11@gmail.com,7427618834
2439297,94220,Amy Cook,Elizabeth1@gmail.com,9817953666
8032591,47848,Heather Lawrence,Anthony74@gmail.com,6584012915
9211779,36007,Jacob Anderson,Bryan18@gmail.com,3490804124
9708384,71275,Veronica Gonzales,Mark15@gmail.com,1091179774
4398530,61900,Ronald Jones,Anne51@gmail.com,7773656975
5688923,69422,Kurt Jones,Sheila83@gmail.com,2017574061
3124886,50514,Kathy Schultz,Steven70@gmail.com,3950902415
9269098,93457,Samantha Perry,Christopher29@gmail.com,9101800816
8989213,53247,Tracy Harrell,Samuel13@gmail.com,4888582431
8931709,16647,Lindsey Johnson,Elizabeth59@gmail.com,7657238164
3138137,78929,Mark Collins,Harry6@gmail.com,2774239697
7778453,53682,Dana Bailey,Andrew72@gmail.com,9044205462
5720201,71666,Charlotte Wallace,Michael29@gmail.com,3525102722
9121150,73615,Shannon Stout,Stephanie76@gmail.com,2252029952
9999071,64299,Richard Johnson,Timothy75@gmail.com,5127388898
9279609,89968,Charles Hebert,Dana95@gmail.com,7547613044
4364243,55462,Emily Gonzalez,Danielle29@gmail.com,8518839474
8272406,34896,Katherine Williams,George81@gmail.com,2634964556
5668290,90968,Todd Weber,Steven15@gmail.com,2537956504
3650285,36856,Stephen Ramirez,Jessica23@gmail.com,3809423827
1697556,71053,Megan Miranda,Kim51@gmail.com,3320826735
7318715,23394,Patrick Schwartz,Charles54@gmail.com,2924537628
1842915,95681,Stacy Diaz,Amanda14@gmail.com,1467301238
7135406,50256,Michael Johnson,Raymond47@gmail.com,8562346646
6195619,66383,Lawrence Sims,Meghan20@gmail.com,3212361009
5529091,39648,Natasha Hernandez,Elizabeth13@gmail.com,4570705464
6137633,65919,Brandon Rogers,Brett24@gmail.com,1280454303
2810368,78645,Andrew Jones,Anne25@gmail.com,1543326955
9592944,54666,David Lynch,Luis79@gmail.com,4043950936
7457085,54387,Monica Garcia,Catherine24@gmail.com,1470734519
2155955,24803,Larry Jones,Jennifer25@gmail.com,9545992479
1346401,43959,Darren Goodman,Bradley4@gmail.com,6887391536
4136036,70550,Linda Mckay,Allison29@gmail.com,5972400232
1856208,40031,Sarah Morris,Thomas90@gmail.com,4971335761
3356938,91078,Dr. Jessica Rose,Julia38@gmail.com,4599704856
9690525,89460,Mary Middleton,Willie77@gmail.com,4533992809
8469222,66172,Johnny Hernandez,Nicholas87@gmail.com,9919443672
6135742,40825,Todd Phillips,Michael98@gmail.com,5337498504
4274758,69784,Christina Phillips,Denise19@gmail.com,8945300078
3517227,91539,Heather Hunter,Amy82@gmail.com,9815737863
4375878,29944,Felicia Lewis,Alicia50@gmail.com,1509772984
9061489,94468,Vicki Anderson,Megan49@gmail.com,1161534498
1648947,65654,Caroline Moore,Katrina39@gmail.com,6466955529
9205914,60749,Jeremy Mason,Jesse56@gmail.com,2077381688
4571275,26222,Ashley White,Pamela59@gmail.com,6566734058
3521600,10727,Angela Johnson,Steve27@gmail.com,4307920165
2232734,25196,Tammy Reynolds,James91@gmail.com,6295675474
6603134,26637,Jessica Shelton,Adrian80@gmail.com,7427899910
3251155,24415,Kevin Burnett,Shannon70@gmail.com,2376131469
5215503,45019,Vernon Maxwell,Matthew91@gmail.com,1476958326
3595317,85152,Jessica Mccormick,Nicholas79@gmail.com,1602707328
1861661,83663,Dustin Gonzalez,Katherine7@gmail.com,3842086437
5381857,22918,Allison Montes,Pamela100@gmail.com,6835342114
6960151,37908,Shawn Jones,Joanna67@gmail.com,1059348857
7104754,26081,Justin Werner,Robert17@gmail.com,7331505191
8920767,99038,Maria Brown,James99@gmail.com,3803768585
7395701,77654,David Williamson,Gerald19@gmail.com,2118035867
3453321,35128,Laura Levy,John98@gmail.com,4185811311
6600848,39564,Paula Schultz,Ronald54@gmail.com,1506426835
7727480,96924,Carl Carson,Donna60@gmail.com,9806186550
5430980,76063,Jason Lowe,Teresa19@gmail.com,3026611395
1193117,89140,Andre Gonzales,Justin98@gmail.com,1402680076
5798423,26912,Michael Mckee,Justin32@gmail.com,7335235770
9601663,59452,Janet Griffin,Alexis43@gmail.com,9536972883
9248660,82663,Molly Washington,Teresa13@gmail.com,2307094684
7733836,46563,Carrie Morris,Dustin31@gmail.com,7229281781
6921855,46390,Ronnie Scott,Steven29@gmail.com,8141461577
1298219,69564,Richard Kennedy,Brett74@gmail.com,5608693336
2625993,37995,Mrs. Sarah Guerrero,Maria92@gmail.com,5236848609
3887959,46080,Paul Hill,Nicholas75@gmail.com,7557252155
7524423,86924,Matthew Jones,Lindsey96@gmail.com,5147611967
9864690,98724,Manuel Ware,Becky59@gmail.com,5298123052
5480756,66756,Jimmy Mcgee,Michele56@gmail.com,1212051446
8051401,39950,Lawrence Robbins,Samuel42@gmail.com,7879279952
9583428,85369,Erik Hines,Travis33@gmail.com,5958169365
3013650,80673,Alexis Rowe,Adam57@gmail.com,8879489804
9357811,50211,Troy Lopez,Andrea7@gmail.com,8085303885
7517925,17412,Samantha Lee,Jennifer71@gmail.com,1343909485
5979217,59324,Nicole Lee,Keith52@gmail.com,9942251358
5922396,58207,Sharon Alvarez,Pamela90@gmail.com,3994581631
2193543,70718,Jacqueline Wilson,Tammy31@gmail.com,2657537896
3937685,84746,Andre Griffin,Jessica81@gmail.com,6666199524
8128803,81943,Catherine Solis,Nicole81@gmail.com,7853137592
2576394,47391,Thomas Mcdonald,Jorge30@gmail.com,7377785747
8730409,85911,Craig Parks,Anthony91@gmail.com,2865505836
5095842,54965,Mary Hernandez,Rachel8@gmail.com,1260627278
7826158,99833,Lisa Williams,Cheryl35@gmail.com,7070426682
3958959,95002,Paul Hampton,Shannon97@gmail.com,1711260764
8329310,71791,Jacqueline Johnson,Katrina98@gmail.com,2979150360
8304702,23197,Terry Johnson,Lori8@gmail.com,9142206335
2864328,92954,Jeanne Griffith,Valerie87@gmail.com,3325407107
9211692,91432,Ryan Nelson,Matthew42@gmail.com,3199647983
5823504,20357,Michael Gray,Frank66@gmail.com,6978286266
7594980,51974,Michael Perez,Maria48@gmail.com,8858667281
6277159,49066,Kathleen Martin,Sara3@gmail.com,7362172395
2300229,65756,Mrs. Lisa Edwards,Shannon93@gmail.com,8004560593
1098596,18534,Brandi Salas,Jonathan38@gmail.com,7283837365
1889120,30359,Hailey Perry,Mark16@gmail.com,9800721159
8609964,86656,Robert Hall,Shannon54@gmail.com,6382920710
6683857,33566,Anne Wolfe,Amanda82@gmail.com,1348051941
7073932,86351,Brian Cobb,Richard48@gmail.com,5083472469
6165995,63462,Thomas Lam,Daniel75@gmail.com,9100019213
5718807,84671,Samantha Perez,Jeffery96@gmail.com,2331425348
4864145,37179,Jeremy Casey,Virginia58@gmail.com,5836636149
6613556,45225,Christian Fox,Jeffrey73@gmail.com,7579921029
6966645,92798,Gabriela Lin,Robert45@gmail.com,5154526183
9425244,99327,Terry Shelton,Ryan23@gmail.com,3268027389
1644327,94877,Vincent Davis,Laura69@gmail.com,2005927742
8247107,31097,Gregg Stewart,Michael9@gmail.com,1899731827
7141998,41624,Benjamin Todd,Tammy70@gmail.com,4478468916
4204894,66198,Veronica Wilson,Lisa72@gmail.com,4493313260
7577341,63214,Yvonne Marshall,Brian42@gmail.com,9918447287
2555771,13465,Amber Rodriguez,Timothy88@gmail.com,6188949341
1895687,10909,Thomas Garcia,Sandra55@gmail.com,8615343533
9314016,58123,Chad Moore,Sheena88@gmail.com,9744778899
1148989,34282,Yolanda Downs,Janice59@gmail.com,9110316056
9798040,37111,Alexander Parks,Theodore81@gmail.com,7924697623
4117304,48239,Mr. Tyler Anderson,Carla93@gmail.com,5436029554
6371549,85059,David Wagner,Michelle61@gmail.com,5666410844
5029274,23944,Jennifer Pena,Christopher31@gmail.com,9677039192
1914771,66371,Dr. Michael Bryant,John70@gmail.com,3590368403
6537983,39971,Victor Baker,Timothy3@gmail.com,7156334267
6966789,27644,Kenneth Acosta,Ryan56@gmail.com,6678634926
3704855,64933,Madeline Peters,Vanessa96@gmail.com,3972836114
1793625,81781,Michael Gardner,Alexandra17@gmail.com,3110864937
2898488,40625,Dawn Thompson,Brianna26@gmail.com,6815216517
5039293,39171,Justin Chase,William25@gmail.com,7173423061
7712302,73330,Marvin Hines,Scott86@gmail.com,7062143549
8637628,46692,Zachary Griffin,Kimberly74@gmail.com,6321559697
4220247,96118,Joseph Beard,Adam86@gmail.com,7164557491
8761811,70991,Dr. Matthew Sutton,Judy84@gmail.com,9776981137
9779945,97619,Sandra Hanson,Brad79@gmail.com,4380796168
7310131,96996,Danny Blevins,Jared14@gmail.com,1410238763
3483623,58234,Nicholas Williams,Daisy68@gmail.com,7081706810
5377684,16897,Justin Johnson,Tammy20@gmail.com,6610148863
6686217,68718,Stacey Farmer,Reginald80@gmail.com,9869674918
3194444,98420,Jasmine Benitez,Jason47@gmail.com,6515869695
4957231,85053,Alexandra Brown,Leslie14@gmail.com,6962626489
3227355,94207,Stephen Ramirez,Daniel57@gmail.com,3557477698
4504743,12689,Jeremy Harrison,Kathryn4@gmail.com,4536413926
5536386,10632,Michael Ortega,Mary58@gmail.com,3965149715
3165430,78603,Wesley Mitchell,Ryan63@gmail.com,2812318040
6075937,29501,Sheila Rivers,Ashley60@gmail.com,7569661656
6669623,98829,Diane Wilson,Robert30@gmail.com,4053347079
8685888,59121,Victoria Phillips,Catherine47@gmail.com,6676112930
4626448,25044,Andrew Johnson,Corey81@gmail.com,7925078565
4818230,69962,Heather Ross DDS,Joel23@gmail.com,1756149073
3179763,76586,Brian Montgomery,Isaac55@gmail.com,4705945503
5847150,80848,Brian Browning,Joel44@gmail.com,2761783401
4713054,38898,Julie Graves,John82@gmail.com,4207055308
3348810,88972,Anthony Williams,Brandon50@gmail.com,9378971154
7100865,80250,Anthony Allen,Donna52@gmail.com,2029248899
8586224,49072,Leslie Clark,Rachel30@gmail.com,3771213458
7622227,68093,Chloe Gonzalez,Brandon87@gmail.com,3934346696
5513160,31082,Adam Smith,Jessica80@gmail.com,9069246670
2467128,65318,Jennifer Murphy,Alexander36@gmail.com,3646519060
5251645,20539,Andrew Robinson,Brittany52@gmail.com,2919960236
4642543,41645,Michael Wright,Michael89@gmail.com,6853199058
5211511,68519,Antonio Harris,John23@gmail.com,6450235103
6587471,55820,Aaron Delgado,Juan44@gmail.com,2560506886
6311685,71036,Elizabeth Watson,Anne91@gmail.com,8385002051
1067866,31397,Lisa Jacobson,Jennifer39@gmail.com,1857954874
7938732,18659,Erica Thomas,Michele20@gmail.com,4688088834
9672394,78532,Robert Williams,Sheila78@gmail.com,3362021258
9198873,50218,Robert Baldwin,Barbara84@gmail.com,5343307767
5079553,68994,Kathleen Ray,Micheal90@gmail.com,5024292882
3810352,14739,Andrew Bowers,Jonathan17@gmail.com,2539827500
6518415,30129,Tiffany Cook,Jeffrey10@gmail.com,1001598724
7032240,25601,Mary Lewis,Roberta37@gmail.com,6389268940
4140158,57989,Christine Marshall,Taylor19@gmail.com,1013970978
5750577,54903,Gregory Lucas,Tiffany67@gmail.com,5562423532
1517079,34302,Jordan Fuller,Benjamin78@gmail.com,1405201556
5968537,97754,Ashley Anderson,Cody95@gmail.com,9430299234
4784859,93715,Cole Allen,Alfred42@gmail.com,2454175738
8788698,29242,Tiffany Pearson,Walter99@gmail.com,5165212894
2927838,15286,Melissa Schultz,Joseph88@gmail.com,6400734708
5824535,55662,Stephanie Parker,Danielle23@gmail.com,5116238829
4341628,61508,Cory Lopez,Brianna43@gmail.com,1674875224
6568091,,Jay Carter,Tara97@gmail.com,7551523102
6886686,77460,Carol Tucker,Luis37@gmail.com,7561615532
4575629,71827,Katherine Sanders,Mary81@gmail.com,8301882615
6949314,17562,Donald Porter,Valerie85@gmail.com,3413039460
3479292,49065,Shawn Brown,Anthony30@gmail.com,8587740937
6875886,61713,Amanda Mcclain,Andrew45@gmail.com,9145673906
6711858,61384,Amanda Lopez,David40@gmail.com,2172419054
6906677,72487,Kaitlyn Navarro,Dwayne48@gmail.com,7014594106
7585545,22781,James Howard MD,Lisa99@gmail.com,5648104118
3074378,67715,Wesley King,Michelle43@gmail.com,9254827959
8313118,23324,Maria Hudson,Lori42@gmail.com,8610350671
1774323,82505,Tracy Miller,Dawn58@gmail.com,8102603896
2472912,83868,Eric Lee,Terrance85@gmail.com,3037263447
7440434,51167,Alice Walker,Jamie29@gmail.com,7013309478
7218529,36097,Tami Ramirez,Tricia67@gmail.com,7592823960
3990141,45906,Karen Rodgers,Patricia88@gmail.com,5106864804
5080880,50498,Michelle Thornton,Stephen15@gmail.com,5897511236
4979654,95195,Jennifer Roberts,Don93@gmail.com,7877730650
5115935,64260,Jenna Cooper,Shannon47@gmail.com,1996291586
5856562,50393,Angela Haas,Carol91@gmail.com,6688013187
3417591,40551,John Peters,James3@gmail.com,6209995455
4363460,54299,Thomas Clark,Karen76@gmail.com,2953384421
5436280,53562,Carl Silva,Anthony33@gmail.com,2984469802
7283002,17377,Christopher Robinson,Lori84@gmail.com,4999257221
3913186,30281,Michael White,Charles52@gmail.com,7362962499
4955942,60993,Kathryn Larson,Carlos89@gmail.com,7196277896
2909919,78338,Jordan Carroll,Cheryl96@gmail.com,8387847204
3432935,58751,Steven Garcia,Casey74@gmail.com,1563951865
6899303,97052,Karen Powell,Brandon92@gmail.com,9889121342
4918628,70191,Joseph Martinez,Jason100@gmail.com,2877333962
9300418,99210,Jennifer Murphy,Jennifer24@gmail.com,9934839276
7210921,50684,Charles Randolph,Jack32@gmail.com,1356468618
6186071,18378,Jessica Johnson,Robert87@gmail.com,3569138048
5394229,22736,Paul Morales,Stephen66@gmail.com,4240445863
1642305,33380,Stephanie Salas,Darrell78@gmail.com,8154506307
1612494,58962,Christine Smith,Patrick50@gmail.com,3128916955
8112141,30674,Melissa Howell,Joshua34@gmail.com,4903058125
8992943,15161,Melissa Moreno,Daniel85@gmail.com,5447325314
2522783,65211,Yvonne Cooper,Ariel11@gmail.com,1379320617
9254168,88111,Douglas Hoover,Savannah76@gmail.com,8951184714
3951210,11968,Willie Ford,Michele79@gmail.com,6271977578
7460821,58492,Kathryn Taylor,Richard61@gmail.com,1756571971
4427727,34561,Randy Kim,Madison23@gmail.com,8502282443
8354224,32090,Luis Hanson,Brooke47@gmail.com,5349811834
4571040,53371,William Maynard,Mary23@gmail.com,3275715003
7912104,55840,Kimberly Reynolds,Robert9@gmail.com,3413749437
5342989,64650,Douglas Keller,Carol36@gmail.com,9018077075
3497183,91925,Benjamin Rice,Robert50@gmail.com,5230214120
9097299,91520,Marvin Sandoval,Jessica86@gmail.com,3519946306
7702991,68928,Kyle Brown,Corey67@gmail.com,7885463513
2461981,76068,Cody Lara,Larry85@gmail.com,3394419619
6821178,73105,Kathy Mayer,Emily34@gmail.com,1930449432
7083683,41626,Emily Miller,Christine53@gmail.com,3289641326
6426284,34560,Mr. Mark Parker II,Megan1@gmail.com,2528057494
6009264,31667,Michael Williams,Tyrone86@gmail.com,5663125479
9738643,82702,Barry Parker,Maria16@gmail.com,5252264356
2801872,98965,Frances Morales,Amanda49@gmail.com,2733454638
9628320,64959,Heather Clark,Bryan92@gmail.com,7901292267
1203577,48689,Jose King,Erica18@gmail.com,7442359078
9491713,37334,Chad Bailey,Leslie7@gmail.com,4078404798
4682812,63679,Danny Richard,Christopher5@gmail.com,4083868658
1449489,13476,Natasha Singh,Scott43@gmail.com,3986326998
1306784,44353,David Rodriguez,Jeffrey41@gmail.com,7954241099
6904333,71816,James Love,Amy82@gmail.com,8038338913
8699467,63890,Dr. Jonathan Garner,Kristi4@gmail.com,9727372258
6825107,56523,Kristen Sanchez,Louis55@gmail.com,7742680765
4353893,91790,Jonathan Brock,Todd50@gmail.com,7701172481
5639478,92313,Laura Morris,Cynthia75@gmail.com,9155710337
3060058,63915,Scott Turner,Wesley66@gmail.com,3645359869
1334070,13284,Paul Mccoy,Christopher45@gmail.com,4545410701
5559179,67837,Matthew James,Karen61@gmail.com,3130602002
8439747,51413,Antonio Mccarthy,Matthew62@gmail.com,9271779911
2459852,86880,Richard Miller,Cindy92@gmail.com,2965867402
9544501,76768,Dawn Burnett,Shane98@gmail.com,8244625725
2902438,93100,David Bentley,Alice52@gmail.com,9802420532
8366164,31241,Robin Martinez,Jennifer20@gmail.com,5028325871
3417335,54298,Sonya Peters,Justin51@gmail.com,9078312021
6869249,45380,Donald Anderson,Bryan43@gmail.com,5333557054
5628682,97526,Brandon Gilbert,Christopher81@gmail.com,6023280889
5434343,25398,Ashley Brown,Kristen49@gmail.com,9464032796
9093490,29790,David Morgan,Dominique17@gmail.com,7495354857
9512190,70829,Rachel Boyd,Christian32@gmail.com,4166964947
6135603,63096,Danielle Mcconnell,Monique87@gmail.com,8624435754
2688139,84757,Ryan Gomez,Christopher87@gmail.com,4885487007
8854279,59953,Ashley Moore,Daniel43@gmail.com,4700763724
3981641,17845,Donna Rios,Andrea87@gmail.com,7184783493
5160644,54520,Stacey Melendez,Rhonda94@gmail.com,2590936988
9503913,62405,Kelly Jimenez,Nicole12@gmail.com,7515204361
5667120,79022,Carolyn Stone,Jillian47@gmail.com,1046177557
2956818,14495,Michael Collins,Eric16@gmail.com,9349153088
5389002,88049,Anita Barnett,Karen66@gmail.com,5295077044
8334670,91839,Jennifer Gonzales,Matthew84@gmail.com,3315428589
9183235,97896,Michelle Williams,Lee17@gmail.com,4456318937
9506932,18085,Michael Figueroa,Monica48@gmail.com,7021566384
2480948,76668,Kelly Phillips,,2999434738
9669927,33171,Dawn Kirby,Timothy69@gmail.com,4841800339
6284016,14815,Nathan Wang,Breanna89@gmail.com,6850892045
3220479,73463,Jerry Taylor,Christian49@gmail.com,2193474065
5227905,20870,Patricia Garcia,Howard6@gmail.com,8747564462
8202741,75015,Kim Jordan,Brittany68@gmail.com,4736619010
1379243,81810,Robin Burton,Stephanie39@gmail.com,6300328740
7660403,24803,Stephen Lopez,Amanda17@gmail.com,8151510715
8830324,73198,Nicole Romero,Jeffrey14@gmail.com,2709539749
1677495,10416,John Morris,Amanda3@gmail.com,1722221840
9206312,44967,Benjamin West,Janice12@gmail.com,2892141196
4291640,32695,Kyle Hayes,Austin28@gmail.com,2630146838
4306428,50425,James Riley,April89@gmail.com,1523093038
5968708,75138,Kelsey Yates,James78@gmail.com,6528581169
5695159,42372,Dennis Callahan,Jason19@gmail.com,1190877644
2114466,43717,Teresa Smith,Joseph55@gmail.com,2761587397
8370531,12177,Rhonda Miller,Crystal88@gmail.com,5348498401
6605735,45234,Juan Smith,Debra52@gmail.com,2409351214
7305488,96234,Erica Parks,Taylor85@gmail.com,3907713317
4101587,97196,Holly Adams,Miranda2@gmail.com,6509225988
4703036,21285,Terry Roberts,Christopher45@gmail.com,2659476313
8640675,92685,Stephen Banks,Christopher19@gmail.com,4197595311
4720987,29806,John Peterson,Olivia82@gmail.com,5858479512
8931518,96551,Bryan Hendrix,Stacy60@gmail.com,9658956619
7890582,94774,Amanda West,Timothy99@gmail.com,8999847311
1135845,38137,Jeffrey Meadows,Kelli8@gmail.com,2381971107
8005554,43986,Randall Harris,Allison4@gmail.com,2229611201
7502774,11494,Paul Villegas,Isabella4@gmail.com,5280940962
9490605,93318,David Williams,Kyle80@gmail.com,5901402332
8133906,26752,Jesse Lopez,Eric41@gmail.com,3270257241
3779879,14879,Sarah Snyder,Natalie15@gmail.com,4633932254
6307730,55885,Christian Parker,Mark42@gmail.com,9015988907
5170727,76293,Michelle Baker,James52@gmail.com,4723051545
8146542,22990,Phyllis Peck,Sandy69@gmail.com,2983623005
5647775,46957,William Medina,Traci15@gmail.com,6344299033
9979219,93801,Jeffrey Lewis,Amy89@gmail.com,4922819233
5171696,77419,Christopher Guzman DVM,Melissa82@gmail.com,4243852027
4163617,85956,Sarah Simmons,Donald43@gmail.com,8795546952
1554325,25730,Daniel Miller,Daniel80@gmail.com,1956770055
4936367,57414,Eric Taylor,Jeremy19@gmail.com,7203978871
8190084,59363,Cory Gallegos,Maurice4@gmail.com,4120798319
1868473,54902,Madeline Cunningham,Donna63@gmail.com,1272965276
9387811,92460,Brian Paul,Amy75@gmail.com,7613117943
5399078,12682,Daniel Jackson,Autumn35@gmail.com,9591011564
5853064,12053,Tracy Harris,Tonya79@gmail.com,5212234922
7642549,97789,Timothy Briggs,Raven4@gmail.com,1292897878
7247919,16927,Richard Juarez,Chelsea48@gmail.com,2676508631
1782653,12837,Thomas Glass,Wayne70@gmail.com,3206595600
9769824,49951,Rebecca Hodges,Sheila81@gmail.com,9584796848
6470845,47709,Jeremy Jackson,Zachary78@gmail.com,2030166407
1312283,86829,Sherri Cobb,Tim65@gmail.com,7086784830
9173043,98312,Hannah Smith,Alex44@gmail.com,4242528507
3067560,72860,Brandon Clark,Gloria56@gmail.com,5122001249
3644582,51874,Robert Guzman,Jennifer45@gmail.com,4874715263
8519821,87431,Joseph Kennedy,Kelly70@gmail.com,2135893581
7393899,72584,Betty Stark,Michael69@gmail.com,5778558168
4322912,93943,Kristen Jacobs,Anna42@gmail.com,3716634337
5379689,20606,Janet Larson,Linda15@gmail.com,2543238479
9316322,66166,Taylor Lang,Natasha77@gmail.com,1587538935
4367693,14754,Heather Brandt,Lisa72@gmail.com,3528399274
4655395,31693,Nancy Krause,Angela21@gmail.com,3743581905
3810534,55537,Jacqueline Moore,Sara52@gmail.com,8795278381
2525589,19299,Donald Flynn,Carol100@gmail.com,2419593456
4656358,97929,Andre Rodgers,Robert62@gmail.com,4927398291
8684875,29819,Tyler Fleming,Robert16@gmail.com,5969419838
7399753,32249,Nicole Gutierrez,Michelle27@gmail.com,3608405692
3630395,90385,David Smith,Benjamin75@gmail.com,8385546021
3613498,,Kristopher Hill,Jaime24@gmail.com,1770393508
8476637,24958,Kathryn Reid,Ashley23@gmail.com,2778928348
2504733,31090,Ryan Cooper,Nancy8@gmail.com,7252467361
2722140,22019,Teresa Russell,Erica85@gmail.com,3930452064
4534223,82100,Mrs. Carrie Lee DDS,Jill72@gmail.com,5070340766
2809909,77170,Sarah Price,Gerald38@gmail.com,6744107050
4261438,37579,Alexander Watts,Tiffany73@gmail.com,5597977007
6377479,96759,Jacqueline Washington,Mark2@gmail.com,4399676985
1024979,12356,Logan Lamb,Michelle55@gmail.com,4378577626
7068213,12804,Keith Ferguson,Angela82@gmail.com,5123966041
1838779,90139,Julie Santiago,Nicholas19@gmail.com,7727971979
1229417,85439,Tamara Smith,Misty87@gmail.com,1418012488
8284721,79101,Jessica Cox,Melissa23@gmail.com,6428994790
3894150,40135,Sarah Ramos,Vanessa27@gmail.com,9283592653
2451089,33278,Victoria Brown,Heather27@gmail.com,5895150272
9607532,49017,Samuel Chen,Joshua98@gmail.com,2514031919
4478769,74403,Jacqueline Hicks,Christopher49@gmail.com,8484456416
6872988,46474,James Lewis,Tina15@gmail.com,8606010547
7985043,49587,Madison Smith,Daniel30@gmail.com,8049733419
7220562,64882,Amber Jackson,Joshua1@gmail.com,4143566896
2932114,21899,Christopher Mcfarland,Amy43@gmail.com,4800944767
8529199,26137,Dominique Atkins,Robert57@gmail.com,2588828853
8434265,25913,Michelle Hudson,Brittany15@gmail.com,6266406576
6212453,58117,Anthony Bray,Sarah38@gmail.com,8726508237
6932295,34360,Meredith Schmitt,John78@gmail.com,5838763898
2531082,64314,Thomas Jackson,Cheryl54@gmail.com,9748395348
5407538,44638,Emily Leonard,Ann9@gmail.com,5500847913
4159131,48289,Carl Bishop,Tina8@gmail.com,3139662618
6328298,76444,Edward Fowler,Stephen75@gmail.com,7095351881
2302004,92212,Sarah Duncan,Thomas25@gmail.com,9579091578
7005764,30146,Stephanie Riggs,Alex17@gmail.com,2371868628
3003362,11307,Joseph Bell,Latasha29@gmail.com,1456048505
8092574,17034,John Norris,Paul74@gmail.com,8722464156
2587488,77711,Benjamin Stephens,Gerald91@gmail.com,8347387627
3190455,26867,Penny Rivera,Mitchell42@gmail.com,1315666339
1915541,56311,Jacob Maynard,Heather100@gmail.com,1039137864
8532770,94217,Cassandra Morgan,Andrea93@gmail.com,2327711111
1900688,32952,Jeffrey Guzman,David26@gmail.com,8958418542
5996179,26396,Henry Santos,Jessica4@gmail.com,9966514339
3128081,11639,Jason Patterson,Shane25@gmail.com,9516492324
7040209,65396,Latoya Curry,Paul86@gmail.com,6371415766
2653022,98229,Stephanie Taylor,Mary39@gmail.com,3443061382
5616147,35869,Alexis Boyd,Tammy84@gmail.com,5446933361
1773372,83159,Andrew Noble,Jennifer35@gmail.com,3977951749
5702125,26238,Kimberly Rich,John57@gmail.com,3884059052
1928753,64437,Austin Clark,Craig22@gmail.com,6088889141
3426216,46667,Jennifer Kerr,Jonathan70@gmail.com,2078250220
6252901,43317,Carrie Cooper,Joseph89@gmail.com,8928869308
9143866,22673,Bridget Sims,Morgan90@gmail.com,4067924741
2677099,38485,Lisa Bates,Edwin72@gmail.com,6941980073
7750604,15153,Linda Wright,Joseph55@gmail.com,2134037331
5176776,56886,Ms. Angela Clark,Tracey40@gmail.com,6053872025
9205855,84307,Ryan Delgado,Matthew81@gmail.com,1374775029
9214341,51845,Robert Long,Catherine22@gmail.com,3772165755
9634643,68185,Lee Stephens,Jesse11@gmail.com,4855671419
7823524,21363,Marie Mann,Stephanie93@gmail.com,6553231370
1210381,77371,David Page,Bruce70@gmail.com,9232530632
1724757,80152,Ashley Ross,Joan100@gmail.com,4766555304
1830976,66912,Steven Grant,Brenda91@gmail.com,9881251103
8386183,37829,Michael Spears,Elizabeth16@gmail.com,6158922100
9079705,87446,Jenna Martin,Penny85@gmail.com,5231279825
4852430,16332,Judy Gray,Joseph93@gmail.com,8228045372
1821017,99150,Allen Robinson,Matthew98@gmail.com,8802216272
7918894,14126,Joseph Rodriguez,Melvin82@gmail.com,2740245535
6656002,45493,Brandi Espinoza,Brian32@gmail.com,1087172566
8949134,63914,Ashley Bennett,Jeanette33@gmail.com,4772031217
6347754,64630,Rachel Smith,Ryan93@gmail.com,6054100000
5548814,55666,William Gordon,Teresa48@gmail.com,8386836384
9789772,52114,Jordan Williams,Steven1@gmail.com,6433695108
3071143,85475,Jacob Cantu,Erik99@gmail.com,7760020952
5558314,20369,Melissa Krause,Angela54@gmail.com,2434994901
3063906,80692,Kyle Hendrix,Jeffrey14@gmail.com,7601928485
6695783,96106,Matthew Moore,Trevor84@gmail.com,2048055163
8965910,12634,Donna Whitaker,Selena80@gmail.com,3959962166
2963234,87455,Edgar Pena,Breanna56@gmail.com,3525293589
2211680,98868,Jorge Herrera,Cheryl65@gmail.com,7195979447
7568466,79905,Rachel Hopkins,Stephen65@gmail.com,1758117732
7824847,79769,David Orr,Robert22@gmail.com,8783325517
6227835,84332,Mrs. Kathy Lawrence MD,Jonathan88@gmail.com,5210346340
7187880,62167,Cody Mitchell,Shawn73@gmail.com,3043243659
1271967,55045,Savannah Rice,Joseph61@gmail.com,9144667582
3349514,71021,Courtney Ward,Marie49@gmail.com,6009269635
9561662,90561,Gail Malone,Melissa82@gmail.com,2790681840
7380533,24097,Abigail Ford,Abigail21@gmail.com,9972579861
5159334,38258,Nathaniel Lester,Laura95@gmail.com,5219518504
3806293,39738,Jennifer Kaufman,Mary64@gmail.com,8961904836
3426121,51749,Darrell Diaz,Daryl26@gmail.com,2936286019
2657025,41058,Cynthia Chen,Hannah62@gmail.com,1081039326
5702271,40989,Autumn Soto,Julie37@gmail.com,2062708057
8751244,72530,Sierra Sullivan,Matthew48@gmail.com,7581903556
1428804,70241,William Jefferson,Eric77@gmail.com,6960968998
3348916,63630,Joyce Aguilar,Angela51@gmail.com,1658233963
3455556,33313,Ronald Brown,Kurt23@gmail.com,4024252849
6733017,35410,Austin Harris,Nina3@gmail.com,6244080611
6809230,20743,Jacob Martinez,Lisa21@gmail.com,2778182541
2810207,71722,Cathy Miller,Jillian41@gmail.com,6289059836
2805530,73099,Sara Thompson,Roberta91@gmail.com,3042757064
1021650,21201,Shelley Anderson,Scott74@gmail.com,3391146453
1464549,89004,Edward Keller,Erin12@gmail.com,5446391383
7486231,67685,Sara Burnett,Rachel62@gmail.com,1695082229
7206703,69465,Ralph Garza,Alexander88@gmail.com,5803086865
2131528,79193,Juan Smith,John9@gmail.com,7517383885
6362481,26213,Lisa Greene,Rhonda19@gmail.com,5289948285
7018164,94283,Jacqueline Goodman,Hayden7@gmail.com,7075243492
6882535,72600,Joseph Peterson,Michael59@gmail.com,3732179585
9121193,66927,Kathleen Berg,Christine9@gmail.com,2555500707
8230416,24355,Victoria Moreno,Jesse89@gmail.com,2155963337
3905922,39922,Joe Lucas,Courtney8@gmail.com,1496621757
8045083,78229,Ashley Sloan,Lisa5@gmail.com,4838554266
5551592,75006,Joshua Smith,Lisa7@gmail.com,9572290627
8559152,52935,Brandon Johnson,Autumn23@gmail.com,8215075313
6335220,69538,Rachel Wilkerson,Jennifer41@gmail.com,7515316581
9611508,98506,Jeffrey Harris,Kenneth70@gmail.com,5742769868
9540875,43876,Alexander Hammond,Daniel88@gmail.com,6328380930
4577840,80817,Sara Alvarez,Nathan92@gmail.com,4628139522
2947499,12069,Trevor Cox,Misty26@gmail.com,5361291321
8076271,75142,Dennis Howard,Daniel53@gmail.com,4953073928
4507946,10571,Gregory Garza,Brian74@gmail.com,3443657965
2097107,62530,April Barnes,David86@gmail.com,3185125515
3031165,12279,Cassandra Dawson,Susan51@gmail.com,9759126329
2579760,82944,Wendy Johnson,Michael18@gmail.com,4724992045
1688903,29096,Mrs. Eileen Johnson,Selena55@gmail.com,6554318855
4036490,63677,Melissa Martinez,Justin24@gmail.com,4682590296
8102745,47821,Molly Carlson,Janice84@gmail.com,5953764745
7605634,71108,Evan Robinson,Richard75@gmail.com,3983227937
8063359,67573,Joshua Adams,Jenna83@gmail.com,1994037351
2442195,51173,Pamela Huber,Anthony39@gmail.com,1166219961
1159058,56873,David Lowe,Kiara100@gmail.com,8734353039
5039025,43825,Jacqueline Sanchez,Brian81@gmail.com,2821679421
6665972,14487,Jamie Wood,Brady7@gmail.com,8483863257
3766492,66343,Brian Scott,Lisa56@gmail.com,7177842380
9757075,81124,Joanne Walsh,Anthony42@gmail.com,7258267513
1539256,77326,Kristina Mcpherson,Matthew63@gmail.com,9894674810
6398738,68399,Jose Jenkins,James85@gmail.com,2122807190
3117387,68075,Zachary Nguyen,Daniel81@gmail.com,3190384399
1042504,67351,Brandon Long,Lori85@gmail.com,2314623085
7278986,91331,Justin Campbell,Lindsey72@gmail.com,9999896141
2391275,26081,Dean Tucker,Joshua52@gmail.com,3625771828
8959652,42635,Jerry Mcbride,Morgan37@gmail.com,5504299440
3347483,40233,Joyce Keith,Daniel25@gmail.com,1661460259
2731943,71353,Sherry Davis,John96@gmail.com,3306119787
8865587,20827,Carlos Diaz,Susan67@gmail.com,1836128444
4361031,91763,Corey Smith,Tammy57@gmail.com,6079427391
3725696,33197,Stacy Mathews,Mary35@gmail.com,2087539034
6377613,98301,Tina White,Frank31@gmail.com,2366233481
2041727,32861,Shannon Jacobson,Jerry77@gmail.com,3657724819
4370750,96554,Christopher Howe,Diana41@gmail.com,9447938949
4223483,90690,Timothy Nichols,Benjamin46@gmail.com,5672371256
1707342,17921,Daniel Ross,Kenneth94@gmail.com,7841178904
8366171,38112,James Mcdaniel,Kelly79@gmail.com,4492204406
4607366,51049,Jennifer Williams,Alyssa57@gmail.com,3026532312
9225815,85683,Danielle Rivera,Ryan75@gmail.com,3119398154
5337112,99186,Renee Boone,Lucas7@gmail.com,2320504763
1229258,64568,Jessica Briggs,Kim14@gmail.com,1568969818
4957112,45573,Rebecca Pruitt,Beth48@gmail.com,4594092494
7570039,60934,Christina Davis,Kristin84@gmail.com,8271254934
2775908,76727,Jason Fisher,Kerri14@gmail.com,5708464437
9985811,93421,Kristen Marks,Cheryl58@gmail.com,2398548734
6976359,90508,Sean Bell,Levi67@gmail.com,4493299545
2282757,82989,Edgar Cabrera,Eileen28@gmail.com,7860269706
1360815,97932,Karen Henderson,Adrienne50@gmail.com,2146039368
5198742,28142,Austin Peters,Elizabeth43@gmail.com,6089548968
4428772,20119,Joseph Villanueva,Neil29@gmail.com,3693427418
3569364,18935,Tamara Daniel,Kyle75@gmail.com,3206093502
8271767,16302,Deborah Jenkins,Kelly64@gmail.com,3943017336
8435735,16871,John Nelson,Arthur3@gmail.com,9518485818
5388738,74897,Kaylee Smith,Michelle13@gmail.com,6007346378
6505713,96221,Miranda Cunningham,Alexander78@gmail.com,6929435126
9129581,88673,Keith Trevino,Jeffrey7@gmail.com,6568930023
9815546,72551,Vanessa Young,Kristen80@gmail.com,5883681326
7498783,59302,Evan Ray,Angela22@gmail.com,6373592181
8269933,92864,Rita Mccann,Jennifer9@gmail.com,2623209347
9736604,80831,Ryan Robertson,Katie79@gmail.com,6536751666
3237109,16079,Gail Price,Taylor74@gmail.com,7459814487
5329909,89208,Carla Villegas,Christopher68@gmail.com,3209978063
3797561,12085,Glenn Rivera,Willie17@gmail.com,5343076944
1999394,12407,Christine Carroll,Janice59@gmail.com,1639308652
4043499,17605,Jennifer Gibson MD,Robert16@gmail.com,8567891093
2916178,43440,Nicholas Anderson,Sherry41@gmail.com,4936927755
8450203,32166,Joseph Fisher,Tara11@gmail.com,2243617093
2921125,86400,Scott Arnold,Deborah25@gmail.com,2240862974
9569287,89798,Cheryl Estrada,Jennifer26@gmail.com,9571654704
1873185,74224,Laura Taylor,Kenneth90@gmail.com,6486857986
8309941,93707,William Flynn,Tonya100@gmail.com,4389908049
5978458,28465,Cheryl Nunez,Kevin14@gmail.com,8329322455
4653589,82539,Bryan Floyd,Lisa38@gmail.com,4718065752
2731386,86592,Erica Sutton,Jordan77@gmail.com,4097895150
4033738,18177,Justin Smith,Daniel36@gmail.com,9807233691
3775077,67328,Kevin Henderson,Daniel33@gmail.com,4006232646
4987210,94826,Rachel Sanchez,Christopher58@gmail.com,5995589865
3056884,44115,Jacqueline Dixon,John82@gmail.com,6283778777
1254988,17972,Felicia Lewis,Michael45@gmail.com,5851378874
4870970,77743,Karen Robles,Heather60@gmail.com,9191783461
5399815,61350,Raymond Thomas,Jerome98@gmail.com,2760393602
3432020,10479,Matthew Glenn,Tara20@gmail.com,6815997140
5576099,30795,Kathy Maldonado,Heather53@gmail.com,4383932343
3467880,36276,Kyle Torres,Todd63@gmail.com,6087658021
6166812,71181,David Morales,Michael54@gmail.com,3574543108
6676217,35216,Mark Norris,Maxwell89@gmail.com,9790004552
5671474,75375,Chris Johnson,Connie62@gmail.com,8168098817
9824808,33992,John Robertson,Angela61@gmail.com,8224782324
9111679,31664,Steven Sharp,Jennifer54@gmail.com,4390025514
2095445,87636,Heather Johnston,Patrick32@gmail.com,1948666111
4350967,95546,Kayla Mcintosh,James65@gmail.com,2927994418
3897484,73871,Theodore Deleon,Sara57@gmail.com,9441541703
8720768,28409,Kendra Rodriguez,Jocelyn87@gmail.com,6171769200
3055460,40963,Amy Anthony,Andrea37@gmail.com,8609411574
7143199,90833,Johnny Nicholson,Ashley29@gmail.com,7175226521
5176909,39812,Dana Scott,Michaela25@gmail.com,2529615194
4361572,29808,Christopher Harris,John31@gmail.com,4813663545
6068837,23685,Thomas Sandoval,Steve69@gmail.com,3000835233
9047159,32815,Daniel Moore,William94@gmail.com,2723116442
4889455,80063,Tonya Ramirez,Melissa34@gmail.com,2198895849
9046808,65260,Barbara Weiss,Blake19@gmail.com,4487076744
7212513,82377,Melissa Galvan,Earl87@gmail.com,5277342986
4272874,68587,Chad Williams,Loretta29@gmail.com,4609503669
8460897,16546,Steven Waller,Wendy74@gmail.com,7666317515
8036825,48702,Taylor Nolan,Michael21@gmail.com,6670818176
3356046,75453,Sara Davis,Carmen84@gmail.com,9430595709
3691096,36435,Rachel Delgado,Randall57@gmail.com,8268299854
6292807,69974,Charles Berger,Dawn87@gmail.com,8457506745
3436020,47220,Lisa Harris,Hayley92@gmail.com,5847054413
8053371,64292,Katelyn Nelson,Bradley10@gmail.com,8229671253
3270987,44375,Andrew Powers,Jeffrey43@gmail.com,7031055217
1944596,94957,Robert Martinez,Denise78@gmail.com,4960570723
7609064,26571,Tina Bell,Kristen98@gmail.com,2461481569
1856313,48033,Richard Hall,Anthony45@gmail.com,9578207085
2948720,96177,Joanne Bentley,Leah67@gmail.com,6566966018
5916499,43080,Michelle Hudson,Francisco16@gmail.com,4819815365
9734926,64901,James Ayala,Kerry53@gmail.com,8137347229
5724040,87229,Helen Stein,Philip29@gmail.com,9737939228
6786417,14778,Sarah Wood,Rebecca88@gmail.com,4075444109
8755406,38841,Courtney Harris,Ronald6@gmail.com,9320716147
2758788,20583,George Clark,Stephanie7@gmail.com,2583411280
1245484,38481,Lisa Nelson,Diane58@gmail.com,4644482857
6743635,30022,Mr. Benjamin Harris,Jason4@gmail.com,6700230107
2032143,40129,Amanda Serrano,Destiny68@gmail.com,2277347661
2964800,81183,Wendy Owens,Diana87@gmail.com,7922257222
9814914,78641,Kimberly Moore,Brian73@gmail.com,5233698088
5869587,76578,Diane Foster,Lindsay19@gmail.com,8781743379
3785504,65337,Kyle Wallace,David74@gmail.com,2120948235
6107945,23532,Robert Santiago,Christopher17@gmail.com,6704847367
6428760,29161,Heidi Dominguez,Robert80@gmail.com,8298785775
4756476,77762,Jessica Ochoa,Amy47@gmail.com,4454232584
1858070,19926,Linda Johnson,Elizabeth73@gmail.com,8145606219
3878125,53651,Michael Mclaughlin,Robert99@gmail.com,1831243848
8032267,90915,Gary Schmidt,Wesley39@gmail.com,6598241802
4232058,13173,Justin Higgins,Jessica76@gmail.com,8865325936
1096265,96425,Bonnie Melendez,Andrew84@gmail.com,2743961054
3152368,43257,Erica Collier,Samuel25@gmail.com,8429349253
8642679,70948,Marcus Wilson,Bridget59@gmail.com,3860553126
4500554,80354,Hunter Gross,Samantha39@gmail.com,6340035207
5139645,88050,Eric Anderson,Amy12@gmail.com,4713935349
4241728,10292,Stephanie Gross,Patrick82@gmail.com,5270817694
7222387,17434,Ariel Simpson,Madison24@gmail.com,1669839369
4339556,28938,John Olsen,Justin91@gmail.com,8793211997
9443761,85654,Laurie Dawson,Erica4@gmail.com,3342279897
6480080,54712,Kristine Robbins,Elizabeth84@gmail.com,8476752376
7206534,32348,Kelly Evans,Patricia91@gmail.com,5001117635
1942465,42550,James Hooper,Kirsten4@gmail.com,1749932027
4028538,95257,Jennifer Burton,Karen19@gmail.com,7745963429
2742348,57083,Megan Arnold MD,Eric9@gmail.com,4108412162
3563604,87048,Mary Dixon,Erin95@gmail.com,8238839763
6675507,96655,Juan Benson,David27@gmail.com,7319628340
7985747,63812,Elizabeth Lin,Emily1@gmail.com,4767831589
8100146,47408,Tiffany Morgan,Richard53@gmail.com,6092913831
3489570,12402,Theresa Harrington,George77@gmail.com,3083778028
6084456,94287,Eugene Hernandez,Karen60@gmail.com,5625400892
4153099,82959,Samantha Carson,Kristin15@gmail.com,5137090144
4173724,14473,Devin Benjamin,Elizabeth63@gmail.com,6156675826
1208433,20255,Sally Cannon,Jorge89@gmail.com,3683223837
5983900,94163,Devin Martinez,Carly45@gmail.com,1263953040
3736143,11045,Thomas Hunter,Frank7@gmail.com,4482931064
5812979,74729,John Smith,Courtney15@gmail.com,4519518176
8273640,88778,Samantha Lewis,Mark55@gmail.com,2959724595
5738249,92515,Deborah Gilmore,Karen58@gmail.com,8400840038
4146727,58695,Jessica Thompson,Kristine10@gmail.com,1037126994
6208137,90979,Jack Martinez,Jennifer68@gmail.com,9145501905
7326725,26039,Andrea Davis,Olivia15@gmail.com,4841204862
2165808,30239,Donald Hernandez,Sheila7@gmail.com,7047046304
7969306,88718,James Perry,Leah66@gmail.com,7965081232
5261207,36995,Jonathon Stevens,James72@gmail.com,2413822053
8387210,38507,Deborah Dixon,Jennifer69@gmail.com,1354928439
2957909,61543,Clinton Humphrey,Melissa38@gmail.com,5694623455
9069943,62130,Austin Gonzalez,Casey20@gmail.com,3220004063
4302642,62469,Ricky Thomas,Kristi68@gmail.com,5846324347
1270741,95665,Jacob Wilson,Sean27@gmail.com,9906867664
7997214,74904,Amanda Case,Stephanie1@gmail.com,5474320273
2169370,22112,Robert Smith,Brittney85@gmail.com,6103090167
2751688,68063,Anna Gallagher,Jennifer7@gmail.com,7896287779
2233218,27802,Chad Santiago,William20@gmail.com,7370763318
4189836,62878,Michelle Carter,Matthew32@gmail.com,5657420032
9980229,79999,Christopher Miller,Hannah68@gmail.com,5819709571
2222304,33220,Jennifer Cervantes,Hannah36@gmail.com,6104537256
2871874,69029,Michael Smith,Sabrina1@gmail.com,4444736955
5266637,41827,Jennifer Martin,Tiffany72@gmail.com,2733572131
5349301,14730,Jean Vasquez,Rebecca85@gmail.com,4335299890
1421311,41014,Alexandra Carter,Samuel52@gmail.com,9856594754
2578336,83357,Darius Mason,Daniel52@gmail.com,8555664852
6235608,90908,Kimberly Henderson,Autumn83@gmail.com,6896400677
2039949,56123,Margaret Bridges,Donna36@gmail.com,1623806689
4963077,62781,Kristen Little,Jacob21@gmail.com,4108261457
4406057,43373,William Curry,Jessica71@gmail.com,9004706556
7230655,89167,David Harvey,Angela74@gmail.com,9511319206
2721826,29347,Jerry Johnson,Dawn44@gmail.com,8655616974
4524268,60619,Patricia Bauer,Eric7@gmail.com,4925419441
9791339,17439,Justin Edwards,Lisa48@gmail.com,2228807441
6246448,12249,Lisa Sloan,Allison68@gmail.com,4231523671
2841460,55865,Mrs. Margaret Stewart,Cindy90@gmail.com,8027159204
6074460,19959,Brian Singleton,Erik68@gmail.com,7970271463
6535039,96237,Brian Olsen,Sheila27@gmail.com,5361518594
4608680,79454,Natalie Johnson,Jeremy98@gmail.com,3222953936
8325622,59471,Michael Rodriguez,Timothy8@gmail.com,4846419980
8933150,53727,Carolyn Brown,Cheryl27@gmail.com,7854490309
3548392,10032,Deborah Alvarado,Laurie30@gmail.com,2028571727
1495669,37228,Sherri Jackson,Emily49@gmail.com,7630590627
2350938,74781,Jose Zimmerman,Joanna53@gmail.com,1257174546
3813040,39108,Jessica Rich,Kenneth34@gmail.com,3724266278
1400487,53889,Cheryl Bailey,Jennifer90@gmail.com,4554763458
7444991,30374,Latoya Griffin,Sarah56@gmail.com,3978332212
2405268,43528,Patricia Wilkerson,Kurt56@gmail.com,3827334261
1507706,39669,Brian Wang,Brian57@gmail.com,8141479806
4053959,37920,Harold Howe,Cody22@gmail.com,5237664924
1304425,55440,Kimberly Green,Anita93@gmail.com,9674217348
1306240,87817,Rebecca Martinez,Eric6@gmail.com,1471690899
8456016,25523,Jessica Sullivan,Andre100@gmail.com,6731822389
7967843,17439,Christine Gibbs MD,Raven63@gmail.com,9235231829
8561177,44949,Kevin Cochran,Melissa38@gmail.com,5971912780
5900439,10947,Robert Moreno,Matthew98@gmail.com,4957312092
2035980,75431,Caleb Brown,Devin40@gmail.com,7256634325
3411240,41838,Christopher Fox,Alexander13@gmail.com,1598098544
4346053,33357,Barbara Martin,Raymond38@gmail.com,1007951273
5858341,69191,Andrew Hooper,Donald38@gmail.com,2913860818
1195877,26525,Jessica Wright,Melinda96@gmail.com,9683053718
8129139,79183,Brian Phillips,Sean45@gmail.com,9584012663
2214429,41973,Luke Petty,Sheri14@gmail.com,8367831995
2966661,67412,Mr. Grant Frazier MD,Emma5@gmail.com,6541329510
5236441,16870,Brandon Oconnor,Jacqueline98@gmail.com,7938275658
4762510,34825,Henry Smith,Troy20@gmail.com,8003099262
3631468,23933,Brenda Adams,Dennis79@gmail.com,8419574116
7275977,93725,Cynthia Collins,Mike22@gmail.com,3388255873
9972489,68087,Wanda Morris,Henry34@gmail.com,6334417491
2351346,52588,Mr. Jeremy Wade,Sharon28@gmail.com,3956273671
8916372,71508,Amy Armstrong,Jeff77@gmail.com,4128058888
2735868,97144,Kristin Wilson,Kent65@gmail.com,4485102582
2675282,23355,Cheryl Mcdonald,Ethan66@gmail.com,7897099160
2099929,61414,Juan Pierce,Jason56@gmail.com,8598391472
1215551,42569,Michael Sutton,Lindsey94@gmail.com,1735746146
9221701,13645,Nicole Osborn,Kimberly22@gmail.com,7050325859
1182044,94335,Christine Robinson,Luis57@gmail.com,2167278334
6444030,88993,Audrey Turner,Christopher91@gmail.com,4202998937
2315371,66203,Jonathan Taylor,Willie82@gmail.com,6933539919
9053035,35699,Kevin Ward,Christina36@gmail.com,1626109179
1036547,32457,Tina York,Matthew16@gmail.com,5532606655
2952402,29527,Justin Perez,Jose83@gmail.com,2549616507
6660236,90364,Amber Morales,Mark55@gmail.com,3738408225
2016879,21366,Andrea Jones,Thomas65@gmail.com,2904980941
6569217,91676,Shannon Martinez,Diana41@gmail.com,5075414585
5085447,29562,Kyle Morris,Ruth19@gmail.com,1463200144
5508316,87728,Gregory Rose,Lydia99@gmail.com,2643718194
1174042,12929,Frank Lam,Mary24@gmail.com,1871866584
9771244,35149,Barbara Mckee,Molly49@gmail.com,1593790644
3521970,10738,Logan Greer,Yolanda14@gmail.com,2734575741
8400126,85419,Ann Potter,Jesus95@gmail.com,4029649291
2919457,59777,Kayla Jackson,Mark60@gmail.com,3435384679
9493121,51108,Joshua Vincent,James88@gmail.com,4781858994
1527031,92642,Phillip Walker,Miguel7@gmail.com,8892052466
9079910,60348,Mr. Mitchell Erickson DVM,Tiffany83@gmail.com,2132332134
5323070,14524,Adam Booth,Nancy30@gmail.com,4897887930
1623864,70964,Ralph Suarez,Zachary43@gmail.com,4237919684
3785568,43375,Melissa Contreras,Dale31@gmail.com,8383115286
3282287,68852,Jennifer Brown,Amber20@gmail.com,1245518527
3781105,67629,Francis Nelson,Joshua55@gmail.com,2396845996
4012325,72620,Lori Stanley,Sabrina28@gmail.com,4605883716
4100052,93947,Alexis Anderson,Robert33@gmail.com,3102024729
3522417,14275,Robin Meza,Stanley39@gmail.com,9203666453
9187352,90359,Janet Watson,Amber11@gmail.com,3492072186
7687496,97111,Jamie Campbell,Barbara43@gmail.com,5858428183
1291984,87157,Jacqueline Garza,Danielle67@gmail.com,5098603893
9023988,61652,Wayne Snyder,Christina37@gmail.com,7109384580
6018423,85974,Heather Compton,Marcus11@gmail.com,8577659568
7624094,19753,Robert Austin,Gregory34@gmail.com,5055177053
3030775,90169,Casey Chavez,Keith2@gmail.com,6908347809
4507256,12080,Brittney Garcia,Megan88@gmail.com,6655079252
4186992,24695,Benjamin Rangel,Donald43@gmail.com,8922811182
9530460,67676,Jennifer Long,Laura25@gmail.com,7207025794
3321518,20118,Teresa Morrison,Abigail31@gmail.com,9117026907
5907781,21037,Jennifer Acosta,Samantha14@gmail.com,3522038993
8470388,98044,Jack Henderson,Michael13@gmail.com,8975937891
3304101,20361,Angela Stanton,Kimberly66@gmail.com,3776017603
4886423,86776,Tamara Miller,Michelle2@gmail.com,6024846617
3436330,30665,Daniel Garcia,Rebecca93@gmail.com,9956576357
1103974,98342,Julia Brooks,Lisa65@gmail.com,5343066822
1260791,25756,James Garcia,Nicole95@gmail.com,8851759042
3457235,51678,Joseph Gill,Bryan83@gmail.com,2438984271
1437176,88854,John Williams,Katie99@gmail.com,9726302161
3099002,33643,Carmen Rodriguez,Christian3@gmail.com,8655040418
9886874,93653,Christopher Reed,Amy91@gmail.com,2124605049
4619851,41540,Claudia Silva,Derek44@gmail.com,4034258961
1231908,17137,Renee James,Cynthia75@gmail.com,3525731915
6865166,97838,Aaron Martin,Laura86@gmail.com,4402314351
7909469,40233,Patricia Allen,Kimberly23@gmail.com,2733321880
1038585,38956,Robin Carpenter,Laura12@gmail.com,5562213847
9310020,56631,Kirk Sandoval,Wendy52@gmail.com,2416279818
5197658,21423,Maxwell Terry,Brian72@gmail.com,7935672395
6047140,85837,Wyatt Gallagher,Katherine76@gmail.com,4806580510
7852809,43939,Dawn Hayes,Alison44@gmail.com,8140793605
4920761,94168,Alison Stevens,Kaitlin12@gmail.com,2923900710
2678585,54648,Mark Richardson,Miguel4@gmail.com,2365314374
9747819,37631,Jesus Taylor,John18@gmail.com,9484771846
9373635,57444,Adrian Fowler,William71@gmail.com,9546032740
8075156,71944,Jennifer Jones,Harold1@gmail.com,8886389586
4908184,78108,Diana Salinas,Stephanie75@gmail.com,5103634373
6548156,32724,Todd Daniels,Cindy81@gmail.com,6486428237
2793548,55889,Troy Pierce,David10@gmail.com,5256101848
9696840,44905,Dawn Rodriguez,Juan29@gmail.com,5859054403
9380908,92752,Michael Carter,Ryan22@gmail.com,6316377579
3751824,21329,Christopher Davis,Lisa2@gmail.com,7180140714
4929039,38202,Sarah Cannon,Sara58@gmail.com,8589912976
1264366,52649,Jane Mueller,Ian55@gmail.com,3852224094
8443901,96363,Dr. Stephanie Williams,Sheri10@gmail.com,7517601251
3690366,12486,David Shields,Amber36@gmail.com,6274681696
8445258,89888,George Gardner,Jerry8@gmail.com,3948302644
3990787,78978,Michael Neal,Michael2@gmail.com,7677054928
5449071,39743,Jennifer Daugherty,Nancy64@gmail.com,6369147113
6755383,31659,Curtis Gonzalez DVM,Matthew88@gmail.com,7332334311
1329285,36274,Lisa Hatfield,Mark2@gmail.com,2129088452
3765423,85634,Allison Morrow,Margaret43@gmail.com,6243072621
3556171,,Beverly Rivera,Cheryl91@gmail.com,5524057840
9801735,65255,Brandon Parsons,Michael24@gmail.com,5614175479
5274088,13559,Alyssa Wilson,John43@gmail.com,6963494729
7640381,68163,Steven Brown,Megan80@gmail.com,4420501591
4430612,35153,Russell Christensen,Ashley86@gmail.com,9399669424
8158514,99718,Melinda Schroeder,John28@gmail.com,1498247491
9799774,27197,Denise Wheeler,Jason25@gmail.com,3830154553
9440149,90004,David Costa,Diane73@gmail.com,6330613610
4753649,18620,Joseph Wagner,Kelly23@gmail.com,6720544406
8938713,56085,Catherine Knight,Jessica19@gmail.com,3492352327
9891985,32367,Brittney Molina,Gregory66@gmail.com,2156561186
6616384,53337,Kevin Griffin,Mark22@gmail.com,3918806420
4959253,76870,Alex Cabrera,Robert82@gmail.com,7987679131
8925310,59307,Christopher Wilson,Lisa3@gmail.com,7497932694
2088029,99954,Steven Henry,Colton9@gmail.com,5727478640
6269598,23446,Walter Parker,Connie76@gmail.com,1141386708
3862400,51293,Nicholas Matthews MD,Ricky64@gmail.com,2497744378
4648125,21793,Charles Williams,Tammy43@gmail.com,2597904597
6935849,55480,Leonard Andrews,Danny79@gmail.com,2328988914
2421011,87235,Keith Perez,Julie70@gmail.com,8869731030
2781682,64538,Lawrence Smith,Michael59@gmail.com,2116080613
6538424,71278,Mrs. Margaret Rogers DDS,Paul33@gmail.com,8184523895
5713076,78686,Calvin Gomez,Robert4@gmail.com,6365772944
8771816,37524,Danny Crawford,Christine59@gmail.com,8390282446
4627836,89555,Mark Summers,Ariana57@gmail.com,1985359285
7123162,20581,David Preston,Jared50@gmail.com,8656895238
4187041,20915,Francisco Mason,Dennis67@gmail.com,4984787018
3336273,18548,Stephanie Dixon,Jennifer69@gmail.com,3539736477
5940885,27846,Rachel Gilbert,Angela34@gmail.com,9601195055
4054788,32965,Julie Rush,Katherine88@gmail.com,1848099301
1482677,52755,Spencer Wood,Crystal43@gmail.com,9007535109
3868955,50738,Karen Lamb,Cody86@gmail.com,5019761236
6488537,65779,Jacqueline Trevino,Taylor54@gmail.com,5873382782
1968440,40746,David Hancock,Alison71@gmail.com,7240927260
9994813,72790,Daniel Collier,Jennifer90@gmail.com,4005791462
6779779,75386,James Yang,Anthony17@gmail.com,6273828006
6795634,72032,Gina Hensley,Scott49@gmail.com,9198703539
8067681,78074,Angelica Nguyen,Connie8@gmail.com,3257151608
5936760,46829,Michael Gregory,John95@gmail.com,3411864058
4812357,28931,Dr. Nicholas Massey,Janice42@gmail.com,2461819104
4011343,74540,Thomas Grant,Andrea52@gmail.com,6629070475
6552700,57425,Suzanne Whitaker,Sharon43@gmail.com,4682104458
3054025,62717,Glenn Rose,Erica52@gmail.com,9137974646
9344377,95855,Steven Rivera,Benjamin10@gmail.com,8786918039
1142251,19090,Kevin Alvarez,April91@gmail.com,1232470867
3260973,85369,Joseph Miller,Matthew25@gmail.com,5882285289
9231479,99460,Christopher White,Patricia88@gmail.com,7584041971
1379632,64592,Nicholas Smith,Carla52@gmail.com,3945532921
2962252,30857,Amy Marshall,Corey37@gmail.com,8645167851
3371454,63612,Christopher Whitehead,William12@gmail.com,7998563518
7947513,81685,Amber Osborne,Robert43@gmail.com,7833473261
8634806,21321,Ashley Freeman,Christopher4@gmail.com,3871185568
7491985,33448,Christopher Snyder,Matthew18@gmail.com,1511799368
3189138,80789,Kathryn Marshall MD,Joshua8@gmail.com,7574729332
2670057,68771,Alex Clark,Karen49@gmail.com,2934697623
9803496,23125,Curtis Sparks,Beth44@gmail.com,1739584671
7353060,25158,Michael Gibbs,Brandi50@gmail.com,2566923660
6560451,42267,Jessica West,Laura57@gmail.com,4025769451
4089484,51939,Linda Harper,Tara9@gmail.com,3837447850
1830702,13168,Robert Williams,Laura7@gmail.com,7768491460
6622459,96555,Christian Rivera,Alex28@gmail.com,5647733189
3293237,86830,Brian Hughes,Eric79@gmail.com,9679639442
9282598,95631,Lisa Christian,Billy81@gmail.com,9569625261
1915234,30481,Steven Watkins,Thomas57@gmail.com,8842167653
5003955,71183,Jonathan Giles,Thomas63@gmail.com,8675357492
2845729,64693,Chad Oconnor,Peter25@gmail.com,4915527799
1649183,94883,Kelly Carlson,Angela7@gmail.com,5908049348
2655550,41370,Mark Lee,Tammy6@gmail.com,6179852582
9925738,70505,Kelly Howell,John43@gmail.com,8715183206
2156161,16028,Donna Mason,Travis26@gmail.com,4877455149
3289128,48250,Melissa Sharp,Stephen44@gmail.com,2007750390
3660556,17071,Richard Wilkins,Joseph60@gmail.com,9737167900
5021563,28646,Terri Vargas,Brenda8@gmail.com,8745207521
3771877,81777,Madison Fisher,David58@gmail.com,7343591276
4675458,47089,Paige Horton,Alyssa15@gmail.com,9113895045
4456321,50650,Daniel Dean,Jessica49@gmail.com,4714372947
1263403,37905,Susan Mason,Michael29@gmail.com,8027450320
1583184,36191,Roberto Reynolds,Jeff44@gmail.com,8748515469
8855701,91916,Christine Smith,Diana92@gmail.com,9143770648
1604032,89634,Michelle Perry,Steven85@gmail.com,7257846277
4958672,47010,Rachel Odonnell,Robert65@gmail.com,8082842513
9686428,19008,Daniel King,April43@gmail.com,4535362713
8270250,83791,John Brown,Julia51@gmail.com,6303150422
1720712,17940,Teresa Williams,William83@gmail.com,7425160367
8388085,66630,Samuel Chaney,George8@gmail.com,1922435041
9858143,73097,Jon Johnson,Margaret22@gmail.com,1276542070
1658007,41844,Michael Mendez,Andrew37@gmail.com,2657668100
1026365,62300,Nicole Singh,Robert51@gmail.com,4619445946
8628272,18755,Nicole Gibson,Peter86@gmail.com,4395654721
4873813,80744,Jessica Jackson,Craig33@gmail.com,4844432288
7524347,21564,Matthew Santiago,Christopher77@gmail.com,2392054180
8846095,80123,Nicole Bishop,Jonathan78@gmail.com,1383851239
4861024,90861,Angela Francis,Vickie59@gmail.com,6704923968
8435413,44133,William Rivera,Shawn90@gmail.com,1150674511
9021164,10452,Andrew Boyer,Aaron79@gmail.com,5263164029
8238082,17301,Alexandra Martinez,Monique14@gmail.com,2019078368
5856031,57001,Ryan Huerta,Susan37@gmail.com,4300153974
6133424,79989,Robert Mathis,Kerry23@gmail.com,9823164721
1756364,54952,Travis Woods,Kyle1@gmail.com,4671571903
4908697,41868,Stephanie Carson,Matthew65@gmail.com,1916084408
1383223,41761,Yolanda Anderson,Monique65@gmail.com,6163067818
3520060,44999,Keith Hines,Stephen1@gmail.com,3998704433
3025759,78200,Laura Morris,Elizabeth88@gmail.com,7146567093
5256100,91400,Erin Trujillo,Cheryl6@gmail.com,9334378715
2097398,91485,Christine Young,Mary55@gmail.com,9294358293
1431230,95820,Brittney Hester,Daniel74@gmail.com,9862256921
9265296,85913,Jeremiah Johnson,Benjamin59@gmail.com,2861186070
4315881,72180,Christopher Cortez II,Brian99@gmail.com,4328131750
1845179,75647,Taylor Dunn,Edward68@gmail.com,2702293619
7574107,36982,Stephanie Bonilla,James26@gmail.com,3441264110
8557444,85448,Karen Reed,Mary71@gmail.com,5325455124
9065812,32998,Brian Myers,Daniel64@gmail.com,5462487384
4134117,32989,Larry Spencer,Russell82@gmail.com,2166100697
7252845,64374,Jennifer Doyle,Ronald11@gmail.com,4927509079
9924747,93912,Debra Browning,Patrick72@gmail.com,5153686044
9156898,90819,Kristine Simon,Candice99@gmail.com,9127248087
2968218,85337,Stacey Wu,Michael82@gmail.com,1090728497
4838565,48026,Daniel Tran DVM,Hunter64@gmail.com,4231753585
5965555,62896,Jessica Banks,Russell13@gmail.com,2680881294
3363112,39313,Kimberly Pollard,Erin37@gmail.com,9181936838
9074952,76789,William Sellers,Zachary78@gmail.com,4406035303
3524719,32231,Joy Liu,Sarah16@gmail.com,6075375448
5832903,61933,Matthew Hopkins,Julie53@gmail.com,5122087716
5700971,14608,Samuel Fuller,Carlos37@gmail.com,8688369824
3105655,77541,Lisa Mercer,Christina86@gmail.com,3004870102
3827028,77908,Kyle Finley PhD,Andrew97@gmail.com,4112248616
4352907,12465,Joshua Stein,Jose4@gmail.com,3960636671
8743730,20533,Alexis Miller,Jennifer85@gmail.com,7727296880
6086961,25363,Mark Green,Pamela79@gmail.com,9927362020
3040154,43844,Thomas Lewis,Phillip52@gmail.com,2827925338
5777911,97681,Zachary Quinn,Lee24@gmail.com,6106562930
2210903,76415,Stephanie Johnson,Richard91@gmail.com,1904682113
3743533,76057,Christopher Torres,Joseph20@gmail.com,3766741912
2612369,94304,Sara Taylor,Jonathon68@gmail.com,3520147639
9598593,41663,Melinda Lewis,Aaron22@gmail.com,7839424800
5209820,94964,Patrick Williams,Kimberly50@gmail.com,1886737801
6504985,35990,Michaela Reed,William87@gmail.com,1665522829
9545196,49758,Blake Moore,Mary92@gmail.com,2392965533
6227079,79368,Candice Hoffman,Shannon60@gmail.com,5631543725
9870231,43684,Donald Montgomery,Chad64@gmail.com,8960946591
2928551,85793,Jonathan Armstrong,Rebecca92@gmail.com,9415706758
7532846,86145,Alexis Davis,Samuel75@gmail.com,2185534686
6912210,21559,Daniel Peters,Nathan23@gmail.com,2501475658
6734719,13105,Hannah Johnson,Connie6@gmail.com,4004269683
2607060,13367,Jake Wiley,Nicholas53@gmail.com,1150268730
9933615,43761,Brian Lopez,Joanna97@gmail.com,7468310751
8820704,79045,Ronald Watts,Stacey58@gmail.com,8130455729
1676270,38928,Lori Wilson,Lauren97@gmail.com,5929906131
3291062,82575,Susan King,Blake97@gmail.com,5384775414
5050750,84666,Theresa Faulkner DDS,Dennis90@gmail.com,9118910123
8917130,23024,Ellen Benitez,Cynthia79@gmail.com,3782424942
5095877,52148,Jason Santiago,Sarah16@gmail.com,4590583927
3732260,82395,Tammy Haynes,Jacqueline78@gmail.com,6729069906
9421868,17632,Matthew Hill,Ariel55@gmail.com,6955938996
1930791,40923,Rebecca Conrad,Paul29@gmail.com,4005502077
2076594,12893,Kristina Curry,Albert17@gmail.com,6405190637
1023113,20595,Taylor Jordan,Michael70@gmail.com,2906708306
7161979,85992,Crystal Aguilar,Evan64@gmail.com,4271068485
1701637,62816,Dennis Reyes,Richard59@gmail.com,1858635684
5513068,82243,Tom Robinson,Steven38@gmail.com,1947157345
1378511,44357,Frank Ramirez,Cynthia78@gmail.com,2703485274
3527231,53424,Paula Bennett,Kelsey88@gmail.com,8829794792
4809890,91652,Ashley Hamilton,Rachel43@gmail.com,7387321899
1791782,31689,Rebecca Wood,Brent25@gmail.com,7333814108
7150986,69040,Raymond Murphy,Amy11@gmail.com,5906303868
4891354,64473,Katherine Simmons,Jessica29@gmail.com,7955395918
6177882,12850,Elizabeth Russell,John43@gmail.com,3921470772
2804397,50838,Maria Holland,Karen70@gmail.com,4732378227
2536306,74268,Angela Meyer,Bryan33@gmail.com,6554149080
2911061,85515,Anita Blackwell,Samantha59@gmail.com,4245369490
4625861,10939,Stephanie Davis,Corey46@gmail.com,8975539480
5472414,15711,Kimberly Estes,Nicholas5@gmail.com,9378242372
2265233,21315,Angela Payne,Melissa57@gmail.com,5910496796
6309183,51516,Jonathan Alvarez,Michael8@gmail.com,5928765117
6527721,11969,Christina Duncan,Anthony92@gmail.com,5341493560
1052244,11410,Rebecca Nixon,Heidi98@gmail.com,9850736640
7642347,37312,James Johnson,Elizabeth57@gmail.com,6430493595
4979749,49202,Jonathan Anthony,William69@gmail.com,3990691747
4394252,81716,Daniel Wheeler,Elizabeth23@gmail.com,3763612153
3196723,33353,Sean Rodriguez,Kaitlyn17@gmail.com,4462855550
5416239,78412,Andrew Smith,Emma82@gmail.com,1594580566
2282119,43976,Matthew York,Kristine34@gmail.com,9383900657
9958992,77248,Mrs. Kathleen Long,Michael50@gmail.com,8887688453
1365943,86685,Scott Robinson,Kimberly17@gmail.com,8433090957
1123411,82987,Joseph Foster,Michelle91@gmail.com,6449369401
9840402,44069,Kristy Mccullough,Christopher11@gmail.com,6974072209
1088651,43428,Terry Williams,Michael56@gmail.com,3362004044
5112029,14522,Dana Williams,Andrew86@gmail.com,3107132979
8315030,35340,Jessica Adams,Scott21@gmail.com,7139224370
1296927,39276,Stephanie George,Vanessa68@gmail.com,3815448477
9424280,36280,Ashley Mora,Joanna87@gmail.com,8351187324
6774291,70237,Megan Wilson,Ashley93@gmail.com,1903498933
4706023,70691,James Gilbert,Amy75@gmail.com,9694009488
4465955,93830,Jennifer Flores,Sarah35@gmail.com,1157295865
1635011,54530,Pamela Fischer,Thomas65@gmail.com,3458934983
2674635,58752,Natalie Jordan,Jodi25@gmail.com,9432269521
4156174,99440,Melissa Petersen,Chad31@gmail.com,8526981977
5851975,62596,Kyle Brown,Natalie22@gmail.com,4971522292
1696243,82269,Kristina Barrett,Jennifer57@gmail.com,4006081313
7039109,51932,Jennifer Frye,Scott83@gmail.com,8790389441
8124272,26357,Paul Casey,Megan5@gmail.com,1669199681
9320200,27429,Joshua Estes,Victor13@gmail.com,7995376911
5460012,22708,Deborah Warren,David28@gmail.com,7373619871
5332985,57864,Blake Cole,Colton64@gmail.com,1588854507
2765965,78182,Richard Green,Sara44@gmail.com,4587932120
5784492,48267,Daniel Ward,Eric64@gmail.com,1135065939
1942974,44535,Jonathan Duffy,Timothy59@gmail.com,7781712638
3824642,92739,Lori Sampson,Betty7@gmail.com,1699294706
3509852,42310,Karen Galvan,Brian100@gmail.com,3993718061
8884539,51432,Robert Green,Angela89@gmail.com,1064381497
2397127,71655,Autumn Brown,Charles24@gmail.com,6801733602
2525253,59518,Matthew Davis,Angela96@gmail.com,3385690330
4682399,23482,Lisa Rivas,Deanna91@gmail.com,7259771862
3520305,65757,Alexis Moore,Patrick63@gmail.com,4997819422
4741944,,Jeffrey Henry,Melanie32@gmail.com,9851877108
4554512,64799,Benjamin Gomez,Angela88@gmail.com,5566396912
8281921,27026,Gabriel Coleman,Ryan20@gmail.com,9935062448
4871588,63060,Tricia Strong,John68@gmail.com,2820592006
2002782,72462,Laura Walsh,John23@gmail.com,5350302117
5143830,18567,William Mahoney,Larry69@gmail.com,4685614401
4585238,92909,Adam Ballard,Lisa39@gmail.com,3879426351
4553326,51116,Ann Davis,Brandon65@gmail.com,9467264550
5919419,33583,Alex Mitchell,Sean80@gmail.com,6404562327
6359939,22783,Kristen Mills,Stephen62@gmail.com,6110781806
5513877,69900,Courtney Hernandez,Kaylee64@gmail.com,8375960159
9964606,41957,Teresa Larson,Stephanie66@gmail.com,5034610067
4941387,35709,Debra Sullivan,Catherine74@gmail.com,6430686958
2222407,47148,Tara Herrera,Anthony79@gmail.com,9142721351
9679847,88882,Tami Robles,Alec49@gmail.com,6916697662
4940014,32448,Deborah Johnston,Christopher92@gmail.com,5801108790
6434307,61773,Lauren Tyler,Kevin40@gmail.com,7575367940
4092779,30757,Ronald Campbell,Ashley87@gmail.com,1613221358
7694605,52028,Kelly Reeves,Seth68@gmail.com,1860234368
8132473,21894,Sean Lin,Jessica76@gmail.com,7583333500
2649833,97738,Luis Watkins,Amber26@gmail.com,2718994117
9416058,91963,Dean Morrow,Stacey97@gmail.com,7816674043
8598733,55207,Benjamin Baker,Joshua9@gmail.com,5913019409
5193734,39540,Brandon Webb,Holly17@gmail.com,8708248596
7399238,70330,Thomas Olson,Nicholas68@gmail.com,6917654448
1693262,70761,Julie Lee,Jill33@gmail.com,6490313788
1959582,89546,Joseph Romero,Brent21@gmail.com,9683108448
8605457,67447,Jared Lyons,Natalie27@gmail.com,1535541276
8059565,99211,Tina Park,Joanna1@gmail.com,9048142150
3857256,25754,Elizabeth Buck,Joseph12@gmail.com,1672613456
5246808,65161,Robert Weaver,Gabriella63@gmail.com,8187683329
9100888,43225,Julie Stone,Claudia50@gmail.com,9312483741
2725645,10876,Jacob Thomas,Angelica6@gmail.com,2394030184
9550930,25462,Ashley Ashley,Jeffery53@gmail.com,4617551719
9450061,95114,Mary Terrell,Donald3@gmail.com,5473093987
9785500,75858,Penny Glenn,Nicholas13@gmail.com,7219453712
5036891,72858,Nina Martinez,Morgan10@gmail.com,1623155488
3055090,57122,Evelyn Glover,Kelly2@gmail.com,2983799280
1134970,71608,Amanda Meyer,Rachael22@gmail.com,2946274907
8390916,41356,Blake Knight,David40@gmail.com,9401880552
4044148,81837,Gregory Turner,Jennifer14@gmail.com,5257562260
5986652,81560,Annette Anderson,William71@gmail.com,8077930787
9325227,52217,Andrew Montgomery,Bonnie15@gmail.com,8127601116
8043667,40131,Kathleen Clark,Luke93@gmail.com,5252034752
9751143,48379,Jennifer Vasquez,Juan81@gmail.com,6822308663
2393269,47841,Patricia Turner,Tamara10@gmail.com,6086577657
6939723,69074,Mr. Luis Santos,Debra27@gmail.com,6750156861
2685404,33515,Jennifer Harrell,Danny48@gmail.com,9617415101
8650368,24736,Kenneth Deleon,Bridget91@gmail.com,7681278507
6611442,96602,Colleen Andrade,Daniel70@gmail.com,8695761055
5483566,70240,Mrs. Emily Shaw,Mindy60@gmail.com,1420271899
8952935,77538,Nancy Jackson,Michael59@gmail.com,3195465354
6190224,31454,Robert Hart,Vanessa25@gmail.com,8671798649
6448422,98343,Jason Eaton,Jeff51@gmail.com,1092676270
3908363,86418,Katie Lewis,James12@gmail.com,5440923863
1679781,51751,Glenn Fisher,Laura8@gmail.com,8938611734
4745847,47930,Teresa Vasquez,Kristy5@gmail.com,8669458507
2255300,90282,Michele Gardner,Jessica66@gmail.com,1988273798
1517749,93144,Karen Cole,Joshua86@gmail.com,6407723384
4170542,99830,Lauren Reyes,Christopher59@gmail.com,8381326812
5103638,36471,Joshua Lee,Joseph16@gmail.com,5771149626
2423764,47772,Stacey Sampson,Lisa34@gmail.com,6199874783
4698926,68352,Lisa Garza,Kevin96@gmail.com,3335330446
7667754,26568,Nancy Montoya,Anthony87@gmail.com,6972356741
3744174,92592,Jessica Cabrera,Tracy93@gmail.com,4190890346
7266726,50972,Joel Perez,Cynthia94@gmail.com,5415820735
4996151,22538,Joshua Graves,Holly4@gmail.com,8872494965
5201863,15412,Scott Calderon,Nicole96@gmail.com,2252178039
6675628,59156,Jason Flores,Carolyn27@gmail.com,4708208575
5867411,60211,Alexis Mendoza,Margaret3@gmail.com,5665290272
1465667,57778,Tina Barton,Patrick66@gmail.com,9859101503
2289579,31385,Scott Jones,Alex74@gmail.com,6079762136
6507372,78020,Lisa Garcia,Walter47@gmail.com,1189795530
9861064,67963,Thomas Jennings,Lisa13@gmail.com,8111335942
9388922,87611,Mary Reed,Elizabeth15@gmail.com,8893920309
3760927,21071,Travis Walsh,Rachel37@gmail.com,7473993810
3930959,15884,Joshua Suarez,Leonard68@gmail.com,3564454051
1349879,94480,Denise Garcia,Christine92@gmail.com,4231457687
2605899,68613,Lisa Perry,Rachel18@gmail.com,3231834626
4135477,75216,Bradley Hamilton,Brandon67@gmail.com,7549571099
8277940,31372,Heather Buchanan,Angela45@gmail.com,8405819666
3419688,44596,Mr. Anthony Gomez,Joseph51@gmail.com,1092424500
8698314,38730,David Morales,Diana18@gmail.com,1149248331
6292834,20872,Amanda Hoffman,Jason93@gmail.com,8164679903
5884894,98879,Cheryl Jensen,Joshua31@gmail.com,5785454565
2295323,76739,Mr. Brian Johnson,James39@gmail.com,2411202885
5934903,95247,Diane Hudson,Shannon5@gmail.com,4728950654
4433138,56940,Kevin Prince,Daniel33@gmail.com,9115485526
9907066,26328,Jason Murphy,Vickie87@gmail.com,9907247484
4100234,90684,Joseph Long,Connie60@gmail.com,3087102753
4858602,76086,Anthony Shepherd,Laura56@gmail.com,7878921264
4787832,72756,Adam Chapman,Eric17@gmail.com,7846270960
3992759,94548,Mallory Smith,Alan34@gmail.com,4383971587
9415712,78808,Tyler Schmidt,Todd71@gmail.com,7356269158
3008969,68091,Frank Johnson,Andrea45@gmail.com,9220542429
6761650,69422,Michael Richardson,Brian35@gmail.com,8002988494
7544088,41194,Brenda Hall,Amanda63@gmail.com,2068206289
5440630,58700,Austin Lee,Margaret77@gmail.com,8040718415
3337052,61387,Dave Zamora,Stephen23@gmail.com,7729844659
3450165,37817,Gina Gonzalez,Stephanie55@gmail.com,6383309608
2489818,15539,Timothy Smith,Steven35@gmail.com,8981640217
7199636,82071,Jesus Allen,Shari31@gmail.com,4487803718
5950620,31185,Samantha Martinez,Heather79@gmail.com,2565351612
3910021,70203,Erik Salazar,Caroline46@gmail.com,3789551162
7312304,32405,Jody Barry,Jerome67@gmail.com,3682264100
8997788,30045,William Schmidt MD,James43@gmail.com,4107352721
6215505,41440,Nicholas Anderson,Michael45@gmail.com,5265828430
1839863,58991,Zachary Dominguez,Parker28@gmail.com,4828081927
9839389,69808,Mrs. Lori Booker,Chad67@gmail.com,2801813029
3596922,69000,Eric Cohen,Justin93@gmail.com,6794377069
6997134,93391,Peggy Miller,Tamara12@gmail.com,8652072217
8937630,25655,Joshua Herring,Cheryl82@gmail.com,1392345300
9820731,15827,Sandra Nichols,Melanie2@gmail.com,6604433608
9459966,10627,Jason Miller,Shelly25@gmail.com,8771110547
5906307,71524,Sara Fischer,Johnny82@gmail.com,7877929350
3195721,10888,Wesley Fisher,Jonathan63@gmail.com,4028410243
2012246,34634,Colleen Watkins,Gary52@gmail.com,6271548395
5055037,42125,Elizabeth Fernandez,Steven42@gmail.com,4919671186
8230113,59402,Gabrielle Hill,Ashley67@gmail.com,7291566359
7574533,81072,Christine Kirk,Michael49@gmail.com,2279889442
5426196,64551,Angela Tran,Tara13@gmail.com,8293527378
8388426,26107,Debbie Collins,Luke35@gmail.com,7679829463
5994898,26445,Dr. Jessica Davis,Linda85@gmail.com,6594016578
6809064,54963,Carrie Rodriguez,Sabrina63@gmail.com,7952964534
1386204,89129,Donna Greene,Brady64@gmail.com,5161550879
4798547,51094,Mark King,Jessica3@gmail.com,5478273302
5429437,29151,Pamela Hess,Jamie19@gmail.com,4771621571
7336639,75221,Regina Flynn,John26@gmail.com,2480916660
6075394,78515,Kimberly Greene,Melissa82@gmail.com,8509821652
8731395,89868,Andrew Moore,Cheryl14@gmail.com,4283877316
5961580,50686,Dennis Allen,Holly63@gmail.com,5929285112
3815238,37130,Kimberly Cruz,Mark52@gmail.com,6975154275
6885983,38310,Courtney Nash,Katelyn43@gmail.com,1222341659
8637585,31145,Lindsay Adams,Brandon13@gmail.com,6472067760
9918144,53713,Bonnie Little,Sarah5@gmail.com,7342722745
7123455,82205,Sarah Klein,Carrie89@gmail.com,6372729189
2553792,49287,Summer Ochoa,Jesus20@gmail.com,4314635284
7245334,99817,William Taylor,Danielle32@gmail.com,5037081699
8533092,95753,Victoria Quinn,Brandy9@gmail.com,9418951147
9303039,38655,Nicole Dorsey,Alexander45@gmail.com,5614780501
4721536,37296,Nicholas Reid,Amy16@gmail.com,5289657230
4204693,73758,Kimberly Turner,Christopher48@gmail.com,3300209312
4823368,11365,Robert Garza,Willie82@gmail.com,7336666247
5698942,26394,Jared Pham,Justin32@gmail.com,3058969370
8304099,90543,Todd Hoffman,Kristen96@gmail.com,2340392563
2040201,89151,Natalie Hopkins,Robert59@gmail.com,1748759839
2764994,24641,Jonathon Glenn,Kimberly4@gmail.com,2707433227
1423013,93985,Tony Owens,Alyssa33@gmail.com,4257957079
7292214,30245,William Mata,Corey50@gmail.com,5490412128
9847576,79842,Antonio Castillo,Peter2@gmail.com,6297073724
3949064,73721,Emily Ingram,Ashley68@gmail.com,5426386789
9612408,27676,Jeffrey Johnson,Christian21@gmail.com,3390800836
5167842,45462,John Brooks,Jose26@gmail.com,6974185437
9640574,39384,Emma Hicks,James22@gmail.com,6416957237
8546215,14255,George Andrews,John61@gmail.com,1624984308
5556104,44866,Linda Steele,Mike7@gmail.com,8432868982
7686922,40603,Gabriel Fields,Tyler75@gmail.com,8790434319
4484716,59624,Jennifer Roberts DDS,Ryan28@gmail.com,4321803087
9298287,66321,Felicia King,Kyle28@gmail.com,5060235021
3283043,64526,Kathryn Vega,Sarah29@gmail.com,3992196503
5595830,66922,Samantha Andrews,Alexis57@gmail.com,8485400285
5236880,22100,Christina Campbell,Katherine39@gmail.com,8612254823
4760069,84327,Michael Ortega,Sabrina37@gmail.com,3866750908
8869427,37566,Holly Ellis,Michael34@gmail.com,4133753258
4559034,41646,Raymond Brown,Brandon56@gmail.com,8018130419
2254421,64182,Jason Sanchez,Amanda80@gmail.com,5499903223
4988499,14707,Jacob Williams,Natalie47@gmail.com,4248370487
2504162,85189,Kathy Guerrero,April79@gmail.com,4999264958
5143761,11189,Megan Holland,Heather1@gmail.com,3900302910
5672950,83512,Jeffery Johnson,Brenda22@gmail.com,8035653782
6443868,98396,Kimberly Cole,Spencer19@gmail.com,5843817321
6541499,79505,Heather Rodriguez,Gabriel4@gmail.com,2537193653
5497262,41086,Felicia Hernandez,Benjamin55@gmail.com,2170742435
2089903,87079,Kenneth Payne,Jessica40@gmail.com,4321396474
3707606,98237,Heather Miller,Stephanie50@gmail.com,9556739403
6095351,95403,Cindy Chen,Brenda30@gmail.com,8492411044
2715375,36216,Nathan Kim,Selena11@gmail.com,3465428515
8348564,15711,Paul Lee,Paul96@gmail.com,5174451519
3673057,81076,Kimberly Moore,Richard98@gmail.com,7983125135
3716948,87004,Jesse Shepherd,Jason9@gmail.com,5102811103
7226710,97712,Alexis Wilson,Ruben4@gmail.com,4029335526
2926244,22994,Elizabeth Riddle,Anthony63@gmail.com,1155058873
9186103,44698,Mark Smith,Charles10@gmail.com,8975522021
1428591,99705,Anthony Lewis,Bryan74@gmail.com,1326396479
8511896,22550,Tyler Avila,David37@gmail.com,8698671099
5690227,66008,Tina Pennington,Timothy84@gmail.com,5678866475
6516572,55186,Heidi Rodriguez,Laura59@gmail.com,5288099333
1074929,70671,Gabriella Lopez,Thomas4@gmail.com,4073820098
2514934,59044,Scott Graham,Tonya95@gmail.com,7042788705
9008583,75773,Russell Perkins,Matthew24@gmail.com,1414025448
8615601,86020,Natalie Melendez,Laura97@gmail.com,8705050838
9603879,82266,Elizabeth Wright,Yolanda48@gmail.com,8325405776
4031950,47221,Rachel Benson,Joshua79@gmail.com,5458300987
8019208,89982,Kim Kirk,Lori48@gmail.com,9570180620
5115322,64679,Mary Hernandez,Eric33@gmail.com,7739781194
9372119,44588,Jimmy Davis,Daniel45@gmail.com,5722859004
3546189,61604,Hunter Chavez,Gina91@gmail.com,1317024754
9073945,69292,Suzanne Martinez,Scott51@gmail.com,9284809604
4916439,14799,Jessica Adams,Lisa61@gmail.com,9653120377
1206494,44522,Gary Simpson,Paige96@gmail.com,9195398998
6031562,32444,Jill Cooper,Mary78@gmail.com,7252862379
1607083,59209,Dawn Frye,Logan66@gmail.com,8840214778
8818288,56797,Anne Jones,Valerie52@gmail.com,4092556880
7090452,13998,Martin Mckinney,Hayley3@gmail.com,7795125735
4271400,76336,Michael Mann,Rebecca56@gmail.com,2153248007
6363789,30512,William Herrera,William37@gmail.com,7197493067
1619137,27834,David Smith,Eric70@gmail.com,8950151428
4024486,22798,Heather Larson,Wanda12@gmail.com,1015441007
4305928,13642,Kayla Fuller,Brett75@gmail.com,1347017785
4047579,90852,Teresa Watson,Amy75@gmail.com,6670076208
6297641,49444,Matthew Bennett,Timothy38@gmail.com,4241839250
7565996,64329,Jay Jones,Nicole3@gmail.com,8612931064
1394185,99956,Angelica Thompson,Lindsey70@gmail.com,5780531440
7469240,25623,Richard Miller,Erin74@gmail.com,3184887389
8981153,33779,Ashlee Weber,Kimberly64@gmail.com,6628715910
8742660,28872,Jason Hines,Connie94@gmail.com,4072976930
3020557,63562,Jason Jackson,Lindsey38@gmail.com,8986685839
7340073,76511,Marcus Delgado,Kathleen85@gmail.com,8554936241
2140070,89628,Tonya Silva,Rachel35@gmail.com,7995743630
4945023,18164,Angela Young,William34@gmail.com,2537502629
3548046,62551,Kelly Stephens,Justin80@gmail.com,1523874955
4505071,57403,Allen Armstrong,John89@gmail.com,8816950170
5889841,87065,Kyle Lawson PhD,Emily63@gmail.com,1253120071
6411727,87780,William Johnson,Shawn99@gmail.com,2395090579
5601899,63236,Michael Morris,Erica24@gmail.com,6218443556
2204018,43386,Sean Olson,Tammy9@gmail.com,2006089716
1630953,95926,Maria Williams,Laura45@gmail.com,2878325393
7276897,43442,Jorge Butler,Victoria55@gmail.com,9905713043
2873558,98731,Alexandra Johnson,Shannon96@gmail.com,8007731032
6891845,63026,Katie Smith,Renee98@gmail.com,1449996436
9314022,91005,Kim Nunez,Kimberly22@gmail.com,5242690354
4692050,52556,Samantha Russell,Christian22@gmail.com,6979009721
2024185,36950,Robin Ballard,Jeffrey64@gmail.com,5022891258
3790091,43877,Gregory Ross,Melanie18@gmail.com,2114330341
2791889,69137,Nathan Weaver,Aaron20@gmail.com,4350195472
2874862,72731,Stacy Lang,Michael65@gmail.com,9460831210
9241888,56489,Luis Watson,Ashley99@gmail.com,4952269442
4057355,36061,John Davis,Stacey85@gmail.com,4771695413
2682813,94588,Lisa Hill,Kathleen8@gmail.com,1187793247
6220471,61354,Michael Warren,Samuel85@gmail.com,3334948170
8289964,83766,Jon Sheppard,Joshua14@gmail.com,7162399254
4122734,60914,Christopher Johnston,Paul58@gmail.com,6180227624
1038053,68518,Andrea Mills,Luke16@gmail.com,2695021762
6095292,59606,Jennifer Price,Virginia63@gmail.com,9993605457
9835038,43628,Priscilla Pham,Chelsea39@gmail.com,4648631171
2092086,90833,Michael Robinson,Lance10@gmail.com,4606229391
9658417,63722,Paul Miles,Cassandra39@gmail.com,9269509292
7694880,97548,Mary Salinas,Robert89@gmail.com,3646607201
6189397,75153,Austin Dawson,Jennifer48@gmail.com,4940309314
3777109,99800,Joshua Stokes,Christopher26@gmail.com,8106313927
6179657,28562,Heather Peterson,Zachary69@gmail.com,7004189137
7791188,88403,Shelley Butler,Ethan19@gmail.com,8117779981
3371000,49795,Claudia Campbell,Daniel1@gmail.com,3004790994
5402255,21103,Anthony Graham,Bethany67@gmail.com,8385880126
8780827,54976,Jose Brock,Matthew65@gmail.com,6294977620
1176161,85523,James Farrell,Michele27@gmail.com,1917646257
1439894,58533,Brett Coleman,Brandi32@gmail.com,8976296663
3961994,61340,Robert Perez,Megan49@gmail.com,7458843578
3567392,21684,Morgan Ritter,Kenneth57@gmail.com,9761547512
5895988,38639,Tammy York,Emily95@gmail.com,2066710221
7220694,44810,George Beard,Melissa36@gmail.com,8028782372
8065704,32685,James Pierce,Todd22@gmail.com,8101233016
7256997,96734,Russell Berger,Joseph66@gmail.com,4349387102
9092642,90264,Kevin Stein,Ian25@gmail.com,5064429475
3796899,67290,Dr. Frederick Barrett Jr.,Michael90@gmail.com,4395385090
4776189,50609,Anthony Hall,Brian21@gmail.com,5059419605
6194523,78695,John Underwood,Rachel14@gmail.com,1062659856
5066926,45168,Thomas Briggs MD,Jeremy58@gmail.com,8258815091
4614980,78168,Julia Cole,Marilyn10@gmail.com,3290801225
8649390,30622,Samuel Ray,Michael71@gmail.com,6592727055
1203113,13479,Michael Duke,Melissa58@gmail.com,7614395790
4616384,77516,Hannah Sparks,Gregory54@gmail.com,5165287747
4756026,44742,Megan Gilbert,Justin67@gmail.com,4891546889
8025750,27273,Amy Guzman,Brandon93@gmail.com,3468776028
4683220,73038,Daniel Garcia,Donna19@gmail.com,7326979134
5200788,13673,John Mullen,Lori72@gmail.com,1181423018
5396680,26675,Timothy Owen,Omar10@gmail.com,8260067227
6560810,38572,Sarah Mitchell,Sharon78@gmail.com,3274331851
7951726,36982,Kyle Richardson,Francisco86@gmail.com,2402834199
5323213,13057,Danielle Hubbard,Thomas21@gmail.com,4825949193
3336287,92302,Joseph Mccoy,Daniel45@gmail.com,8414327387
2616506,12633,Norman Brown,Lisa77@gmail.com,3028106107
5697655,68502,Laurie Sawyer,Kenneth68@gmail.com,8729847830
4660855,83623,Jacob Gonzalez,Joshua53@gmail.com,6929992966
6440344,54824,Patrick Castaneda,Kyle64@gmail.com,6045839393
6092731,44174,Ashley Acevedo,Julie53@gmail.com,8434773063
7855395,96344,Andrew Yoder,Stacey17@gmail.com,3055407951
7517793,50691,Lynn Robinson,Bobby89@gmail.com,7972213850
7766138,30256,Carla Gardner,Rebecca88@gmail.com,1884079589
4993599,84584,Ashley Lynch,Bruce90@gmail.com,5176559598
3851637,77208,Kelly Williams,Peter79@gmail.com,2477962820
3907986,87278,Veronica White,Julie11@gmail.com,5832054125
1236878,18315,Sarah Vincent,William46@gmail.com,4338279109
7690993,40664,John Gutierrez,Joseph56@gmail.com,6082461816
7105688,10342,Anthony Banks,Danielle86@gmail.com,1310508928
4169632,84689,Annette Jefferson,Ricky76@gmail.com,9549805710
2179520,82918,Robert Moore,Gabrielle85@gmail.com,7759660404
5751049,70170,Vincent Shields,Mark43@gmail.com,3195998704
5681688,75028,Dennis Scott,Michelle57@gmail.com,1697915777
8451587,62273,Amber Ali,Jordan66@gmail.com,9055012639
4692319,27608,Frederick Stanley,Danielle61@gmail.com,4646486538
7793424,12034,Sarah Jensen,Lauren50@gmail.com,4555362105
5561268,26826,Taylor Williams,Marcus97@gmail.com,3243671987
2753793,77616,Michelle Watson,Felicia59@gmail.com,9643551349
9213282,61777,Patricia Roberts,Dorothy84@gmail.com,2191774444
4232615,87296,Alexander Maldonado DDS,Sean90@gmail.com,6042275214
6818395,68512,Kenneth Fisher,Joel42@gmail.com,8259442066
2742544,23884,Tanya Flores,Brad16@gmail.com,5400586772
9598880,15204,Sharon Ewing,Kaitlin11@gmail.com,9240348323
8012834,19891,Rebekah Henry,Daniel11@gmail.com,7236379541
9110134,42918,Karen Williams,Rachel60@gmail.com,2720416889
1495079,22681,Allison Williams,Lori73@gmail.com,9848970553
3719619,21024,Leon Valencia,Michael31@gmail.com,1660606740
8707746,94661,Brian Charles,Robert87@gmail.com,9207477162
5800611,94594,Tiffany Wagner,Patricia44@gmail.com,7011809264
6413284,43894,Brian Vaughn,William92@gmail.com,8435703002
3446542,15658,Barbara Carrillo,Michele84@gmail.com,9475729950
4054236,64688,Catherine Gay,Emily51@gmail.com,5663391495
6332508,33015,Joseph Wood,Jennifer38@gmail.com,5617409731
9729102,13922,Charles Marquez,Samantha14@gmail.com,5149103786
5314000,10264,Jason Martinez,Jacob44@gmail.com,3830010441
6582235,99243,Anthony Duncan,Sherry66@gmail.com,8492648830
4562580,65860,Phillip Perez,Kelly81@gmail.com,7996948058
6900594,19626,Amy Henderson,Mark28@gmail.com,8979347346
5395957,95838,Ashley Smith,Jacob33@gmail.com,6801647081
6940453,96137,Richard Chambers,Austin16@gmail.com,1371160570
3030573,42364,Stephen Harris,Brian38@gmail.com,3278770075
2575001,88508,Joshua Turner,James54@gmail.com,6365623442
1065897,27185,James Henry,Jodi93@gmail.com,1119370324
4406824,99645,Adam Weaver,Destiny70@gmail.com,8715558594
9511299,37875,Rebecca Dunlap,Zachary83@gmail.com,7217035842
1907541,43017,Daniel Vaughn,Maria39@gmail.com,4306092806
2880979,55245,Kelly Shaw,Jessica26@gmail.com,6379449462
1353284,67961,Amanda Cameron,Debbie19@gmail.com,5345422419
9916054,61062,Kristin Porter,Austin10@gmail.com,2696864498
1713231,54698,Brittany Baldwin MD,Jill93@gmail.com,2697825607
4356674,95641,Rebecca Byrd,Michael78@gmail.com,9010902637
5321391,97835,Michael Houston,Keith79@gmail.com,1619006652
4215279,17905,Jacob Martinez,Amber89@gmail.com,9416098453
2138076,72545,Ashley Morris,Kimberly60@gmail.com,2906314188
3478063,77261,Kevin Wagner,Tiffany29@gmail.com,1458427034
8240384,59995,Michael Aguirre,Eric20@gmail.com,5327977720
8851752,73540,John Young,Scott12@gmail.com,4139780453
6481915,80075,Kimberly Hoffman,Mitchell70@gmail.com,5801143225
1871636,58384,Derek Rubio,Meghan33@gmail.com,3110893439
6921774,91676,Shawn Fitzgerald,Thomas27@gmail.com,4610884318
3613965,43380,Erika Stewart,Jerry20@gmail.com,7927539417
7486208,95110,Amanda Stephens,Elizabeth44@gmail.com,1556498660
5928932,70968,Elizabeth Leach,Jennifer89@gmail.com,1919101235
8482214,25220,Carrie Davis,Jody46@gmail.com,5040226518
4044640,85161,Anthony Frederick,Sue45@gmail.com,4859623480
5243670,53736,Katie Yates,Jennifer86@gmail.com,2809349730
4086705,51185,Katherine Mullen,Richard25@gmail.com,2352405408
7904078,40120,Emily Thomas,Michael39@gmail.com,6540934997
1351700,64570,Patrick Bray,Thomas4@gmail.com,9007000332
6545308,30993,Christine Moore,Jason19@gmail.com,3304539783
8970677,82124,Amber Parker,Cynthia11@gmail.com,2885207848
3128071,81042,Ryan Rodriguez,Kristi69@gmail.com,3035571624
7081841,29032,Judy Walker,Corey34@gmail.com,6493171335
8382570,12608,Kristen Clark,Sara77@gmail.com,1705333384
9068741,87009,Alexis Brown,Kelly97@gmail.com,5717571274
4380762,41859,Lisa Thompson,Jared64@gmail.com,5580372153
3157104,63789,Katherine Olsen,Kenneth21@gmail.com,8082146110
1279143,76141,Veronica Jennings,Mark22@gmail.com,3201468037
2067810,22093,Sara Oneal,Richard65@gmail.com,7389419991
9685255,38396,Ronald James,Samuel19@gmail.com,2196815914
7387300,44825,Charles Rodriguez,Kimberly34@gmail.com,2342759186
8154036,38471,Steve Tapia,Douglas11@gmail.com,7302789528
1657589,86172,Kristin Smith,Ann50@gmail.com,4291335794
5509373,43916,Autumn Chavez,James15@gmail.com,6564573025
9731592,87603,Sandra Carr,John83@gmail.com,5729034038
6150335,19688,Paul Osborne,Wendy7@gmail.com,9009351553
3110942,96989,Kayla Martin,Rita41@gmail.com,8293403561
9635030,95150,Allison Griffin,Molly91@gmail.com,5210446863
3833868,53469,Susan Silva,Bethany54@gmail.com,5401982021
1022006,90792,Deborah Weiss,Michael94@gmail.com,1286213050
1580127,79081,Jill Braun,Natalie85@gmail.com,5469226737
9254114,14311,Jeremy Watson,Julie15@gmail.com,7980613442
2766619,31769,Christina Ruiz,Timothy92@gmail.com,9522976004
1186977,23209,Michele Sanders,Amy63@gmail.com,9622994496
6954020,42612,Derek Larson,Steven76@gmail.com,2725555474
9907272,72850,Mark Gray,Elizabeth84@gmail.com,2968353127
5015794,65079,Gerald Reyes,Scott9@gmail.com,8302831094
9668721,25695,Brian Ryan,Kayla32@gmail.com,9982087803
7787697,95436,John Bell,Anthony85@gmail.com,6136538088
3236340,20603,Patrick Noble,Natalie87@gmail.com,3266697372
1736066,29023,James Morris,Haley69@gmail.com,3694234302
7580152,19694,Christopher Aguirre,Mary26@gmail.com,3987689994
9430495,35257,Lindsay Stewart,Kimberly83@gmail.com,2819466205
3504063,46881,Angela Sutton,Kelli22@gmail.com,2245146228
2418224,84400,Stephanie Richardson,Fernando88@gmail.com,9612364243
3125111,14841,Kerry Marks,Jason2@gmail.com,2270807265
9156922,91402,George Alvarado,Mark27@gmail.com,8714000363
5896107,56156,Carmen Hurley,Daniel97@gmail.com,9463103724
6928082,21201,Andrew Barnes,Carl51@gmail.com,7425164945
3310431,43419,Sierra Huff,Samantha29@gmail.com,6268335742
1412599,17373,Norma Smith,Jonathan21@gmail.com,7297930212
2175868,34404,Alexander Simmons,Anna44@gmail.com,7560646143
8672653,14766,Brandi Martin,Christine28@gmail.com,8640400181
8527886,39898,Sara Price,Jason39@gmail.com,7714037707
3664695,26083,Brian Chen,Colleen26@gmail.com,7107459561
9355003,38502,Courtney Richardson,Stephanie63@gmail.com,2265829679
3357299,23658,Christine Thompson,Lee97@gmail.com,6522155939
7062347,44980,Kristina Campbell,Katherine38@gmail.com,8146494966
2907327,12504,Brandy Wilson,Lisa42@gmail.com,7115140836
8046412,42718,Tina Kramer,Peter7@gmail.com,7617366090
3303935,93690,Elizabeth Dunn,Mariah11@gmail.com,8079620277
6933509,99342,Mia Washington,Amanda100@gmail.com,5229217144
3019028,89741,Andrew Franco,Jessica9@gmail.com,4034501441
5913627,31793,Jeffrey Holland,Lisa9@gmail.com,5281771422
1695666,61766,Scott Rodriguez,Jeremy94@gmail.com,8118622207
1302158,46206,Cheryl Kim,Sean85@gmail.com,2540480368
6903716,32632,Nicole Jones,Alejandra79@gmail.com,2314993678
8301220,89729,Chris Scott,Kaitlin94@gmail.com,3320690893
9411815,74945,Stephanie Byrd,Brandon28@gmail.com,4981543192
7857028,16658,Joanna Chavez,Lauren52@gmail.com,7356767346
6639735,66656,Brittany Castro,Debbie67@gmail.com,3292454138
4393898,91974,Vincent Morales,Stephen45@gmail.com,7150778786
8393965,89949,Katherine Grant,Michael48@gmail.com,8043271762
8834851,73872,Kathleen Edwards,Theresa73@gmail.com,5906324231
9550802,76381,Matthew Gregory,Carl99@gmail.com,2478332177
6030677,69724,Nicole Byrd,Helen55@gmail.com,2606792183
1755119,90102,Amber Raymond,Joshua16@gmail.com,2420671668
7312017,95563,Angie Gonzales,Brandon22@gmail.com,8924996755
2253453,72405,Jennifer Wood,Sarah94@gmail.com,3427706084
1175910,48550,Richard Lee,Kathleen87@gmail.com,1061514485
6328189,79221,Lydia Elliott,Evan21@gmail.com,5872300782
3717476,53035,Alexander Harris,Joshua75@gmail.com,4382521800
3829370,44993,Phillip Anderson,Christina93@gmail.com,2320257584
7374918,89604,Philip Petty,Pamela22@gmail.com,6494603916
8754736,94363,Michael Simon,Sharon20@gmail.com,8752857375
8432637,83539,Jason Anderson,Ethan40@gmail.com,6510224613
3639161,43017,Ivan Tran,Kimberly13@gmail.com,1858955963
9918395,21052,Stacie Beck,Lauren81@gmail.com,2196469862
6406164,22811,Mrs. Rachael King,Michael20@gmail.com,4972850604
4566439,18679,Patricia Thompson,Kyle22@gmail.com,6490035322
7092902,39834,Rebecca Davis,Guy13@gmail.com,9777284053
6494517,44783,Michelle Gallagher,Elizabeth91@gmail.com,9827122203
3600145,40097,Joshua Moreno,Michael70@gmail.com,1836093244
1245840,14610,James Stein,Jennifer19@gmail.com,5860390042
7830698,89326,Brenda Schultz,Leslie90@gmail.com,8546207245
8789350,59696,Heidi Campbell,Edward11@gmail.com,3774030857
8960976,89556,Stephanie Gregory,Mark37@gmail.com,4353666081
5068515,31199,David Adams,Katie83@gmail.com,4855897204
3700320,82392,Perry Barnett,Justin60@gmail.com,3771606319
4875913,97075,Annette Greene,Jennifer48@gmail.com,9848391786
1794938,90790,John Jones,Jeremy15@gmail.com,4457844493
6036977,82717,Joshua York,Kim52@gmail.com,8207737766
6042543,21616,John Medina,Derrick72@gmail.com,2334195660
3012871,49274,Jennifer Thomas,Jason26@gmail.com,4448759437
9774430,95135,Joshua Ayers,Benjamin40@gmail.com,1738010106
7947501,53681,Tiffany Arellano,Brandon55@gmail.com,5319020252
6833859,47981,Richard Walker,Bruce54@gmail.com,6026545325
2016888,60202,Deanna Jones,Aaron12@gmail.com,9499910781
7210516,23143,Deborah Taylor,Sarah28@gmail.com,8560446079
9189225,69376,Megan Castillo,Emily56@gmail.com,9490802363
5245905,33274,Robert Sparks,Natasha81@gmail.com,3799344791
7472564,48651,Mr. Kenneth Bishop,James94@gmail.com,4799338384
1409266,97680,Mr. Jacob Nelson MD,William3@gmail.com,5166131745
2073761,67266,Tracey Russell,Daniel14@gmail.com,4345014519
9851924,19154,Lisa Smith,Catherine53@gmail.com,6381186309
8999901,80843,Jenna Lang,Ashley82@gmail.com,7332467744
8993726,32664,Patrick Russell,Sean69@gmail.com,7015072102
1184270,87535,Sean Oneill,Cynthia67@gmail.com,6896906690
5338368,13376,Christopher Smith,Robert8@gmail.com,8712925143
2971300,19553,Brenda Riley,David10@gmail.com,5193953618
2986556,53180,Christopher Rivera,Heidi29@gmail.com,9255551190
1832681,17617,Carol Robinson,Derrick23@gmail.com,7404399376
6197188,20900,Devon Parker,Sandra81@gmail.com,1236572113
8464444,84201,Kara Griffin,David73@gmail.com,6895192723
8611879,51144,David Manning,Wesley44@gmail.com,3486114371
7965849,54419,Nicole Wright,Michelle77@gmail.com,6465053653
2740692,41811,Chase Cherry,Matthew95@gmail.com,4198277865
6815837,54059,Ann Thompson,Brian91@gmail.com,2112124145
2453366,87412,Brandy Brown,Kevin79@gmail.com,9277618604
8128175,58186,Christina Clark,Nicole21@gmail.com,9319315229
9946484,94253,Eric Cisneros IV,Keith75@gmail.com,7165348853
4077778,13700,Nicholas Davis,Chelsea13@gmail.com,4535091398
9726049,22039,James Galloway,Veronica15@gmail.com,4128583601
5316991,20476,Lydia Hall,Melissa95@gmail.com,9521878211
2752398,71267,Dana Henson,Bryan10@gmail.com,5528400676
3300148,40603,Jerry Thornton,Monica51@gmail.com,6132589534
6562181,20198,Daniel Thompson,Eric54@gmail.com,6676714452
3202347,50936,Jennifer Nelson,Katelyn43@gmail.com,4769898071
8981766,44118,Roger Douglas,Patricia98@gmail.com,8137907976
7478247,61978,Michelle Elliott,Elizabeth65@gmail.com,9107245087
1657222,12975,Brett Blake,Heather10@gmail.com,2402195316
4697391,53643,Thomas Vega,Crystal9@gmail.com,8485997723
5168067,26023,Carol Peterson,Laura49@gmail.com,4469599635
9627710,67005,Morgan Coleman,Joe69@gmail.com,9411679956
2701200,27948,James Wallace,Robert3@gmail.com,9242808476
9435254,10967,Suzanne Cunningham,Brenda44@gmail.com,1035435954
7464345,45638,Sarah Mathews,Daniel58@gmail.com,4119678382
6116008,85986,Daniel Blackwell,Kimberly20@gmail.com,4549024284
1089109,,Jay Rodriguez,Caleb62@gmail.com,1220521779
3330901,68653,Aaron Johnson,Albert40@gmail.com,3845437434
8862406,89851,Kimberly Daniel,Angela20@gmail.com,6213948567
2500086,49111,Kenneth Johnson,Kathryn3@gmail.com,1283288412
4214571,34482,Ernest Garcia,Mia55@gmail.com,4037179460
8268854,98680,Jeremy Paul,Gary65@gmail.com,3403674916
9170708,83388,Melissa Thompson,Ricardo44@gmail.com,7203457543
6255557,81032,Ryan Allen,Mark47@gmail.com,4357384693
3650141,40869,Luis Wang,Jessica67@gmail.com,1306125360
6369122,19031,Lorraine Hansen,Melissa94@gmail.com,9336726433
9361855,89182,Joshua Mason,Amy83@gmail.com,1220034337
5051960,90097,Leslie Robbins,Jimmy31@gmail.com,8518596567
9971843,69641,Sara Johnson,Jeremiah81@gmail.com,5746794216
4276891,56291,Hannah Davenport,Ian54@gmail.com,5766982467
1205803,64861,Denise Wang,Lisa29@gmail.com,2833507879
6256650,47892,Brandon Lawson DDS,Candace79@gmail.com,1047589133
5256124,82191,Lauren Jenkins,Donald9@gmail.com,9630326444
9114607,67748,Lisa Williams,Patrick12@gmail.com,4412361551
8262159,31297,,Janice34@gmail.com,2557521339
4667124,30596,Cassandra Waters,Susan79@gmail.com,1596770487
5608248,68218,Virginia Wilkerson,Kristen35@gmail.com,7676525256
5500640,51181,Jason Tucker,Autumn51@gmail.com,5156329866
7464643,87342,Michael Solis,Tonya23@gmail.com,6230161143
5740103,84210,John Ballard,Sharon87@gmail.com,5315640070
1244648,69824,Zachary Davis,Timothy24@gmail.com,6719277590
5492177,15681,Seth Garcia,Nathan59@gmail.com,9568801671
4799948,42171,Nicholas Jackson,Olivia72@gmail.com,6900920254
7646952,32733,Savannah Noble,Carolyn62@gmail.com,5430324525
8483734,18002,Kristine Pratt,Jessica84@gmail.com,8769871917
3653270,30826,Nicole Mitchell,Joseph74@gmail.com,9798747091
6735453,75170,Victoria Parker,Joseph97@gmail.com,8322350742
7597091,66017,Jose Martinez,Johnny20@gmail.com,1836255221
6125103,33106,Sharon Webb,Laura78@gmail.com,1014763935
4541639,76995,Mark Sanchez,Michelle99@gmail.com,4709698841
8463144,65230,Anthony Reeves,Kathleen80@gmail.com,1126546227
9034880,58807,Brittany Scott,Sarah89@gmail.com,4126102814
9634664,35580,Danny Ochoa,Gabriella56@gmail.com,6046539425
1726798,20862,Karen Foster,Jake55@gmail.com,3782333631
2980121,95847,Angela Wells,Beth2@gmail.com,3435981633
6492937,45415,William Graves,Brandon38@gmail.com,5312660413
5718102,59072,Randy Torres,Ashley96@gmail.com,9504399123
6456970,16647,Karen Miller,Mark68@gmail.com,2705245239
5478832,56218,Mr. Jeremy Smith,Susan13@gmail.com,4655544626
9946958,39380,Jessica Reyes,Kimberly22@gmail.com,8251225132
4985732,51254,Jason Walls,Anthony44@gmail.com,1187561811
4577071,75654,Sean Cook,Adrian31@gmail.com,1285793845
5271652,45626,Tanner Phillips,Eric13@gmail.com,8183274525
1098539,47660,Samantha Lopez,Chad15@gmail.com,9975008555
9467662,20406,Rebecca Steele,Andrea12@gmail.com,4896509367
7429211,65194,Colton Hall,Charles57@gmail.com,4576345841
7733470,69793,Joseph Payne,Daniel54@gmail.com,5044789459
5377540,33042,Melissa White,Ricardo92@gmail.com,2927497305
3726498,72897,Cynthia Dawson,Matthew24@gmail.com,8129029849
7083817,64400,Rhonda Smith,Jill93@gmail.com,2495001337
4211505,98459,Angela Brown,Kenneth32@gmail.com,3845583967
1219418,40899,Dylan Griffith DVM,Shane82@gmail.com,5069434449
2228445,40760,Jessica Wright,Cameron41@gmail.com,3957157419
9551945,50975,Jenna Jones,Jerry64@gmail.com,1672439270
7115749,71557,Renee Curtis,Christopher20@gmail.com,7838622219
4968730,75734,Kenneth Owen,Alicia64@gmail.com,7823619133
6851576,37181,Carolyn Cantu,Christopher72@gmail.com,3243162116
3019058,20526,Tammy Scott,Sara89@gmail.com,1656458941
7300362,36211,Teresa Watson,Lynn44@gmail.com,6764791501
2637090,45046,Wendy Swanson,Nina65@gmail.com,1009834271
7927926,27323,Stephen Johnson,Joseph32@gmail.com,3072204073
7052307,29170,Deborah Montgomery,Michelle65@gmail.com,9100261799
2196258,74258,Miguel Wells,Theresa45@gmail.com,4516335085
2058833,79150,Kyle Bender,Leslie17@gmail.com,5611530937
9608694,53724,Patricia Fields,Ryan42@gmail.com,8339533985
3626951,68235,Jennifer Stanley,Pamela28@gmail.com,4872287038
6371875,77272,James Logan,Charles3@gmail.com,9301979929
7496695,21841,Jade Figueroa,Linda54@gmail.com,7792953230
2113819,12319,Robert Black,Peter83@gmail.com,5629160558
7576133,56615,George Woods,Mariah25@gmail.com,9538510966
5034524,40460,Susan Weaver,Tyler26@gmail.com,8517403978
1620774,74584,Samuel Smith,Regina46@gmail.com,3991236903
6388503,50400,Nicholas Rodriguez,Linda72@gmail.com,2648821067
9518958,83110,Amanda Chambers,Jason66@gmail.com,2860146052
7672962,55370,Eric Lewis,Amy68@gmail.com,3753306717
4812779,54540,Sara Davis DDS,Debra70@gmail.com,5519018554
3013532,87932,Jason Little,Julia80@gmail.com,6735965415
7453914,79498,Mary Perkins,Robin39@gmail.com,7088333415
6564690,80948,Dennis Miller DDS,Seth4@gmail.com,3885341086
2898256,50042,Juan Moore,Brent66@gmail.com,1533408519
4234855,74343,Amber Hill,Brenda68@gmail.com,7837168692
2146129,46880,Martin Olsen,Rachel100@gmail.com,1807211987
4740177,62366,Jason Santos,Brandon55@gmail.com,7518946751
9881029,74971,Juan Harris,Wendy63@gmail.com,2476031828
3004719,55575,Rodney Carrillo,Colleen70@gmail.com,5032121521
7056454,57418,Caitlin Vaughn,Jeffrey62@gmail.com,4491313277
5166538,96923,Jessica Collins,Elizabeth58@gmail.com,7649435457
8143859,17232,Michelle Mcguire,Andrew47@gmail.com,4258653250
6612701,50829,Kimberly Hanson,Rachael3@gmail.com,7481609132
8870338,46422,Jennifer Jennings,Ricky95@gmail.com,4751450046
8299380,87216,Chad Goodwin,Luis66@gmail.com,6414469495
3729894,97371,Brandi Cook,Elizabeth72@gmail.com,5917097690
5774577,30005,Maureen Marshall,Joseph73@gmail.com,8309570462
2313233,26832,Charles Webster,Veronica96@gmail.com,2430281494
6091022,92685,David Werner,Mary67@gmail.com,8609437993
6901920,42758,Gary Murray,Keith48@gmail.com,8082305598
5877228,62068,Barbara Smith,Amy22@gmail.com,6368501938
4476105,14186,Danny Oliver,William84@gmail.com,7170452227
8823553,39784,Dawn Holt,Veronica97@gmail.com,9478034297
4193047,69119,Dawn Austin,Zachary37@gmail.com,7082533737
4892227,48470,Jamie Dixon,Ashley76@gmail.com,4439033614
9326759,14555,Kimberly Brandt,George2@gmail.com,1299557681
1829731,44252,Tonya Hayes,Sandra97@gmail.com,7714190952
8345394,61690,Michael Hayes,Daniel92@gmail.com,9014370057
2577735,77842,Jessica Owens DVM,Taylor14@gmail.com,4484411610
2516993,44500,Mary Jordan,Tom60@gmail.com,8346486658
9806036,74326,Jason Ramos,Tammy85@gmail.com,9254809909
5010460,78842,Mary Boone,Jesse20@gmail.com,5895920828
1403959,47632,Jill Olsen,Kenneth51@gmail.com,1344220335
5418534,21352,Ryan Phillips,Mary66@gmail.com,7103876360
5937344,11452,Joseph Lee,Mark78@gmail.com,9620232497
4860357,57531,Jill Medina,Emma92@gmail.com,6130474315
5079888,28246,Nicholas Bernard,Belinda12@gmail.com,4472436743
5932501,57161,Debbie Williams,Leah31@gmail.com,8948265766
8140411,90552,Janice Pacheco,Renee67@gmail.com,3500609849
4324995,51605,Monica Cole,Richard17@gmail.com,7304368181
3115879,10545,Timothy Barber,Jessica61@gmail.com,5046558619
4312668,53969,Anna Myers,Jesus63@gmail.com,6566845117
8793070,62174,Laurie Garcia,Joy26@gmail.com,1793604174
7050752,47977,Robert Brooks,Jill58@gmail.com,5623959565
4408603,24477,Kaitlyn Page,Ryan44@gmail.com,6955666121
9958387,48748,Scott Hudson,Monica63@gmail.com,7098982126
9687309,24860,Sonya Thomas,Gabriel7@gmail.com,8472350277
8312323,50964,Jerry Hall,Lauren95@gmail.com,9131904844
6006757,41836,Sandra Diaz,Robert97@gmail.com,3857049154
6644845,71453,Betty Herrera,Kylie98@gmail.com,9290391940
2773520,42857,Nancy Campbell,Wendy29@gmail.com,4710883412
6144285,47448,Adam Rivera,Abigail19@gmail.com,9717856479
9021274,66459,Scott Howard,Kathryn84@gmail.com,6736935709
4627543,35423,Emma Wilson,Karen4@gmail.com,1755178781
9454465,92106,Melanie Brooks,Victoria7@gmail.com,1571875628
9297381,88701,Rebecca George,Sonya95@gmail.com,4268683837
7731544,79339,John Knight,Kristin67@gmail.com,1232889099
7739600,75546,John Morris,Nicole25@gmail.com,7811768265
2861764,20258,Cynthia Ray,Steven53@gmail.com,1100808076
1033955,17173,Donald Mendez,Elizabeth81@gmail.com,2766493824
6803094,59273,Michelle Snyder,Paul88@gmail.com,5668373410
3488838,93228,Jerry Dickson,Tiffany46@gmail.com,9390104172
5728614,84980,Courtney Rojas,Michael83@gmail.com,2384563907
1457022,97554,Travis Pierce,Krystal36@gmail.com,4186164048
5179784,78898,Jason Lopez,Christy28@gmail.com,1550467325
1243323,25303,Danielle Park,Rodney35@gmail.com,3164447416
3440818,45588,William Armstrong,Ashley90@gmail.com,5323812679
4878393,57967,Daniel Cisneros,Vanessa34@gmail.com,8362554380
7072766,61627,Christopher Cole,Tonya98@gmail.com,4154047360
3783324,51908,Kayla Jacobs,Vincent32@gmail.com,8783351535
4643287,98051,Brett Taylor,Robert34@gmail.com,1316159801
6420781,94753,Deborah Lewis,Christopher90@gmail.com,7462183310
6598921,77847,Wayne Mccarty,Jared17@gmail.com,9607605812
6767529,11442,Sandra Hernandez,Brendan72@gmail.com,3134008016
1163163,10561,Tina Fernandez,Austin58@gmail.com,3853291671
4076317,61045,Paul Young,Mark50@gmail.com,8114405527
9604854,17558,Amber Brown,Crystal62@gmail.com,2116536746
7474608,99451,Jeffrey Allen,Ashley11@gmail.com,4954234188
1984642,95464,Bailey Greene,Catherine11@gmail.com,1542496039
2077978,85552,Yvonne Andrews,Stephanie18@gmail.com,9138767167
6480144,15668,Tracy Barrera,James61@gmail.com,5028219683
9929064,20340,Kimberly Cross,Linda75@gmail.com,7734537762
4546656,18041,Kristy Lewis,Ricky7@gmail.com,3463862304
4919237,18325,Rebecca Hicks,Laura11@gmail.com,1068013992
7434523,42108,Zachary Wilson,Robert84@gmail.com,3388557904
1662985,41210,Jessica Romero,Lisa28@gmail.com,6427850834
6970732,58576,Gina Ferguson,John30@gmail.com,5292445572
3000449,10392,Andrea Huang,Angela11@gmail.com,7117310726
8646933,19393,Nancy Hudson,Stephanie72@gmail.com,8992469634
9905516,83245,Scott Cline,Sarah22@gmail.com,9819617120
5977494,64103,Amanda George,Michele53@gmail.com,4528335020
4498311,78964,Gregory Burke,Kim90@gmail.com,3250568073
2421337,51288,Stephanie Peters,Lauren95@gmail.com,8113652843
1053764,93511,Pamela Wallace,Tiffany98@gmail.com,5994146565
2858697,24804,Arthur Rodriguez,Joshua57@gmail.com,4197116034
5347149,51527,Mallory Navarro,Emily66@gmail.com,9018628942
7181716,32138,Cynthia Jackson,Jennifer29@gmail.com,9433675463
8147369,24110,Michelle Dennis,Joshua24@gmail.com,2415802841
4437121,13361,Joel Wood,Raymond17@gmail.com,7203565968
7544190,12942,Aaron Roberson,Evan91@gmail.com,9337652443
2636135,60241,Andrea Dunn,Misty13@gmail.com,1456393627
7741399,44907,Johnny Schmidt,Paige22@gmail.com,8431387009
4276778,64656,April Green,Garrett48@gmail.com,9314408617
7341757,18535,Darrell Kaufman,Mikayla49@gmail.com,2297282021
2153018,64618,William Gray,David20@gmail.com,6194008888
4595549,33867,Andrea Johnson,Patrick46@gmail.com,8452355322
7924118,50608,Dawn Perez,James73@gmail.com,8211782381
1523379,80963,Shawn Hicks,Jon44@gmail.com,3691271632
9934919,90707,Alex Estes,Edward92@gmail.com,8943979468
5515903,79785,Leslie Ford,Frank25@gmail.com,4277057345
1018966,23153,Ashley Turner,Briana25@gmail.com,2357025538
5897857,52456,Adrian Crawford,Courtney75@gmail.com,7661500203
4908053,28554,Matthew Ford,Brooke51@gmail.com,4895763966
3278147,68459,Alan Bishop,Dwayne92@gmail.com,3780393788
8554791,58132,Heather Mendoza,Steven92@gmail.com,4274712150
8748490,37011,Aaron Diaz,James55@gmail.com,7804846647
5855744,65726,Scott Cook,Daniel40@gmail.com,2244975095
4735425,83298,Steven Wolfe,Brian4@gmail.com,2244429318
5139067,31902,Samantha Mcdaniel,Austin90@gmail.com,3952437546
6450320,38804,Joyce Ellis,Jeremy79@gmail.com,4134668100
5001515,69017,Danielle Kramer,Haley62@gmail.com,7169032546
7711824,40476,Calvin Sanchez,Paul51@gmail.com,4436718045
3930372,88642,Christopher Curry,Catherine21@gmail.com,7395367089
9530973,10565,Megan Henry,Joshua79@gmail.com,2503520670
2552329,51555,Nicole Myers,Cynthia41@gmail.com,4349055224
1146262,47556,Bonnie Knight,Emily64@gmail.com,3257999721
1970535,80320,Rose Miller,Ashley83@gmail.com,4818730165
1252393,56308,Kaitlyn Jenkins,Angela13@gmail.com,4916467231
8575206,43482,Larry Shaw,Anita44@gmail.com,3759336792
4025360,63764,Daniel Rhodes,Hannah9@gmail.com,6729755919
7015847,17170,Ashlee Mcgee,David47@gmail.com,2857788558
7729770,31348,Cynthia Andersen,Diane50@gmail.com,3376082555
1874236,45531,John Burton,Crystal8@gmail.com,9951953723
2836128,99932,Bradley Swanson,Steve45@gmail.com,1129564429
1524660,26627,Amanda Marshall,Melanie31@gmail.com,1339270622
3056754,72297,Patricia Nguyen,Rachel23@gmail.com,9137041292
5999170,93596,Robert Preston,Matthew64@gmail.com,8980936257
3254736,70374,Christina Porter,Christopher38@gmail.com,7430003582
9003820,17919,Amber Lester,Julie65@gmail.com,2247316191
3736885,34398,Jeffrey West,Holly13@gmail.com,9946530332
3984067,42996,Eric Snow,Andrew53@gmail.com,7968924564
6366404,13508,Harry Moreno,Ethan61@gmail.com,6642292859
9123321,48814,Sharon Gallagher,Craig12@gmail.com,8778558758
3523029,94170,Jeremiah Roach,Tiffany38@gmail.com,3321027119
7705506,71650,Lindsey Smith,Ryan41@gmail.com,7710796533
3133984,36228,Robin Walker,Andrew7@gmail.com,7861818188
7534727,86262,James Garcia,Diana49@gmail.com,8532149095
6886815,94743,Jasmine Shelton,Cameron92@gmail.com,2711887160
3679192,63127,Willie Vang,Linda9@gmail.com,1624164465
9801964,74128,Hannah Cruz,Brenda48@gmail.com,2075364748
4932666,16448,Holly Mitchell,Diana91@gmail.com,2793583268
3596879,37007,Dr. Ryan Richardson DVM,Crystal86@gmail.com,9277564681
2191706,93038,Nicholas Reeves,Julia44@gmail.com,1080568397
7048783,27665,Robert Jackson,Virginia71@gmail.com,6134169765
5125883,20130,Kelsey Lara,Jacqueline50@gmail.com,7311487877
2753661,66416,Derrick Gutierrez,Paula29@gmail.com,6422412776
8776200,25311,Gregory Jacobson,Kyle8@gmail.com,1882887566
9723532,86032,Mark Hampton,Isabella27@gmail.com,5006597512
4934109,99179,Maurice Cline,Julia96@gmail.com,8358146818
4709465,45107,Cynthia Snow,Lisa11@gmail.com,4587576174
1486705,63978,Jessica Ferrell,Brad57@gmail.com,7044529679
5403633,19975,Shannon Snyder,Elizabeth15@gmail.com,1006324057
7070091,44971,Kevin Nelson,Shelly1@gmail.com,2363009264
2521761,31764,Diane Johnson,Kristina42@gmail.com,2167881472
6273936,99477,Claire Mckay,Paul48@gmail.com,6084882417
2465627,84235,Lawrence Meadows,Shari85@gmail.com,2754531941
1640031,15210,Michael Sims,Diana65@gmail.com,2361392208
3436311,48157,Raymond Wright,James100@gmail.com,9998976272
8709463,27087,Alexander Smith,Lindsay37@gmail.com,9325324591
6063714,82965,Dr. Jennifer Hart,Ryan69@gmail.com,6669641170
2773526,16094,Philip Mitchell,Amy39@gmail.com,3936592757
2790558,22683,Alicia Rogers,Sara56@gmail.com,8811809275
1195729,29588,Kathleen Gutierrez,Larry78@gmail.com,5851673983
9819978,79499,Benjamin Myers,Chelsey27@gmail.com,9914184556
,90979,Thomas Calhoun,Wesley45@gmail.com,9399289137
7674596,57163,Joseph Howell,Erica41@gmail.com,2077575260
2827979,77107,Gregory Salazar,Leslie95@gmail.com,1131170137
4155233,34188,Shawn Jones,Rachel11@gmail.com,4267088892
5805109,50805,Bobby Jenkins,Troy71@gmail.com,6265705010
3014903,86239,Carmen Marshall,Marvin23@gmail.com,4875694616
6899004,42686,Eric Anderson,Andrew12@gmail.com,5633034466
8605500,86795,Kristina Mason,Mikayla61@gmail.com,7925410992
3259633,60866,Sarah Little,Brian8@gmail.com,6449236094
8659843,28040,Trevor Reese,Douglas27@gmail.com,1401722659
7699559,27665,Amy Morton,Mike88@gmail.com,1224349161
6037289,68369,John Harrison,Kevin49@gmail.com,7521951146
3996234,22990,Zachary Keith,Laura49@gmail.com,6273272974
5829337,77871,Michael Logan,Crystal87@gmail.com,7706652022
5874333,66464,Stephanie Frederick,Carlos42@gmail.com,3127424712
1219757,20510,Bobby Cook,Taylor77@gmail.com,1957551385
9715743,81955,Connie Marshall,Emily76@gmail.com,8215627973
1387001,16312,Tammy Arias,Catherine89@gmail.com,7676695594
9107677,22760,Stacey Malone,Douglas66@gmail.com,4774536754
6253425,39978,Grace Mueller,Ashley54@gmail.com,5274844409
5346177,21687,Jennifer Buchanan,Carla2@gmail.com,6508570825
1814463,73150,Albert Tyler,Sandra9@gmail.com,8884596407
8088069,20404,Christopher Neal,Ashley48@gmail.com,2583315488
4470650,53777,Jessica Waters,Holly88@gmail.com,5059093062
6577117,87370,Christopher Thomas,Joseph56@gmail.com,8727651078
1384989,67292,Dustin Fuller,Amber47@gmail.com,1048639442
1564455,30640,Courtney Burke,John80@gmail.com,1823957443
1573148,28309,Melissa Gray,Sean58@gmail.com,8815233137
2542053,53111,Jason Baird,Gary6@gmail.com,1808629672
5257022,51566,Travis Dixon,Barry62@gmail.com,8543675382
1404493,93939,Laura Green,Morgan46@gmail.com,3859700895
8908541,18077,Andrea Hart,Jonathan69@gmail.com,9568778512
5367489,31745,Mary Levine,Briana92@gmail.com,5700341734
6486897,51905,Craig Matthews,Gregory51@gmail.com,8290255954
2402986,87255,Alexander Simpson,Haley60@gmail.com,7565240305
2346719,90705,Ashley Howard,Timothy58@gmail.com,4375526214
2864176,17466,Justin Strickland,Mary72@gmail.com,6185589540
9166328,61076,Kimberly Powell,Stephanie15@gmail.com,5570817335
7130069,72479,Jason Franklin,Kevin89@gmail.com,9527961971
9898058,92298,Terry Rosario,Tiffany62@gmail.com,8600992502
6052648,45601,Stephanie Walker,Kenneth46@gmail.com,8734289409
3556590,73751,Robert Mercer,Elizabeth54@gmail.com,3372554726
8777642,50828,Mark Harrison,Michelle67@gmail.com,6875350103
7266550,59949,Harry Rhodes,Leah50@gmail.com,8375440484
6819393,18952,Katie White,Brian53@gmail.com,1623897576
5672547,13976,Steven Brooks,Lisa38@gmail.com,
4965026,81933,Christopher Wood,Michele18@gmail.com,4128984530
1402256,64506,Troy Gutierrez,Cassidy41@gmail.com,5573215544
9964355,48208,Robert Kramer,Jennifer80@gmail.com,4846434776
2670526,62370,Mrs. Stephanie Roach MD,John88@gmail.com,1715052039
9133465,63196,Samantha Ford,Gary11@gmail.com,3123103818
3288489,65017,Kimberly Carrillo,Erica35@gmail.com,2848121439
4089455,34521,Edwin Bradford,Melinda10@gmail.com,1125250682
2087009,31148,Ryan Sawyer,William95@gmail.com,5240406791
7542263,67308,Eric Kelly,Gina16@gmail.com,3974535049
9275520,63212,Samuel Davis,Steven48@gmail.com,9925594896
6150731,57396,Dana Molina,Emily54@gmail.com,9723657929
9962416,28387,Benjamin Travis,Steven90@gmail.com,1913752915
9926550,31584,Erica Molina,James13@gmail.com,8391908557
4249479,71943,Kristin Lee,Chase56@gmail.com,7199129403
3874565,44047,Miss Carla Martinez,John50@gmail.com,7119503710
4083392,33821,Rachel Davis,Jacob82@gmail.com,8533060517
4859430,19232,William Carson,Kimberly93@gmail.com,4094037869
1547897,23631,Ricardo Patrick,Karina50@gmail.com,5011934639
9139716,37426,Sheri Hughes,Hunter98@gmail.com,5328357387
4645717,55157,Kristin Manning,Zachary2@gmail.com,6058945628
9024510,79808,William Payne,Chad18@gmail.com,6389960097
4533278,30841,Mr. Robert Taylor,Andrew73@gmail.com,1392877436
9182342,34198,Brian Bennett,Kimberly52@gmail.com,8793617023
5003823,13899,Dr. Denise Curry,Angelica100@gmail.com,9490780201
1524111,59441,Jose Brown,Dawn72@gmail.com,6002939837
7479903,98501,David Williams,Keith46@gmail.com,3222835394
4661697,94171,Joshua Shields,Ryan22@gmail.com,4266504561
5671280,66275,Kaitlyn Calderon,Susan62@gmail.com,7597393830
2081844,36652,Christopher Gordon,Samantha69@gmail.com,5074900196
3230479,80980,David Robinson,Melissa6@gmail.com,1658989222
5974275,25440,Mike Herrera,Krista83@gmail.com,9754392990
8670621,65208,Anthony Rowe,Joshua16@gmail.com,2084359574
9504800,48881,Gabrielle Hamilton,John50@gmail.com,2949785556
4617361,95124,Michael Jones,Jeffrey66@gmail.com,6814899365
2869167,79072,Deborah Wagner,Colton26@gmail.com,8543640444
8603185,39332,Andrea Nelson,Troy86@gmail.com,5580331784
9218946,56946,Eric Woods,Bradley21@gmail.com,5407907512
4122112,28971,Leon Jimenez,Melinda6@gmail.com,5129699332
2104284,49977,Anthony Soto,Krista2@gmail.com,8979546299
9398912,39829,Lynn Soto,Eric8@gmail.com,5761998312
2608567,37409,Christopher Davies,Destiny77@gmail.com,1755806615
5177897,20546,Keith Howard,Kaitlin15@gmail.com,3905244524
2708487,62213,Raymond Williams,Robin24@gmail.com,1995288317
5744164,90051,Keith Ramirez,Zachary92@gmail.com,9636388540
3105443,90933,Karen Mcdonald,Michael95@gmail.com,1641255093
6974465,14495,Thomas Bryan,Rachel82@gmail.com,1942313854
9755177,14341,Anthony Obrien,Laura14@gmail.com,3829461036
8828661,64308,Patrick Jordan,Stephanie12@gmail.com,6410230602
3860691,23957,Jeffrey Lowery,Carolyn52@gmail.com,8791312811
3902275,91142,Alyssa Schmidt,Michael35@gmail.com,1710790937
3187029,61143,Samantha Roberts,Alexandra67@gmail.com,9032878995
6706786,37119,Chad Petersen,Michael14@gmail.com,6608343824
2019838,16258,Justin Carter,Jacob28@gmail.com,9759135030
8340456,79521,Jennifer Sampson,Lauren98@gmail.com,7316699064
6026298,70786,Steven Hughes,Cynthia54@gmail.com,3998225300
7873567,98975,Adam Brown DDS,Jacob79@gmail.com,7708130859
7788564,85310,Alexis Cruz,Michael40@gmail.com,3815317435
6723335,10248,Mark Mccarthy,Maria23@gmail.com,7531014181
1010261,84178,Vincent Jackson,Karen9@gmail.com,4737113797
5963172,55020,Anthony Diaz,Derek70@gmail.com,2227489481
9237544,60976,Jamie Anderson,Andrew70@gmail.com,2842696788
1646753,77513,Tyler Li,Ryan65@gmail.com,6238332445
6705169,93013,Gregory Mayer,Suzanne64@gmail.com,4493954015
2576479,12905,Heather Brown,Becky21@gmail.com,7681238515
8121238,14515,Lori James,Melvin84@gmail.com,7693521215
9242338,58441,William Rhodes,Scott13@gmail.com,4327823552
3379720,37682,Joshua Mitchell,Kristen70@gmail.com,4069699072
1366344,70747,Derek Hill,Ashley99@gmail.com,7406055078
4333343,43944,Allison Cain,Andrew74@gmail.com,2797017163
7312213,74535,Amanda Little MD,Tina78@gmail.com,3368967270
6084826,57737,Edward Glover,Jason7@gmail.com,9792595884
1938349,49286,Jennifer Hughes,Nicole4@gmail.com,4170756792
5801365,56847,Latoya Beasley,Christina75@gmail.com,9331437707
5230377,41563,Randy Grant,Jason13@gmail.com,9640306192
4870911,91229,Ryan Franklin,Andrea55@gmail.com,4519221656
5703875,88362,Tara Stevens,Shannon85@gmail.com,9281466299
4273878,54231,Kyle Thompson,Kimberly62@gmail.com,1473603183
5320375,88034,Dr. Gary Sanchez MD,Melissa92@gmail.com,1482740348
9395727,74434,Karen Patel,Justin64@gmail.com,5954606349
2159854,37626,Paul Garcia,Joseph42@gmail.com,3029210301
1376890,23624,Nichole Ramirez,Kimberly26@gmail.com,1512242002
7918065,73582,Randall Warren,Peter83@gmail.com,3146283760
4775438,89713,Anthony Swanson,Ashley61@gmail.com,7997640799
2188934,70205,Carl Martinez,Heather7@gmail.com,8842170116
5146426,57247,Kimberly Archer,Mark20@gmail.com,5670359454
3338915,43304,Kelly Mcdonald,Cynthia9@gmail.com,3050484410
2664844,70619,Wendy Romero,Melissa35@gmail.com,5706788208
3302745,34463,Scott Roberts,Savannah1@gmail.com,6694732083
6980453,26655,Laura Dixon,Nichole42@gmail.com,1300074604
3965918,23715,Dr. Russell Palmer PhD,Shawn59@gmail.com,2433176867
5373923,12895,Laurie Black,Linda90@gmail.com,4514568889
2146821,24031,John Sanchez,Sara78@gmail.com,6785365627
8117927,79654,Dean Armstrong,Tracy31@gmail.com,9752570859
6739747,42640,Kathy Schultz,Jessica83@gmail.com,5966751353
1047617,66058,Mrs. Maureen Lee,Frank63@gmail.com,4942007007
7314724,52097,Wesley Johnson,Kimberly23@gmail.com,5344497150
6092205,59194,Aaron Owens,Kaitlyn72@gmail.com,3194769829
5195613,52329,Daniel Mcintyre,Cathy40@gmail.com,6629573524
2351744,96545,Alexis Stokes,Ronald69@gmail.com,1291261396
7054504,41467,Philip Briggs,Paul88@gmail.com,5321486927
2026757,87193,Raymond Sweeney,John89@gmail.com,6392251579
1747855,23736,Miranda Carrillo,Albert21@gmail.com,3711866961
1808597,81594,Dr. Amy Wong,Russell85@gmail.com,6065531936
4106835,34361,Aaron Mcbride,Morgan1@gmail.com,6972389298
1645654,15058,Joshua Owens,Tyler90@gmail.com,3316269990
5938124,73988,Amy Smith,Dawn89@gmail.com,4895194533
2282850,22219,Richard Watkins,Jason90@gmail.com,6980494313
4312287,81996,Tracy Howard,Eric5@gmail.com,8444504734
4190192,39229,Johnny Gomez,Robin82@gmail.com,5642795522
8778158,40119,Stephanie Ruiz,Taylor34@gmail.com,6173488809
3060715,68550,Daniel Mccann,John21@gmail.com,5079307380
5508808,50673,Kyle Olson,Mitchell5@gmail.com,3317006114
2119103,49370,Joseph Simmons,Kirsten76@gmail.com,3715090370
2009062,96920,Manuel Hubbard,Jason62@gmail.com,9436964464
9636789,92350,Cassie Houston,Tommy61@gmail.com,2491864298
4414177,42633,Justin Knight,Brian94@gmail.com,2277979242
8203220,97721,Chloe Brady,Peggy77@gmail.com,4443458103
5762234,23021,Joshua Smith,Catherine60@gmail.com,3856297282
6015320,70748,Maureen Thomas,Anthony29@gmail.com,5289806275
6752110,87416,Joanna Vaughan,Pamela75@gmail.com,7041539825
2096112,19894,Jessica Miller,Michelle38@gmail.com,7746074576
8422096,65293,Mary Ortiz,Michael88@gmail.com,3546203726
6714197,32454,Kevin Ray,Mark31@gmail.com,4201230794
9630892,63311,Diana Jennings,Michele70@gmail.com,5236937673
9558107,50515,Joshua Lane,Nicholas80@gmail.com,8563148556
5127205,12500,Scott James,Daniel25@gmail.com,2438741394
6630245,63697,Christopher Villarreal,Dylan69@gmail.com,7214283681
2708125,26651,Jeffery Matthews,Robert23@gmail.com,4396520092
8817291,59095,Jessica Haynes,Colleen61@gmail.com,9674461028
1694446,30049,Maria Powell,Tammy84@gmail.com,2843948413
3197330,87492,Stephanie Perez,Joseph24@gmail.com,1522198966
7005943,72749,Michael Warren,Christopher69@gmail.com,6180760475
7343781,54313,Luis Mcmillan,Christopher78@gmail.com,2405924353
9371230,36227,Harry Hunt,Sarah89@gmail.com,8848390001
4765522,72448,Paula Atkinson,Jason93@gmail.com,8513815806
5799030,22876,Julie Williams,Nancy84@gmail.com,7247654984
7597488,91570,Steven Strickland,John49@gmail.com,3701315206
8802086,95342,Jay Curry,Carrie1@gmail.com,1235177376
3382808,11285,Matthew Anderson,William88@gmail.com,4693013056
5439956,88447,Ronald Johnson,Carl85@gmail.com,2830471913
6777236,41308,Antonio Mcgrath,James69@gmail.com,2304588035
9077110,15805,James Walker,Jason37@gmail.com,2563109743
9561708,43670,Derek Martin,Christine40@gmail.com,7194901149
6754231,11297,Matthew Taylor,Joel59@gmail.com,2067230831
2128503,65541,Elizabeth Hodge,Amanda7@gmail.com,9995521973
1781113,76797,Jeffrey Rivers,Russell61@gmail.com,7482183214
5486505,,Daniel Rogers,James9@gmail.com,5241286791
7267150,46996,Steven Johnson,Christopher79@gmail.com,9125500107
4419947,59022,Renee Parrish,Bruce21@gmail.com,3568463628
2252456,47866,Juan Phillips,Amanda86@gmail.com,8119750098
3617474,21042,Charles Peterson,Thomas81@gmail.com,1221597630
1511126,26841,Anthony Lopez,Elizabeth41@gmail.com,6070500478
4691992,22640,Michael Roberts,Rose19@gmail.com,9388409585
9279302,34401,Jamie Nelson,Sean48@gmail.com,3769041819
8229732,69963,Joseph Esparza,Michael52@gmail.com,4271729946
1471257,26480,Emily Dunn,Brian36@gmail.com,5994306066
9490354,50936,Anthony Barnett,Michael43@gmail.com,9703604435
3043178,66079,Louis Vazquez,Daniel63@gmail.com,5267175075
5891431,12406,Mrs. Victoria Harrison,Michael71@gmail.com,2929227754
3210405,62504,David Flores,Andrew85@gmail.com,7305227703
8987580,40228,Joseph Smith,Mariah54@gmail.com,8990872292
5185312,73455,Dawn Lang,Alexandra13@gmail.com,9098851322
9092129,36550,Amber Patterson,Timothy36@gmail.com,5472684196
4206983,95942,Brett Schwartz Jr.,Tara94@gmail.com,2892717946
6282708,23871,Timothy Tyler,Maxwell69@gmail.com,2179417827
9837061,96852,Jonathan Ball,Lauren7@gmail.com,9271695533
5678045,68207,Robert Weaver,Kathy99@gmail.com,1229692026
3846847,22048,Matthew Walsh,Tina64@gmail.com,3026838569
5551271,96838,Elizabeth Smith,Aaron26@gmail.com,3170042043
6954591,47518,Justin Jones MD,Anthony12@gmail.com,9257171673
5450758,29155,Sarah King,Julie85@gmail.com,5285223772
4727573,40739,Joseph Smith,Jennifer12@gmail.com,6740173693
1390195,31736,Martha Cox,Nancy54@gmail.com,4777475859
4538929,52457,Tammy Ford,John95@gmail.com,3204574856
3072962,61090,Kimberly Martin,Latasha81@gmail.com,5056076331
6091396,98790,Brenda Bush,Nicole56@gmail.com,4286305089
5036483,82006,Laura Lee,Ann23@gmail.com,1918232615
3321019,94535,Tracy Baker,Courtney92@gmail.com,3766981117
8721462,26989,,Jason75@gmail.com,7610317297
3341413,26719,Stephanie Clark,Susan22@gmail.com,7189969941
8525762,30899,Claudia Henry,David90@gmail.com,9554366091
2906682,35720,Laura Silva,Angela96@gmail.com,7410620633
2202878,54661,Cynthia Perkins,Eric41@gmail.com,7689137002
8197790,26684,Lance Jackson,Kevin91@gmail.com,7998895417
1101332,11406,Robert Lewis,Laura44@gmail.com,2862026719
9774562,19954,Tom Marshall,Emily32@gmail.com,4952777027
9250722,11388,Michael Fernandez,Jeffrey98@gmail.com,4256530645
3387876,49434,Karen Miles,Carl49@gmail.com,8696993173
5034395,60972,Meghan Gutierrez,Lisa69@gmail.com,5942596213
6760446,90860,Jonathan Moore,Michael9@gmail.com,5840236023
8478480,59553,Sandra Cardenas,Gary93@gmail.com,4065276235
6097047,97411,Bonnie Santana,Valerie87@gmail.com,8183319057
4355229,13606,Susan Owens,Cynthia2@gmail.com,3047299562
3811249,78920,Lindsey Ward,Stanley64@gmail.com,8309381889
7582352,91064,Barbara Oliver,Joshua18@gmail.com,6036748389
9824702,76511,Lori Perez,Patricia8@gmail.com,9649502832
7154566,23877,Jeffrey David,Joe88@gmail.com,2410223834
3633680,97069,Emily Brandt,Heather40@gmail.com,8801687459
9688714,18101,Michael Johnson,Jamie79@gmail.com,5094193307
4676082,73317,Brian Miller,Michelle49@gmail.com,2367080887
1515362,67297,Nicole Roberts,Anthony12@gmail.com,9433554097
7252409,48452,Ashley Olson,William16@gmail.com,8257794058
2139689,11504,Kathleen Morales,Gwendolyn47@gmail.com,6176106921
7194933,71282,William Stewart,Melanie85@gmail.com,3261612923
7463376,99444,Kathleen Woods,Amanda77@gmail.com,1557190965
9706159,77643,Terry Davenport,Jason59@gmail.com,5750834762
3374733,50850,Julie Stewart,Destiny28@gmail.com,4574961055
8831680,13888,Connie Williams,Gregory30@gmail.com,3455296873
6086266,43545,Heather King,Adrian46@gmail.com,3301101133
6134479,94992,James Neal,Derrick8@gmail.com,1137515059
9962592,97697,Walter Harper,Jesse21@gmail.com,4540918714
3454762,41868,Nathan Young,Christopher96@gmail.com,2385301371
1810270,55183,Christina Ellis,Megan60@gmail.com,5576708941
4406539,53951,James Scott,Megan82@gmail.com,5099071743
2947773,78588,Keith Walker,Jeremiah80@gmail.com,6710448299
9096719,21260,Charles Turner,Jared93@gmail.com,8344315559
3983706,13551,Kelly Campbell,Seth5@gmail.com,2670202900
9914819,90924,James Wells,Ashley36@gmail.com,6753884478
2379828,81708,Jesse Cox,Kevin60@gmail.com,5958349413
2602047,19445,Edgar York,Robert47@gmail.com,9656445609
6631822,42954,Mary Shelton,Hannah28@gmail.com,8072548561
9947184,56890,Willie Gardner,Alejandro71@gmail.com,6620618929
5975480,33854,Mckenzie Preston,Christopher91@gmail.com,1013215400
1273077,91837,Jasmine George,Thomas52@gmail.com,9977521631
1055824,90813,Dawn Petersen,Ashley48@gmail.com,1461287870
5713413,74302,Diane Lane,Christopher63@gmail.com,4462663426
2169344,65309,Marcus Walters,Gina17@gmail.com,1860642192
5352630,52159,Kyle Simpson,Laura6@gmail.com,6366865635
1715127,17261,Kristopher Davis,Ian77@gmail.com,8143881847
9282082,41837,Daniel White,Teresa68@gmail.com,5050167508
2693009,80974,Theresa Gates,Charlotte7@gmail.com,2924894934
9847531,26129,Michelle Brown,Garrett12@gmail.com,6968130401
8155928,45742,Lance Delacruz,Sarah80@gmail.com,4844108865
4436377,97312,Jerome Nelson,Robert96@gmail.com,3376636048
1251546,53478,Jeffrey Davis,Ashley96@gmail.com,2662201242
9616321,38061,Eric Stevens,James19@gmail.com,1092330772
5474686,29966,Carly Morrow,Joshua64@gmail.com,4456173209
2449299,47866,Haley Perkins,Nicholas29@gmail.com,9420570746
2803155,13713,Pamela Harris,Sherry72@gmail.com,3635155333
5785404,77887,Jacqueline Page,Bailey67@gmail.com,3335442169
1225146,46102,Michael Salazar,Whitney69@gmail.com,4329788063
9713971,53392,Kelly Flynn,Ashley11@gmail.com,4509337304
9089522,86981,Stephanie Ford,Cindy82@gmail.com,6248838873
4797383,40179,Maurice Garza,Katie63@gmail.com,8315904288
8260735,23333,Jeffrey Lynn,Carol25@gmail.com,3673099614
9824970,59768,Jessica Trevino,Micheal2@gmail.com,8998803938
5169283,34659,Jack Davis,Chelsea82@gmail.com,4359204736
1218464,26641,Mrs. Amanda Garner,Jacqueline24@gmail.com,6661160385
6766097,78135,Amber Miller,Jonathan25@gmail.com,8546230481
9638065,60545,Ryan Vincent,Jennifer61@gmail.com,9228664615
4809390,25032,Nicole Lee,Sophia58@gmail.com,2594321858
3907610,65364,Barry Taylor,Brandon22@gmail.com,2797564704
8930488,81955,Matthew Lee,Monica15@gmail.com,8499256412
4171453,86786,Patrick Moran,Jesse95@gmail.com,1914898326
7385919,47498,Kim Torres,Amy88@gmail.com,8075204862
6921163,29165,Thomas Simon,Ronald51@gmail.com,8141625979
1706057,10363,Christine Larson,Holly27@gmail.com,2410986213
5208816,98248,Thomas Grimes,Keith57@gmail.com,5539506251
3837640,92423,Lisa Willis,Charles24@gmail.com,6516512831
3010117,13288,Charles Cortez,Ashley34@gmail.com,3000188236
5238665,11755,Jorge Rodgers,Thomas36@gmail.com,9190923438
8565656,20061,James Collins,Mary97@gmail.com,5083902157
3403927,91065,Julie Harper,Tammie10@gmail.com,7260551829
9025105,87109,Heidi Ferguson,Lisa28@gmail.com,5540704247
7675983,97439,Nicholas Rivera,Devon80@gmail.com,9306374445
8289555,18520,Jose Brewer,Mary68@gmail.com,7317613543
3504323,30326,Christopher Bush,Jessica84@gmail.com,8534119656
5063278,60726,Jeffery Fletcher,Felicia71@gmail.com,8359369232
6079578,87147,Candice Robinson,Sara34@gmail.com,4847625014
4526003,82658,John Flores,Amber47@gmail.com,9720661947
6835615,63897,Alexis Flynn,Sarah43@gmail.com,2026620181
1377294,52041,Anthony Bautista,Nicholas8@gmail.com,5644452269
6295656,91778,Dominique Sanders,Brandon11@gmail.com,9593358612
9915195,23862,Sandra Cunningham DDS,Brittany92@gmail.com,8274195559
5892642,95939,Mrs. Jessica Moore,David46@gmail.com,8852844832
9668176,32006,Joseph Miller,Joshua92@gmail.com,2206468246
7753646,73979,James Le,Lisa54@gmail.com,8742150766
5659403,36772,Carla Moore,Douglas86@gmail.com,8784596220
9991797,24956,Donald Harris,Jason12@gmail.com,6389816063
3864607,37089,Vanessa Jones,Justin80@gmail.com,5575474914
5549114,98599,Hayden Davis,Nicole84@gmail.com,8431729014
3490649,38903,Jill Nguyen,Shawn33@gmail.com,2758297532
9494443,68052,James Bryant Jr.,Abigail43@gmail.com,5437358964
3633799,10681,Michaela Obrien,Jonathan64@gmail.com,5886255403
1135158,44721,Courtney Park,Henry20@gmail.com,9852882904
6092535,95787,Darin Delgado,Travis35@gmail.com,9134934293
7375075,47847,Robert Harris,Nicole44@gmail.com,3914396855
2392455,98525,Cody Mcneil,Wendy16@gmail.com,3529449170
8744067,70176,Ann Martin,Sherri13@gmail.com,3887630905
5039038,78628,Robert Hill,Mark21@gmail.com,6611848726
8819607,30581,Jacob Pierce,Tracy92@gmail.com,2974887819
3375684,28243,Jordan Mays,John28@gmail.com,1432786388
6214833,72675,Jeffery Pham,Lauren74@gmail.com,1274251124
2690865,37457,Maria Delacruz,Taylor39@gmail.com,3930667774
7731740,48223,Ann Perez,Gary55@gmail.com,8576127136
2449585,77392,David Harrington,Julie100@gmail.com,3937853058
9611851,46072,Diana Fisher,Amber65@gmail.com,9979490391
7546925,86888,Alexis Schultz,Donald72@gmail.com,7376993738
2022995,97931,Sean King,Barbara25@gmail.com,5790430068
3406900,46433,Jamie Myers,Kristina33@gmail.com,9703870830
2334209,52243,James Flores,Christopher68@gmail.com,3236921423
4145888,41638,Roberto Davis,John47@gmail.com,7493579829
3317645,99091,Edward Joseph,Zachary47@gmail.com,3091901082
6245827,26395,Robert Le,Jacob88@gmail.com,1396581923
1784703,42006,Andre Newman,David85@gmail.com,9030172929
9461539,18781,Jay Russell,Kevin88@gmail.com,7647339974
5076117,43849,Alexis Donaldson,Beverly72@gmail.com,9814888841
8854842,99989,Jennifer Thomas,Brian62@gmail.com,7575454188
9954117,71206,Julie Smith,Lori80@gmail.com,1657927022
6808494,79288,Heather Austin,Linda17@gmail.com,1279070686
8566991,58741,Anita Mccarty,Cory3@gmail.com,4898001802
7901252,65199,Jonathan Smith,Chelsea96@gmail.com,2564106274
9148597,52135,Melissa Foster,Alexandra48@gmail.com,2028894950
1682099,86832,Daniel Morris,Michelle77@gmail.com,8353795766
9317492,14728,Barbara Scott,Peter20@gmail.com,6549311926
8156839,47518,Nicole Rose,Loretta61@gmail.com,2100857710
6237710,73545,James Hoffman,Carla13@gmail.com,7918317416
9620341,35707,James Hill,Stephanie68@gmail.com,1696546398
1982339,21527,Susan Kelly,Nicholas79@gmail.com,8755153812
6062379,91144,Thomas Lopez,Alison91@gmail.com,9678042305
4359174,20372,Pamela Perez,Ryan17@gmail.com,3005628743
4338939,47515,Kevin Whitehead,Mackenzie90@gmail.com,1822734585
9882614,73810,Adrian Mata,Steven93@gmail.com,2174388547
9317588,40763,Dr. Kerry Gentry DVM,Jessica82@gmail.com,1936696050
4203794,23782,Richard Moore,Susan33@gmail.com,7910066719
3523104,21075,Michelle Castro,Beth8@gmail.com,9698784083
6363003,80329,April Day,Emily35@gmail.com,4881961338
2122340,84491,Dustin Smith,John73@gmail.com,9419005495
5695562,27910,Christina Delgado,Nathan47@gmail.com,8721536915
3405961,12814,Daniel Velez,Aaron8@gmail.com,2977691382
7550399,42509,Patrick Rodgers,Laura76@gmail.com,2593956222
8121512,29677,Heather Brown,Nicholas44@gmail.com,4725107091
5563677,21767,Devin Cabrera,Edward15@gmail.com,5725456802
4635660,58495,Denise Ware,Benjamin78@gmail.com,3959088398
5838137,25514,Rebecca Hayes,Heather95@gmail.com,7474628218
6264068,22838,Tracey Miller,Michael17@gmail.com,4569210114
7107330,59990,Jordan Davis,Amy52@gmail.com,4728678342
3551998,78505,Laura Fleming,Henry79@gmail.com,7676794871
6684584,11361,Amber Harris,Jenna80@gmail.com,8511394196
8505727,35229,Melissa Yu,Suzanne75@gmail.com,1145807066
6403389,33428,Emily Davis,Alex84@gmail.com,5000008711
7347691,43638,Stefanie Fields,Kristen84@gmail.com,3442709037
3805476,84333,Michael Lewis,Donald63@gmail.com,1628133408
1433471,87197,Laura Banks,Sean89@gmail.com,4568327912
4674666,90970,George Butler,Kenneth72@gmail.com,8444602976
8231080,59777,Jose Roberts,Justin38@gmail.com,3022142044
6966054,54914,Cynthia Kim,Jonathan12@gmail.com,4767446252
7363891,15721,James Austin,Danielle18@gmail.com,1729103500
3119013,60790,Miss Sara Johnson,Larry41@gmail.com,5606039981
8920523,60701,Sara Alexander,Michael89@gmail.com,4045625052
2107077,16141,Shannon Moore,Tracy58@gmail.com,4561436967
7163288,20603,Jennifer Harrison,James63@gmail.com,4500695728
3386293,87228,Holly Rogers,Jacob51@gmail.com,1763256549
5955683,48572,Darrell Lester,Erica91@gmail.com,4134006451
2617435,91453,Martin Beck,Elizabeth87@gmail.com,4873524061
7889723,38261,Stefanie Lane,Sharon22@gmail.com,6167853447
4214663,50385,Richard Flores,Danielle81@gmail.com,2090044978
9013961,45050,Tyler Diaz,Dawn88@gmail.com,5089465903
2351683,86890,Corey Ball,Misty100@gmail.com,2626927715
8526650,26951,Steven Thompson,Amy66@gmail.com,3625253345
1555992,56343,Brett Harmon,April36@gmail.com,8342307649
3142594,88959,Ellen Salazar,Amy69@gmail.com,9815508806
3041610,50616,Angela Guzman,Michele86@gmail.com,6271689719
8606398,99136,Lynn Mcneil,Julie78@gmail.com,9269097879
7220405,16436,Kimberly Foster,Sierra39@gmail.com,4596513591
9203814,81590,Lisa Scott,Teresa82@gmail.com,9816008041
2004106,14346,Mark Johnson,Juan16@gmail.com,1927273368
9686043,16259,Alexander Mejia,Jennifer90@gmail.com,3363551702
5431122,28990,Caitlin Zuniga,Courtney48@gmail.com,4041643308
4944890,47742,Heather Murphy,Katherine50@gmail.com,1119052723
2111048,95183,Sarah Gonzalez,Joseph87@gmail.com,1289486740
1312043,60190,Mark Wong,Chris100@gmail.com,7853754981
9161603,85297,Jacob Crane,Jenna13@gmail.com,7860176126
5752678,82690,Christopher Rivera,Rick40@gmail.com,4682660999
5073327,57795,Matthew Copeland,Dominique82@gmail.com,6645666753
7643720,48366,Matthew Williams,Meghan40@gmail.com,7252705398
4411222,89275,Jamie Thomas,Sabrina92@gmail.com,7652693257
9113958,40712,Joseph Smith,Alexis36@gmail.com,6054310250
3217988,30814,Laura Conway,Justin77@gmail.com,4788601033
7542475,88215,Amy Boyd MD,Danielle92@gmail.com,3460164754
7045122,48645,Patricia Graves MD,Dorothy71@gmail.com,1488905608
4531598,36643,Kevin Hunt,Alyssa31@gmail.com,1377951778
5261745,92667,Cassandra White,Kathryn3@gmail.com,2526219309
9534105,31772,Tracy Turner MD,Amanda24@gmail.com,3691722898
6938248,77766,Alejandro Beard,Margaret73@gmail.com,7288771147
8537431,88102,Edward Scott,Robert35@gmail.com,3320335980
7469773,89312,Thomas Smith,Daniel59@gmail.com,9821376738
9201732,75060,Jason Morales,Hayley95@gmail.com,9240192804
2343712,24252,Candice Johnson,Lisa20@gmail.com,4397477229
7036833,33800,Mrs. Sandra Jordan MD,Emily24@gmail.com,3716597000
8147083,92891,William Gonzales,Christine13@gmail.com,7811002219
5917341,32356,Brian Peterson,Eric62@gmail.com,4647922419
4102692,35427,Christopher Gutierrez,Amber21@gmail.com,4606964146
1749187,12326,Matthew Phillips,Judith15@gmail.com,6150154746
3853510,99238,James Potter,Jon68@gmail.com,6975534614
7533643,28232,Kelly Mcgee,Samantha37@gmail.com,4842206768
3012680,41569,Abigail Hunter,Kevin45@gmail.com,3461352516
7470373,26626,Joel Bailey,Drew24@gmail.com,2543969834
6136041,15967,Danielle Hutchinson,Marissa11@gmail.com,6373411414
6583871,73419,James Jensen,Matthew43@gmail.com,9287886237
2670951,15882,Lauren Mendez,Andrea36@gmail.com,5232557141
6876113,53226,Lauren Robinson,Amber83@gmail.com,9052787932
6956170,70410,Timothy Buckley,Krista5@gmail.com,6287562144
6705815,23476,April Wright,Duane25@gmail.com,6748756703
8248785,49376,Emily Joyce,Jeffrey60@gmail.com,8455745445
5292073,55147,Mr. Daniel Adams,Jenny60@gmail.com,6971865472
8359446,32054,Travis Zuniga,Meghan80@gmail.com,4391920701
1890983,51106,Alice Gonzalez,Tracy54@gmail.com,2115006646
3909377,12962,Alex Sanchez,Matthew58@gmail.com,1871513924
4774490,46279,Amanda Todd,Brooke81@gmail.com,9896487489
4428772,87973,Anthony Montes,Courtney27@gmail.com,7220021252
3530238,58605,Susan Miranda,Karen79@gmail.com,4127713212
5440966,27231,Jose Woodard,Leah30@gmail.com,9074147352
8325745,87456,Matthew Morton,Tara68@gmail.com,2098096459
2356813,96298,Christopher Stephenson,Matthew92@gmail.com,2623240839
6329085,30618,Patrick Shaw,Calvin27@gmail.com,7078563647
2621496,50660,Christina Baxter,Chad99@gmail.com,7593975926
2150035,95315,Diana Gilbert,James55@gmail.com,3843484189
5754252,82211,Sean Singleton,Jonathan95@gmail.com,4465651831
8584631,99710,Michael Ortiz,Michael32@gmail.com,1916915446
6999055,10462,Trevor Watson,David73@gmail.com,8147943685
2815826,67367,David Elliott,Terri41@gmail.com,9385452391
5112368,94259,Sierra Palmer,Donald37@gmail.com,3272341859
1282868,48593,Sharon Jackson,Kelly77@gmail.com,9114301605
4730131,21580,Michael Miranda,Brooke58@gmail.com,7031686815
3823730,61452,Stacy Mcgrath,Randy14@gmail.com,5606764818
3809443,93786,Alexandria Young,Kenneth11@gmail.com,4673685397
4117169,33845,Jessica Williams,Caitlin85@gmail.com,6265809527
4026877,61466,Daniel Wang,Bryan75@gmail.com,8534327746
9014209,53656,Patrick Turner,Colton72@gmail.com,5934905813
6767482,33972,Scott Tyler,Derek95@gmail.com,4684701246
2564799,88989,Richard Clayton,Allen54@gmail.com,4957955086
9365298,14118,Javier Hall,Jennifer38@gmail.com,7975061380
5235575,21802,Erin Armstrong,Maureen50@gmail.com,4501107799
6556784,55007,Miranda Cardenas,Eric62@gmail.com,6795375712
7822458,49573,Brian Mendez,Melvin98@gmail.com,1232673488
3608873,70087,Adrian Powell,Bryan30@gmail.com,8378446691
4919431,15376,Taylor Jones,Todd54@gmail.com,6667832557
8258819,21679,Steven Mathis,Chelsea92@gmail.com,4019642494
1821840,94417,Jordan Gallagher,Todd4@gmail.com,9254625465
4620105,35692,Jeffery Mcconnell,Dylan84@gmail.com,1738499810
5282821,78928,Gregory Long,Leslie79@gmail.com,3311224121
9717734,47578,John Becker,Raymond75@gmail.com,4621418301
6977214,65493,Christina Johnson,Steven39@gmail.com,8025196211
4949564,13030,Justin Edwards,Nicole25@gmail.com,1397274056
1117664,96474,David Suarez,Ashley42@gmail.com,1105273721
3092361,14060,Suzanne Robertson,Nancy53@gmail.com,1090727594
4308844,78672,Erica Martin,Lisa75@gmail.com,2758723873
8968067,45543,Joseph Mccall,Alexandria20@gmail.com,8773787132
7949589,23323,Valerie Sullivan,Angela83@gmail.com,5039505963
7322555,21609,Jaime Martin,George52@gmail.com,9229531287
5057155,57945,Jody Brown,Ricardo53@gmail.com,7409013295
2545230,92047,Julie Ramsey,Jessica12@gmail.com,7188107146
5146015,57879,Carmen Trujillo,Deanna99@gmail.com,3866021631
9092032,15865,Erica Smith,Pamela27@gmail.com,2860040613
4244984,94116,Jesse Oconnor,Teresa94@gmail.com,2057953070
1021420,25337,Kimberly Lee,Jeremy11@gmail.com,6893836267
9460475,56669,Kathleen Lamb,Rachel39@gmail.com,7755281376
1216676,52904,Betty Guzman,Darren76@gmail.com,7530889036
3500400,18547,Evan Morgan,Janet9@gmail.com,8610402384
4465534,71430,Austin Mitchell,Brittany37@gmail.com,8972788120
1225413,37220,Alicia Bailey,Melissa53@gmail.com,7526194325
3334593,82922,Christopher Dixon,Kenneth41@gmail.com,3005473971
9464801,21297,Tanya Zamora,Eric63@gmail.com,4171507560
3471546,59275,Tara Khan,Sara5@gmail.com,4472451193
2727973,62874,Kristy Miller,Daniel56@gmail.com,4688855961
8775302,57717,Bryce Mcneil,Rebecca22@gmail.com,5529395298
3763504,20033,Andrew Rowe,Joe12@gmail.com,7837109421
9395008,81089,Stephen Ayers,Justin77@gmail.com,7308808003
7185465,45846,Tyler Ferrell,Tracey98@gmail.com,9665400918
5153591,89204,Brittany Murray,Brandon9@gmail.com,3614471543
7925784,58480,Ryan Garcia,Jody47@gmail.com,7053141182
2456961,42948,Rebecca Fuentes,Nicole97@gmail.com,9819922701
4861347,10393,Gerald Stevens,Katherine29@gmail.com,7757595581
3187541,15774,Seth Banks,Robert50@gmail.com,6191908315
7022158,59746,Erin Lopez,Robert50@gmail.com,4079789056
9703024,89582,Cory Peters,Jennifer31@gmail.com,2314845995
5665133,88998,Lauren Weiss,Monica56@gmail.com,8295747999
5183259,59276,Michael Brown,Melissa17@gmail.com,2287791040
9763912,81015,Heather Osborne,Nicole84@gmail.com,7974103515
8829859,31482,Courtney Carroll,Darryl12@gmail.com,8533313893
4915567,18541,Rachel Gutierrez,Amber19@gmail.com,3530333313
1282266,40936,Amanda Rodriguez,Lisa47@gmail.com,1006547667
9109414,93212,Nathan Perez,Jason56@gmail.com,6858227365
5463195,72987,Kevin Moses,Alex13@gmail.com,6449824403
8163488,71659,Patrick Dudley,Sarah29@gmail.com,6769992361
2706683,58728,Terri Hicks,Tracy48@gmail.com,7851702753
2915454,72571,Lauren Bridges,Johnathan41@gmail.com,3964372629
4125316,55170,Madeline Lee,Daniel19@gmail.com,8268574571
1551929,16782,Melinda Rodriguez,Brittany41@gmail.com,4470576743
3136674,69294,Jason Jimenez,Nicholas54@gmail.com,1677384021
3729784,75281,Joel Gilmore,Rachel5@gmail.com,9516952549
8482484,72431,Dana Tran,Carlos49@gmail.com,3676304952
3440133,44822,Chad Hughes,Christopher54@gmail.com,5212457517
1081458,43092,Tara Russo,Johnny52@gmail.com,3795809009
4208761,56129,Bruce Morrison,Laura64@gmail.com,6864464135
9878691,34297,Doris Smith,Michael59@gmail.com,9245254850
3325998,79425,James Leach,Lindsay51@gmail.com,9231976050
1852143,33573,Karen Green,Billy90@gmail.com,8286063751
3894729,72036,Brandy Malone MD,Nancy69@gmail.com,4886790395
4305044,34005,Autumn Ho,Lisa44@gmail.com,6948548902
3240094,46066,George Phelps,Matthew78@gmail.com,3987681605
2415118,73148,Mark Cooper,Denise50@gmail.com,6989868322
3526243,30927,Brandon Johnson,Kyle52@gmail.com,9796948080
6275637,67378,Dylan Johnson,Patricia75@gmail.com,2700468364
4068984,31645,Sarah Adams,David24@gmail.com,2165192472
1639687,16953,Matthew Ward,Sue97@gmail.com,5297435961
8630316,76975,Christine Ford,Michael85@gmail.com,7961688386
6364425,86022,Teresa Lyons,James11@gmail.com,4410040728
4156476,93156,Cathy Alexander,Andrew73@gmail.com,7231378900
9875738,50259,Dr. Stephen Cummings,Daniel89@gmail.com,2974895114
1070366,51054,Alexa Kline,Christopher25@gmail.com,8704169760
3487788,75252,Kyle Ray,Joe39@gmail.com,4846910098
6854610,76825,Rachel Kirk,Grace94@gmail.com,6115472778
4608322,90790,John Short,Dawn87@gmail.com,5274526879
5822247,30069,Michael Tran,Kyle90@gmail.com,7869500052
7398949,89105,Kenneth Lee,Ryan80@gmail.com,4321794312
6415518,91286,Jared Dunn,Rodney64@gmail.com,8647926377
5152486,91252,Theresa Lopez,Melinda2@gmail.com,3008937252
4838763,33640,Christopher Cook,Colleen7@gmail.com,6081412479
8156154,34333,Angela Mejia,Michael67@gmail.com,1886581549
2309215,37998,Kathleen Oconnor,Elizabeth80@gmail.com,2532033654
6505090,26583,Cindy Nash,Diana39@gmail.com,3978590914
1365544,46334,Paul Villarreal,David92@gmail.com,4062325804
4202603,59346,Maxwell Lane,Ashley61@gmail.com,4431638944
1127520,74289,Heather Pierce,Angela20@gmail.com,5754243367
7846020,66333,Frank Warren,Katie29@gmail.com,6772096434
6511491,87942,Christina Robinson,Michele5@gmail.com,3917558126
4403970,62816,Mr. Joshua Lewis Jr.,Charles73@gmail.com,1991671768
9743316,23882,Rodney Austin,Amy66@gmail.com,1138744247
3728545,39236,Linda Guzman,Cory25@gmail.com,4803699802
9712233,69909,Danielle Howard,John100@gmail.com,5103752176
7711814,12154,Crystal Miller,Jessica40@gmail.com,5567308082
4480463,68711,Mary Clay,Aaron35@gmail.com,8503643956
8855230,91836,Richard Jones,Matthew61@gmail.com,7405822958
3376048,19044,Darren Fernandez,Victoria32@gmail.com,7587184595
7917805,30765,Erik Miller,Erin78@gmail.com,2269174709
4994719,69189,Anne Williams,Susan52@gmail.com,8682741365
4589972,16218,Richard Foster,Robert39@gmail.com,5051484458
8948670,43586,Michael Thomas,Tammy63@gmail.com,1925474725
2150445,11192,Allison Austin,Stacey83@gmail.com,5447978926
5752386,83472,Brianna Brown,Caitlin15@gmail.com,4258156865
8547067,29111,Chris Smith,Shawn4@gmail.com,1696849882
4008679,53076,Tamara Pena,Molly42@gmail.com,9676362272
4161566,36073,Kim Brady,Janet94@gmail.com,2020699922
2945112,68968,Anthony Rodgers,Kelly94@gmail.com,6369844637
5645230,86975,Luis Norris,Kenneth71@gmail.com,9836637906
1237679,96943,Brent Stanley,Anthony11@gmail.com,9260069512
4440602,32246,Michael Moore,Jody39@gmail.com,5774589615
8264810,33096,Mrs. Catherine Jones,Nicholas7@gmail.com,2567139860
6552835,66993,Jason Nelson,Shawn8@gmail.com,4322798568
7467134,87911,Helen Torres MD,Sharon12@gmail.com,3960631080
5194323,32585,Ian Davis,Tina54@gmail.com,1644547633
1896884,37160,Kathryn Mason,Samantha37@gmail.com,8713257941
8262453,39253,Kathleen Clayton,Marc20@gmail.com,8081899426
8543271,20222,Scott Dougherty,Jacqueline33@gmail.com,7819708044
9001753,20187,Tara Nelson,Heather17@gmail.com,4748211631
8584317,58033,Kevin Vaughn,Veronica88@gmail.com,7627529003
6851919,98845,Eric Koch,Christine47@gmail.com,1419562814
3218835,88840,Dylan Green,Kimberly62@gmail.com,7005073243
5827718,83572,Jeffrey Villarreal,Danny95@gmail.com,4813556037
2290593,23771,Ryan Davis,Brian32@gmail.com,8956157963
7040635,58460,Kristen Oliver,Madeline92@gmail.com,6180173909
5053818,44996,Aaron Williams,Crystal31@gmail.com,6885339530
1810071,65473,Sierra Harris MD,Sharon7@gmail.com,6971591550
9815215,65330,Jason Fisher,Andrew50@gmail.com,6584485061
7023672,83636,Rebekah Ryan,Cathy39@gmail.com,1298604229
1271591,80509,Sharon Escobar,Jared75@gmail.com,1748376479
1251426,27655,Isabel Clark,David33@gmail.com,4363880264
5224470,68945,April Dudley,Benjamin69@gmail.com,5782683041
7695247,69167,Patrick Salazar,Nathaniel9@gmail.com,7030729551
1259375,36019,Diana Gutierrez,Jesse8@gmail.com,2445721323
8549652,30750,Mary Lin,Michael51@gmail.com,5468485799
9920887,92017,Lauren Cowan,Teresa83@gmail.com,8306060641
3141191,63791,Shawn Riley,Richard91@gmail.com,6256674645
5926392,65326,Lisa Garner,Charles83@gmail.com,4105959239
8070605,32719,Elizabeth Jones,Heather79@gmail.com,7256548076
3269500,52372,Destiny Sanchez,Julie9@gmail.com,1305941866
1651912,89009,Ryan Garcia,Susan97@gmail.com,7154733835
7608479,22027,Laura Wright,David53@gmail.com,1691022155
4864027,42076,Misty Brown,Miguel18@gmail.com,6858836727
6572575,47355,Sue Dalton,Sarah41@gmail.com,8656688567
1144422,58104,Krista Sullivan MD,Kimberly21@gmail.com,3217474427
3282361,35286,Mark Peterson,Dana78@gmail.com,8682415300
9862993,27518,Sabrina Burton,David98@gmail.com,4485813636
9577951,48328,Lisa Walker,Katherine41@gmail.com,2130471092
8532628,35330,Elizabeth Brown,Alexis53@gmail.com,4554744805
1780299,41180,Jocelyn Harrington,Kayla1@gmail.com,2766078156
3794889,44299,Marcus Oconnell,Frances28@gmail.com,6083674797
6972001,37846,Jeffrey Andrews,Crystal55@gmail.com,8207590722
4706977,72434,Carolyn Sanders,Anne64@gmail.com,1183621102
5834751,62786,Christopher Miller,Amanda22@gmail.com,3105982082
7702036,36787,Timothy Schultz,Tina9@gmail.com,2455154283
2913355,68549,Ms. Rhonda Cooke,Hannah39@gmail.com,8991177492
1563000,82764,Mark Rogers,Daniel36@gmail.com,6703746555
6037517,44707,Teresa Patterson,Stephen2@gmail.com,1184932807
1129797,38720,Kathy Oliver,Lacey90@gmail.com,2292955542
6384767,84692,Brenda Thomas,Patrick53@gmail.com,7739218924
4003403,17936,Charles Rocha,Jeffrey23@gmail.com,4578526337
2329402,70923,Cheryl Buchanan,Courtney15@gmail.com,4748158706
2028791,48051,Walter Stone,Christopher44@gmail.com,9631200325
8669154,12249,Dr. Stephen Ballard,Lacey17@gmail.com,5164231811
5767650,73042,Alexander Higgins,Oscar9@gmail.com,9246322330
4198581,86613,Heather Skinner,Brian13@gmail.com,4913737501
3403395,29660,Tabitha Brown MD,Michelle41@gmail.com,4359114536
4794232,59285,Jo Parker,Heather32@gmail.com,5264011903
4196944,52520,Blake Boone,Peter5@gmail.com,7556922454
2793783,38821,Stephanie Price,Alyssa76@gmail.com,1547374188
1455541,67936,Kiara Davis,Jamie83@gmail.com,2192258605
7453119,26442,Annette Manning,Benjamin12@gmail.com,7007536117
8658692,15590,Jennifer Lara,Crystal48@gmail.com,8552180708
9240974,90718,Terry Daniel,Guy99@gmail.com,8516422517
3423425,74963,Rose Hartman,Shaun29@gmail.com,4421825934
4531591,36983,Anthony Moran,Robert51@gmail.com,4396462658
2349702,68188,Alvin Lozano,Robert59@gmail.com,2972902618
9977113,26825,Steven Miller,Daniel75@gmail.com,7595189938
5826651,81970,Kristy Koch,Sean81@gmail.com,8837931187
5194787,79650,Joel Spencer,Austin31@gmail.com,6236196762
7248023,90653,Joseph Moore,Zachary74@gmail.com,8547327621
7397542,86821,Sarah Le,Eric87@gmail.com,4380604478
9554860,57098,Andrew Baldwin,Casey49@gmail.com,7245935389
6272540,60326,Marisa Lloyd,Stephanie94@gmail.com,2256917372
,40747,Robert Rivera,Christopher41@gmail.com,3303060194
9512139,91190,Mr. Timothy Daniels,Sharon98@gmail.com,4662007485
4439768,27323,Larry Butler,Lauren91@gmail.com,7154747687
4384344,39745,Kelly Serrano,Kelsey16@gmail.com,5556212412
8547784,10061,,Courtney92@gmail.com,6243265723
9565663,41694,Angela Anderson,Gary39@gmail.com,9153341165
2152770,20684,Bridget Johnson,Howard86@gmail.com,4335872803
7388708,65830,Cody Navarro,Elizabeth3@gmail.com,4830977583
4487041,43750,Andrew Patel,Yolanda28@gmail.com,2862950301
9138754,83099,Brian Chandler,Nicole83@gmail.com,9970039208
7838167,50027,Cody Mckinney,Jim33@gmail.com,3944016049
8805285,98928,Deborah Thompson,Alec48@gmail.com,3545391371
3583659,56925,Melissa Hodges,Brandon97@gmail.com,3749272045
7495717,55573,Nicole Edwards,Natasha84@gmail.com,3504511956
4572421,52709,Christopher Anthony DVM,Jeffrey61@gmail.com,2524633198
3691728,34852,Joanna Clements,Andrew24@gmail.com,9821902723
5126938,21996,Vanessa Lopez,Allen2@gmail.com,7866240246
8230821,48963,Brianna Park,Jason95@gmail.com,1048087436
2102669,33301,Kelsey Parker,Christopher7@gmail.com,4237332936
3009650,21810,Sara Dickerson DDS,Susan48@gmail.com,4367868198
3422650,50990,Christopher Morrison,Jeffrey82@gmail.com,2790681454
1989516,39023,Margaret Wallace,Emily2@gmail.com,8574697061
3611108,55028,Adam Curtis,Matthew89@gmail.com,2906026126
1874261,37701,Felicia Kelley,Allen63@gmail.com,1767058127
6733656,83652,Patricia Fields,Stacy83@gmail.com,2690302772
3613404,74640,Patrick Sawyer,Tracy37@gmail.com,3868914661
5606740,76194,William Bridges,Maria15@gmail.com,2373119171
8127471,28566,Carol Harrison,Craig89@gmail.com,1082093910
6963037,41731,Diana Evans,Aaron17@gmail.com,9159664168
1989253,42338,Karen Hoffman,Catherine55@gmail.com,2422319434
7995045,40170,Ryan Graham,Charles69@gmail.com,7199876419
3345412,40303,William Holloway,Sarah93@gmail.com,8053505393
7664247,23674,Kari Moore,Shawn20@gmail.com,8386186586
5128006,26715,Manuel Rogers,Hunter36@gmail.com,5135500651
4492144,71858,Brian Bailey,Sheila44@gmail.com,8832628343
2002536,17901,Nathan Parker,Lynn77@gmail.com,9234673518
2975736,29610,Kenneth Cruz,Jonathan46@gmail.com,3886135847
6136669,64651,Angelica Compton,David17@gmail.com,3492919952
8174835,99824,Mallory Campbell,Bobby53@gmail.com,7530256434
6244497,16765,Judith Davis,Sarah12@gmail.com,8742993450
1304076,97637,Ashley Jones,Brandy79@gmail.com,3629215166
7458412,91448,Diana Harper,Stephen88@gmail.com,2569968437
6538269,90983,Angela Pitts,Bryan30@gmail.com,3648645848
8463040,99163,Alexander Harris,Melinda72@gmail.com,8991018133
4159960,84719,Drew Vaughn,Ronald74@gmail.com,6775378545
3082176,57310,Erik Nichols,Jonathan25@gmail.com,2088517326
6283651,80066,Alejandra Klein,Susan18@gmail.com,7891638183
9414403,86554,James Chen,Tonya26@gmail.com,6253630690
4360234,69885,Jason Gonzalez,Heather38@gmail.com,5439599383
5608683,42697,Jennifer Clark,John13@gmail.com,8204710843
2620219,68547,Denise Waters,Kristina46@gmail.com,7645743486
1237402,12127,Richard Marquez,Heather86@gmail.com,3647750814
2179523,77030,Diane Richardson,Jody15@gmail.com,1860377865
4957519,39913,Cheryl Rhodes,Angel82@gmail.com,9294846108
9013599,41577,Barbara Wyatt,Alexander90@gmail.com,1029077081
9783447,63781,Cynthia Solis,Ashley32@gmail.com,5532527997
3871640,93708,Colleen Harrison,Monica3@gmail.com,1445577416
9533505,81971,Mrs. Dana Brooks,Michael25@gmail.com,6187549490
6284341,29157,Tony Walker,Jesse49@gmail.com,3841026931
4955175,37754,Michael Brown,Anthony58@gmail.com,6815326918
2282009,96323,Michael Dickerson,John77@gmail.com,3312170829
8793006,87908,Taylor Shelton,David77@gmail.com,7784528520
6582849,27676,Mark Krueger,Kayla51@gmail.com,2923787964
3732129,64724,Melissa Ellis,Jessica38@gmail.com,8315069075
9520903,45364,Wesley Martinez,Andrew6@gmail.com,2337226047
5399267,44639,Alfred Rice,Brett20@gmail.com,6681325900
2871955,38883,Bianca Dunn,Thomas2@gmail.com,3819462599
3182990,96259,Derek Oneal,Rita17@gmail.com,8127615486
8700865,92826,Rachel Gonzalez,Joshua17@gmail.com,8135978013
8796317,76362,Joseph Walker,Deanna91@gmail.com,4127945225
6304798,14551,Adrian Moore,Tara42@gmail.com,1603824288
3540665,27335,Steven Howell,Scott84@gmail.com,5698203123
3742709,98288,Scott Fisher,Emily89@gmail.com,1314430316
1933150,27382,Alex Torres,David42@gmail.com,5516504474
3838103,38417,Sheila Atkinson,Oscar6@gmail.com,4948822986
8679741,52819,Kim Phillips,Patricia13@gmail.com,8055330590
6550771,24638,Teresa Olsen,Cathy49@gmail.com,1846135541
8068857,70021,Laura Patterson,Tiffany63@gmail.com,3195857466
9640601,20123,Susan Green,Deborah33@gmail.com,8767915594
7051442,72322,Erin Payne,Jose58@gmail.com,8948282394
6609677,47964,Terry Potter,Andrew78@gmail.com,7030675505
5023421,67798,Lisa Fisher,Christina98@gmail.com,1825090445
6371461,45043,Robert Hanson,Sean4@gmail.com,2826230379
8877899,73089,Sean Fernandez,Tina41@gmail.com,7278669997
9556303,77968,Anne Lawson,Stephanie21@gmail.com,1913364736
8539190,15167,Timothy Dalton,Joshua66@gmail.com,2168262936
1375935,18899,Dr. Victoria Ho,Amanda1@gmail.com,1756821064
5669321,61942,Dean Vaughan,Gary41@gmail.com,6221206334
2100219,75066,Alexandra Wilson,Sharon15@gmail.com,8022154998
9688409,52053,Manuel Mendez,Charles2@gmail.com,2576806599
1785464,92198,Craig Scott,Joseph75@gmail.com,7203955923
1087603,59377,Jerry Lewis,Mary7@gmail.com,2890705940
5774234,87255,John Smith,Lauren18@gmail.com,2943667306
5349192,92005,Matthew Porter,Jacob28@gmail.com,3020617587
8725936,91489,Beverly Reyes,Sarah59@gmail.com,9213255537
1366524,50094,Colleen Watts,Katherine47@gmail.com,3628327779
3786623,56996,Ashley Gross,James95@gmail.com,2385911504
3958994,17262,Megan Ferrell,Johnny85@gmail.com,8881993209
3010060,16412,Sarah Thompson,Melissa85@gmail.com,8095793633
5026174,84253,Marie Silva,Keith82@gmail.com,4630480137
7829238,86419,Angel Martinez,Paul43@gmail.com,6547599402
9451454,57179,Dr. Thomas Lewis,Aaron40@gmail.com,4835698197
4253209,83503,Elizabeth Mccormick,Ian67@gmail.com,9061674575
5648524,73564,Morgan Hernandez,Melissa8@gmail.com,3402416226
5345585,82402,Anthony Jones,Bryce88@gmail.com,4025845955
2696381,64996,Ariana Steele,Stephanie58@gmail.com,3172843220
8661920,26917,Angela Yates,Timothy93@gmail.com,3951929128
1620054,38368,Louis Larsen,Erin33@gmail.com,3150543903
2960988,78556,Jonathan Schmidt,John70@gmail.com,6154823462
6565862,66715,Rachael Oneal,Richard54@gmail.com,1868061498
9477974,13196,Rebecca Ramos,Dale29@gmail.com,7351040152
6075850,91813,Michelle Thomas,Julie47@gmail.com,7844701620
6052817,92579,Joshua Avila,Juan52@gmail.com,9133467247
4023182,10572,Keith Diaz,David88@gmail.com,8062614282
6486748,51172,Kimberly Lewis,Susan14@gmail.com,7083355792
3307602,78859,Jordan Small,Samuel96@gmail.com,9709837151
8233987,95981,Ashley Hill,Reginald72@gmail.com,2184834516
9085907,18640,Samantha David,Mia49@gmail.com,4985278593
6491918,92366,Emily Clark,William50@gmail.com,7117231416
1516591,30591,Taylor Marsh,Jessica48@gmail.com,6672325433
7600406,20255,Emily Cole,Travis89@gmail.com,5822772897
2518212,90357,Cameron Oneal,Kimberly64@gmail.com,7702944855
5542958,39977,Benjamin Wallace,Richard46@gmail.com,2698425466
1651897,69604,John Hughes,Alexandra51@gmail.com,9292495035
2676702,80343,Victor Shaw,Courtney56@gmail.com,9700213570
6784132,31677,Christian Skinner,Antonio26@gmail.com,8215715025
9100473,29409,Mercedes Thompson,Jared43@gmail.com,4705144006
7909115,76522,Kevin Ellis,Danielle32@gmail.com,5882951554
3174049,48962,Mrs. Nancy Mckenzie DVM,Pamela60@gmail.com,3722124755
5889086,40199,Debbie Crosby,Donald85@gmail.com,8180359676
5443403,27098,Kelly Mckinney,Stephen35@gmail.com,8863213743
2310250,13407,Amy Jones,Jaclyn43@gmail.com,2297540789
6185218,93756,Marcus Hayes,Linda2@gmail.com,4466994173
4152724,33184,Julia Smith,Carolyn56@gmail.com,7665477512
9821819,92485,Sally Schultz,Russell32@gmail.com,6991164765
3378045,82295,Debbie Clayton,Patricia12@gmail.com,8093287468
3438451,68079,Troy Phelps,Marc49@gmail.com,4024035810
2250384,41223,Rodney Smith,Theresa57@gmail.com,4443921562
2697129,27518,Jamie Smith,Veronica32@gmail.com,8368549112
8076861,90560,Kristin Nunez,Jeffrey33@gmail.com,9956436165
9035689,33426,Daniel Mason,Christopher90@gmail.com,1935485595
2980980,22371,Christine Diaz,Joseph44@gmail.com,6433316161
3035450,84486,Rachel Dickson,Darren61@gmail.com,
6868421,93322,Justin Lopez,Cody48@gmail.com,5869773166
2948750,15997,Jesse Collins,Gina5@gmail.com,6793506133
4953308,78902,Mary Garner,John89@gmail.com,6104774872
4719235,84330,Jose Alvarado,Joe18@gmail.com,6979093696
3075163,26199,John Barrett,Jessica66@gmail.com,8667125453
5576011,63817,John Reynolds,Vanessa87@gmail.com,7322293605
5861198,31727,Yolanda Vazquez,Zachary86@gmail.com,9641545071
9594387,12731,Daniel Martin,Thomas80@gmail.com,5434123889
3073181,47065,David Holt,Erin86@gmail.com,3126322441
2201769,33688,Stacey Chambers,Erin79@gmail.com,7455499264
3909468,76856,Kelly Cain,David58@gmail.com,3202468765
5011416,42712,Ryan Jones,Amy50@gmail.com,5150146060
5500422,54278,Richard Velasquez,Sean35@gmail.com,5533625167
6683274,57129,Rodney Vang,Maria37@gmail.com,6207453150
1307820,31713,John Mendez,Richard86@gmail.com,4626434323
7982233,16764,Mrs. Amanda James,Kara25@gmail.com,9466933885
4433595,85886,Kristen Rhodes,Christopher97@gmail.com,2349795478
5901918,54229,Robert Tran,Amanda45@gmail.com,3893288457
5117277,56458,Travis Love,Angela12@gmail.com,3292516179
1736747,94953,Haley Zhang,Jennifer2@gmail.com,2491499769
2435652,19457,Daniel Cooley,Todd81@gmail.com,4352432170
4852719,33734,Summer Hernandez,Anthony62@gmail.com,7507719525
2508309,81137,Debra Sims,Eric21@gmail.com,8749119407
2637305,56368,Ronald Carter,Richard87@gmail.com,8399206445
6116136,97625,Karen Cox,Karen59@gmail.com,1585303486
1839937,24848,Patricia Johnson,Juan94@gmail.com,1719265923
3673852,19083,Daniel Diaz,Brenda50@gmail.com,8146322817
6835185,47985,Daniel Dunn,Erik29@gmail.com,8352071972
6171102,59577,Tricia Schneider,Jeffrey54@gmail.com,3602408706
5057029,34335,John Valenzuela,Dawn88@gmail.com,6743421369
7003131,13376,Sheri Benitez,Julie22@gmail.com,1141202309
1744276,14710,Amy Santiago,Jacqueline6@gmail.com,8207718554
8423652,72705,Karen Thomas,Krista30@gmail.com,1663915917
5698174,24532,Veronica Kidd,Clinton62@gmail.com,8178260780
5882571,46627,Maria Nguyen,Christopher34@gmail.com,2485896759
9704450,67239,Benjamin Dean,Christopher52@gmail.com,9116585384
2246561,67579,Kenneth Cuevas,Megan56@gmail.com,4910872447
8130475,14964,James Smith,Joel90@gmail.com,1899496466
5569465,12894,Teresa Cunningham,Karen39@gmail.com,9144381757
8653486,13424,Scott Gonzales,David19@gmail.com,4194138152
5894241,21797,Sarah Collins,Victoria77@gmail.com,4063184775
4252527,19555,David Smith,Edward3@gmail.com,8455143543
5637467,76260,Jeffery Weaver,Kristine70@gmail.com,2940171596
3081134,14265,Seth Lowery,James26@gmail.com,2754145673
3263307,93354,Kathleen Rodriguez,Barbara97@gmail.com,4567121947
5806519,76422,Timothy Whitehead,Geoffrey13@gmail.com,1162456950
3055497,59674,Ruben Sullivan,Matthew87@gmail.com,3577870865
9411237,70936,Monica Morrow,Anna94@gmail.com,4272855886
7719416,39627,Natalie Gates,Patrick8@gmail.com,4883713828
3149894,60748,Tammy Murphy,Danielle90@gmail.com,4567548036
7895861,44880,Crystal Townsend,Denise9@gmail.com,2837341917
4333988,85944,Jennifer Kennedy DVM,Tiffany43@gmail.com,7442433055
7707231,23761,Parker Owen,Christine94@gmail.com,7453319355
8484329,83559,Omar Myers,Wesley1@gmail.com,5601113265
5129162,44845,Kenneth Adams,Carol42@gmail.com,7605629218
9987716,41020,Teresa Roberts,Amanda33@gmail.com,1159001319
8105276,67807,Sara Gomez,Ashley61@gmail.com,6165782129
4778922,68545,Michael Humphrey,Jeremiah49@gmail.com,8695108422
1847728,26868,Justin Olsen,Heather44@gmail.com,4731821522
1189606,33853,Amy Myers,Joseph18@gmail.com,7496149271
2438426,77303,Nicholas Neal,Joseph57@gmail.com,6602602232
5544002,33298,Donna Sexton,Douglas17@gmail.com,5592489435
5160451,30640,Sarah Jones,Emily25@gmail.com,9500917685
1682815,25428,Gail Lane,Melissa22@gmail.com,8284652104
7236601,66726,Jennifer Smith,Eric37@gmail.com,5239375972
2523703,12464,Barbara Le,Justin69@gmail.com,3930142900
8063481,34726,Stephanie Curry,Sherri29@gmail.com,7336792280
8359991,77399,Michael Chen,Melissa83@gmail.com,3200599105
9612840,58373,Shawn Hill,Daniel72@gmail.com,3399868666
6836836,58584,George Phillips,Chad47@gmail.com,1984927063
7752049,56021,Angela Ewing,Janice100@gmail.com,2933259537
1722100,99262,Lauren Robertson,Kelsey69@gmail.com,7447582399
8683582,96476,Andrew Wu,Brandon12@gmail.com,6820165236
8050660,97717,Anthony Harper,Julie44@gmail.com,4326876876
5884433,74618,Rhonda Lloyd,William52@gmail.com,4416384632
6974932,26706,Sean Moore,James7@gmail.com,4089083770
6547307,10329,Janet Scott,Lisa40@gmail.com,5272504361
3026583,78808,Timothy Shelton,Jason18@gmail.com,8267121778
1560805,64091,Shannon Reid,Charles21@gmail.com,6995348224
2567956,20929,Renee Lee,Joseph91@gmail.com,4732908875
1031206,16692,Tyler Parker,Kathryn35@gmail.com,5478921171
4258478,21632,Eric Murray,Gregory15@gmail.com,9818644752
1995891,69628,Cameron Hernandez,Tyler17@gmail.com,2402375223
4502812,49672,Patrick Jordan,Evelyn66@gmail.com,5241835498
2290336,25586,Joseph Young,Tonya57@gmail.com,5956769791
8766839,50886,Justin James,Joseph43@gmail.com,3899753815
3689092,55693,Jessica Morgan,Anne23@gmail.com,9203183618
8474718,50045,Christopher Edwards,Hannah75@gmail.com,9955852736
4214258,45101,Christopher Tran,Melissa7@gmail.com,9440067905
1964563,52187,Anna Johnson,Christina34@gmail.com,2591464111
5854444,53639,Julia Delgado,Pamela62@gmail.com,3587345037
3771196,52396,Kelly Cruz,Jason15@gmail.com,3470757294
5770414,46820,Matthew Bailey,Erica6@gmail.com,9498334851
1596758,93832,Lauren Day,Christopher98@gmail.com,6745534334
1684364,55566,Mr. Robert Garrett,Danielle64@gmail.com,7760524971
3510859,49670,Dr. Jenna Liu,Todd59@gmail.com,9349623920
4952801,32144,Scott Carroll,Stephanie36@gmail.com,4286943531
8522789,97850,Patricia Riggs,Heather38@gmail.com,
4151270,96666,Alan Jordan,Angela100@gmail.com,3016006852
8141545,26437,Emily Villa,Cathy52@gmail.com,9240379781
2916375,24341,Matthew Lee,Joshua87@gmail.com,6255985979
8376964,94503,Ryan Wiggins,Zachary32@gmail.com,3581657656
2024795,66995,Michelle Clark,Corey73@gmail.com,5948821295
8479907,99030,Keith Ayala,Bryce23@gmail.com,8077377203
1322271,82631,Ruth Bailey,Nathan30@gmail.com,8036565852
8125480,71261,Deborah Patterson,Jeff74@gmail.com,5504243707
4134511,15369,Jeremy Newman IV,Stephanie31@gmail.com,5417538592
4777632,30985,Terry Oneal,Linda30@gmail.com,2189563444
7199564,40288,Mary Bryant,Nicholas13@gmail.com,7033748144
2496652,93431,Sarah Jones,Jack22@gmail.com,4393502751
3078494,34887,Henry Adams,Jordan100@gmail.com,3094372648
8226925,69517,Dawn Vargas,Kelly65@gmail.com,2505562491
1872292,78242,Anna Smith,Sara56@gmail.com,5976505874
6896189,48251,Matthew Lester,Julie34@gmail.com,6635023870
4141944,63535,Nathan Scott,Craig26@gmail.com,9226386327
8169190,22570,Nancy Clay,Danielle44@gmail.com,4228726825
7495904,39798,Maria Daniels,Leon71@gmail.com,4815418941
9929426,14106,Justin Baird,Margaret51@gmail.com,4139663230
7363773,44298,Connor Moore,Edwin65@gmail.com,7025611288
9234532,36544,Nicholas Joseph,Nicholas98@gmail.com,4681918427
6241917,17898,Bonnie Bailey,Christy76@gmail.com,4650843391
9125738,20483,Peter Davis,Jodi67@gmail.com,1771164288
7635693,70473,Beth Wright,Jean2@gmail.com,5905779554
1640349,55881,Rickey Wilson,Alice2@gmail.com,3273941597
4148563,36758,William Cox,Brian89@gmail.com,3913622938
2631583,58855,Jared Clark,Pamela12@gmail.com,8098137443
3511682,24008,Robin Torres,Catherine5@gmail.com,1971157622
6668537,47362,Claudia Butler,William94@gmail.com,3633640817
6263123,79269,Lisa Chapman,Ryan74@gmail.com,1262113965
8764115,28650,Bob Stephens,Julia95@gmail.com,9216364786
3149064,82977,Christopher Webster,Kathleen91@gmail.com,6790067913
1361775,53933,David Rich,James3@gmail.com,5120930039
8967512,58879,Mathew Diaz,John39@gmail.com,2838000697
8777753,59067,Kenneth Williams,Peter31@gmail.com,3505140966
9925255,64574,Gregory Huynh,Kim20@gmail.com,4647350580
4049830,53353,Dawn Lopez,Karen13@gmail.com,2509955591
1669480,14105,Samantha Mcguire,Melissa9@gmail.com,3701372555
8493914,66783,Rebekah Brady,Karen57@gmail.com,6237531851
6083631,93839,Sean Sanchez,Maria50@gmail.com,1835492006
6910266,53284,Taylor Chambers,Rachel36@gmail.com,2000042027
3914778,59803,Veronica Thompson,Lindsey17@gmail.com,8532535151
7121486,69618,Darrell Whitaker,Jeremiah32@gmail.com,5975921211
2273738,82209,Karina Brown,Rebecca36@gmail.com,8590618721
9248302,71473,Morgan Merritt,Allen95@gmail.com,2448348815
9215369,90523,William Reynolds,Anthony38@gmail.com,2948231101
3490192,89811,Michael Reid,Chad100@gmail.com,1271282388
3262017,43091,Lauren Buckley,Kristen19@gmail.com,7627507680
9609553,56884,Jesus Smith,Denise3@gmail.com,9228030520
1892055,57486,Christopher Dunn,Kelly25@gmail.com,9857627136
5417596,88612,Hannah Ferguson,Alexandria74@gmail.com,7991888311
2757739,64629,Joanna Huang,Kathryn41@gmail.com,1014586805
3131413,50013,Jacob Martin,Cindy75@gmail.com,5164730926
4749678,76181,Mr. Joe Hernandez,Alyssa65@gmail.com,2165889430
2866565,43200,Eric Callahan,Nicole84@gmail.com,7909065185
6460484,26919,Bonnie Santiago,Jesus4@gmail.com,7304607120
9649573,34369,Michele Erickson,Cindy51@gmail.com,9906463242
1654718,13527,Paula Flores,Jennifer86@gmail.com,2028190001
7056553,35763,Brett Yang,John78@gmail.com,7130824387
7121390,60704,Terry Beck,Michele41@gmail.com,5286303450
8507548,55345,Julie Tapia,Jacqueline56@gmail.com,1071226042
3538887,16435,Angela Holder,Robert100@gmail.com,2087459205
1712439,98174,Ryan Chavez,Thomas21@gmail.com,3318428635
8372684,14861,Ian Sanders,Stephanie30@gmail.com,9313873803
6790994,28603,Emily Evans,Mary81@gmail.com,3060703631
1804469,56983,Kyle Webb,Destiny89@gmail.com,7901331736
2797129,87150,Paige Sullivan,Michael95@gmail.com,2767416576
2331519,81574,Dylan Porter PhD,Mitchell5@gmail.com,9285925644
2238044,30157,Marcus Gregory,Michael90@gmail.com,2325900374
5424771,50329,Juan Holland,Lauren12@gmail.com,9910566717
8611028,32212,Todd Carrillo,William21@gmail.com,3281822635
2637986,38935,Jennifer Brown,James86@gmail.com,2528134149
2312671,84156,Dr. Bianca Norman,Robert43@gmail.com,3383775127
5552283,70661,Kevin Flores,Jessica58@gmail.com,8447851892
6471980,75819,Robin Carter,Bradley68@gmail.com,5249569132
7036588,39582,Lisa Thomas,Samuel96@gmail.com,6553338035
9952021,36108,Peter Jordan,Richard12@gmail.com,2499960146
8821111,39024,Marcus Valenzuela,Daniel13@gmail.com,7555781227
9531495,29922,Lauren King DDS,Jessica82@gmail.com,6728203879
5821785,23851,James Spencer,Robin27@gmail.com,2604304495
4795800,19551,James Watts,Julia12@gmail.com,1701340001
2182106,16027,Leonard Tucker,Kelsey13@gmail.com,1795079329
8799387,96800,Richard Norris,Courtney14@gmail.com,9791362853
3825121,84050,John Robinson,Marcia48@gmail.com,1703491771
3364343,18005,Joshua Schmidt,Brian86@gmail.com,8360545611
3635790,47875,Ariel Bolton,Laura68@gmail.com,5467323907
9293020,60603,Stephanie Johnson,Joel74@gmail.com,2347960883
4928522,27937,Anthony Lynch,Marcus69@gmail.com,6952794268
1624742,69857,Todd Perry,Shawn87@gmail.com,8614456847
4666329,95109,Jaclyn Hendrix,Anthony82@gmail.com,2345476500
7509987,82416,Suzanne Rios,Justin52@gmail.com,8613838794
2557174,71585,Randy Thomas,James79@gmail.com,4112554308
1804318,11519,Jessica Owens,Virginia63@gmail.com,3680198719
7038140,94667,Ryan Hart,Miguel15@gmail.com,6755952463
2674047,77240,Vanessa Zamora,Danielle2@gmail.com,2429464852
6045048,94266,James Martinez,Donna52@gmail.com,6174879509
2064352,96593,Robert Herrera,Heather55@gmail.com,8457074459
2040232,76052,Nathaniel Johnson,Nathaniel57@gmail.com,5095763122
9657171,26125,Christine Perez,Joshua62@gmail.com,3936020954
5092296,75729,Matthew Fowler,Joseph21@gmail.com,8984876458
2832525,18295,Frank Bowman,Sandra19@gmail.com,1667255082
1204835,29555,Jennifer Yu,William10@gmail.com,4897328910
4727670,33530,Tracy Santos,Roy21@gmail.com,7079074206
5212322,89375,Chelsea Wood,Bryce79@gmail.com,
5153100,87093,Lisa Weber MD,Jeffery51@gmail.com,8278160465
5722977,53694,George Crosby,Maurice45@gmail.com,8566819617
9644667,70478,Carrie Walker,Erica59@gmail.com,7678488719
7237885,49641,Brandy Rodriguez,Michele27@gmail.com,4944976379
4069773,80735,Lynn Jenkins,Thomas78@gmail.com,7734515687
9597673,10961,Yesenia Riggs,Theresa12@gmail.com,9461652520
4060978,80755,Brooke Thomas,Shelly40@gmail.com,1441984752
1857708,28082,Jessica Cherry,Christopher31@gmail.com,7237363865
1862946,79107,Alexis Pittman,Veronica47@gmail.com,9249021520
2478522,54391,Justin Jones,Cynthia98@gmail.com,7292528420
3117998,60983,Karen Diaz,Carolyn80@gmail.com,3058322648
1808233,26278,Cynthia Friedman,Kevin49@gmail.com,8693626843
2251706,47238,Robert Moore,Bobby43@gmail.com,8846880685
7002642,89081,Philip Sullivan,Amber29@gmail.com,5542657093
3932005,93617,John Silva,Albert90@gmail.com,7286197460
2084886,28612,Kendra Johns,Amber20@gmail.com,8934235226
2485444,65357,Amy Richardson,Tommy92@gmail.com,5127748561
3760951,69177,Pamela Brown,Diana18@gmail.com,8501265921
1944205,53937,Shelly Carr,Jacqueline2@gmail.com,1270683463
8968266,49513,Brittany Wilson,Marissa90@gmail.com,4321869721
6014807,38026,Beverly Patterson,Vanessa15@gmail.com,1691539704
5208349,49150,Cheryl West,Christina62@gmail.com,2701303820
9584705,80480,Martin Smith,Steven74@gmail.com,1578442680
8685881,10659,Brian Silva,Sophia50@gmail.com,9852937820
3965283,91279,Andrew Campbell,Brian95@gmail.com,8188441574
1919739,82032,Barbara Smith,Donna8@gmail.com,9601717312
2552210,25020,Christian Duncan,Nicole11@gmail.com,7907283579
5588840,55559,Corey Harris,Debra37@gmail.com,8063805371
8441794,42480,Julie Jones,Edward72@gmail.com,8326827055
8080197,36896,Keith Moore,Benjamin33@gmail.com,1673251396
5762367,84357,Norman Morris,Virginia43@gmail.com,3614804824
3676687,39996,Brittany Thomas,Tina5@gmail.com,2891197100
8504144,28249,Aaron Powell,Christina94@gmail.com,9858987401
4130154,24151,Ruben Holder,Ricky32@gmail.com,4117186423
1274952,35562,Alicia Fisher,Charles49@gmail.com,6941579167
3579040,58515,Michael Campos,Evelyn52@gmail.com,8543542364
9737362,40817,Cynthia Moore,April59@gmail.com,3101163577
1405287,36235,Michael Coleman,Christopher43@gmail.com,9012877788
2741971,33064,Linda Smith,Patricia31@gmail.com,4794935791
4166421,81484,Michelle Cobb,Karen19@gmail.com,5660039642
6498997,18554,Jessica Richards,Robin94@gmail.com,4247139062
1572180,92421,Rodney Swanson,Madison99@gmail.com,3256922209
7861714,48884,Michael Roberson,Amy79@gmail.com,9181282487
8734710,88233,Meghan Miller,Curtis17@gmail.com,6017450121
2418273,96162,Leslie Williams,Debbie86@gmail.com,3050529412
1203465,57753,Tammy Owens,Tina83@gmail.com,4129649577
9903325,95050,Jacob Parks,Lauren92@gmail.com,3549955089
2239384,16010,Seth Conner,Elizabeth60@gmail.com,2878304287
2176568,71083,Monique Armstrong,Roberta96@gmail.com,1077551226
9866148,63582,Pamela Stein,Kathryn41@gmail.com,3114828857
3880623,58716,Kayla Harris,Brandon60@gmail.com,1529390687
4838568,37454,Charles Smith,Sherri44@gmail.com,6710667927
7322699,45010,Jasmine Medina,Denise20@gmail.com,2485617710
2637831,29969,Philip Johnson,Tara84@gmail.com,5419777946
6220797,41484,James Gutierrez,James30@gmail.com,1515204976
5102535,39046,Crystal Welch,Clayton23@gmail.com,7244948498
6550279,78510,Joel Henry,Melissa71@gmail.com,9685031216
3900135,57299,Richard Farrell,Valerie62@gmail.com,3511000956
4598659,94996,Brad Johnson,Christine29@gmail.com,6909906035
3525046,83690,Beverly Alexander,Michael15@gmail.com,3591127102
8949641,48194,Shawn Whitney,Lisa57@gmail.com,7706221949
8098339,16988,Angela Bass,Justin26@gmail.com,7407479645
3246127,56804,Meghan Pope,Joshua28@gmail.com,6953687281
5026794,59822,Allen Mckay,John15@gmail.com,5471801138
6645201,95589,Becky Warren,James56@gmail.com,5208867774
8123868,62339,Fernando Green,Mark100@gmail.com,1952541797
4036018,53448,Ian Lee,Anthony14@gmail.com,6137586133
7037058,20524,Amber French,Roberta76@gmail.com,6640943480
7770102,50192,Robert Smith,Pamela47@gmail.com,9655405429
1400289,31039,Brian Hawkins,Grant99@gmail.com,6449279675
1856383,78584,Sean Spence,George54@gmail.com,2511435236
7657092,53174,Andre Parsons,Emily86@gmail.com,5616447943
4397730,14027,Pamela Bowman,Jennifer99@gmail.com,4839180715
2279161,37960,Steven Henry,Jerry27@gmail.com,5055517427
4909573,72143,Sara Smith,Brittany78@gmail.com,4273987841
5131727,87601,James Hunter,Jose60@gmail.com,3038191346
7684128,21137,Gabriel Jordan,Sarah89@gmail.com,5383395610
1959594,84878,Elizabeth Sherman,Christian47@gmail.com,7507358248
7333374,91931,Vicki Hines,William64@gmail.com,4449300509
2457214,80205,Timothy Williams,Victoria79@gmail.com,1923995631
2930964,46188,Michael Anderson,Kevin24@gmail.com,1981009646
9105943,63270,Shannon Rocha,Lori48@gmail.com,1981901079
5341445,58719,Amanda Moore,Joshua85@gmail.com,3998192591
2954327,98898,Deanna Anderson,Jeffrey5@gmail.com,6183498806
1860759,45880,Austin Williams,Becky14@gmail.com,1859680160
8123742,47778,Lonnie Martin,Donna22@gmail.com,9045954899
1221215,68301,Heather Cherry,Amanda26@gmail.com,3078695932
8176027,93387,Alyssa Mitchell,Claire1@gmail.com,3226610868
7461953,40681,Elaine Kemp,Henry13@gmail.com,8943462853
6133652,63275,Andrea Simmons,Derek6@gmail.com,3552963401
1807808,88113,Robert Rojas,Katherine99@gmail.com,5538752478
3629312,95641,Ashley York,Tammy54@gmail.com,8715845610
2296062,77228,Kimberly Blanchard,Keith12@gmail.com,2034256114
4556184,51259,Andrew Wilkerson,Kevin75@gmail.com,5948235178
1997738,22228,Brandon Brown,Michael17@gmail.com,9347075398
2014809,63195,John Rojas,Rebekah79@gmail.com,2670474147
3087044,44306,Victoria Richardson,Sharon96@gmail.com,6968370638
6402688,52755,Henry Graham,Laura63@gmail.com,6067199363
3997489,89681,Jordan Hernandez,Glen58@gmail.com,7177732044
5033481,90903,Michael Lopez,Roberta41@gmail.com,7233199693
8080143,77226,Loretta Sanchez,Aaron13@gmail.com,1149891557
,47797,Aaron Henderson,Richard71@gmail.com,4565397069
7730351,75141,Terry Ashley,Mark20@gmail.com,8156785993
7317833,25843,Jason Hale,Justin92@gmail.com,8738244394
3200943,50950,Bruce Hunt,Joseph97@gmail.com,4451068801
2133209,51682,Robert Petersen,Crystal100@gmail.com,6174908130
8252899,64339,Wendy Gonzales,James6@gmail.com,2302640763
1725613,38091,Ricardo Levine,William17@gmail.com,1016786289
9430463,48534,Joseph Powers,Jamie52@gmail.com,9442667290
7064437,,Eric Cook,Russell20@gmail.com,8213783555
4711874,31903,Joshua Palmer,Deborah31@gmail.com,7154798151
7314125,82874,Christina Martin,Daniel22@gmail.com,2243898090
7133411,48706,Cynthia Underwood,Matthew40@gmail.com,3353003387
9715101,78180,Charles Murphy,Samuel29@gmail.com,9962027870
8032950,39357,,Denise50@gmail.com,8043611007
7008893,93432,Melanie Newton,Edward50@gmail.com,6437304823
2430124,45583,Bruce Mckenzie,Susan6@gmail.com,3700971547
4184958,96832,Elaine Bailey,Nicole99@gmail.com,1655881530
5323682,90735,Lucas Hall,Patricia78@gmail.com,1434881079
3989079,97014,Michael Young,Louis62@gmail.com,3113686166
6735223,74404,Erin Lee,Margaret30@gmail.com,1018152816
6982442,42330,Elizabeth Moore,Denise17@gmail.com,1250733875
1377719,72195,Christopher Briggs,Michael9@gmail.com,7857114849
2976422,36324,Melissa Ibarra,Curtis39@gmail.com,4567757383
8169375,87680,William Hunt,Daniel67@gmail.com,9260324979
1591593,20432,Henry Norman,Timothy17@gmail.com,8572172860
6263104,93473,Vincent Gamble,Gabriella21@gmail.com,4058950962
6616882,80213,Sara Barrett MD,Adam66@gmail.com,1581381772
3253103,45033,John Jordan,Vicki59@gmail.com,9002620514
7911627,43699,John Johns,Kevin32@gmail.com,3553344392
1019965,33832,Mrs. Sarah Jensen,Cassie98@gmail.com,7267278400
6819557,16780,Lauren Rodriguez,Barry88@gmail.com,2418524814
4363985,88231,Jennifer Williams PhD,Regina49@gmail.com,8275876948
5974919,57920,Daniel Johnson,Karen84@gmail.com,9036155648
7666538,95903,Jack Becker,George60@gmail.com,9070901766
9087088,15353,Jacqueline Castro MD,Kelly96@gmail.com,1409701913
7372200,27316,Cole Oliver,Bryan55@gmail.com,2041797934
8408333,71224,Sabrina Avila,Kimberly84@gmail.com,7700037944
9302502,67814,Timothy Keith,Kaitlyn14@gmail.com,2521638823
5919075,92212,Kenneth Hall,Brandon17@gmail.com,2107160268
1749010,94701,Barbara Morgan,Michele25@gmail.com,6784903085
9474728,79114,Michelle Elliott,Nicholas1@gmail.com,9555288403
1809287,50183,Nicole Hays,Stephanie36@gmail.com,1610308221
5523996,41133,Jamie Villarreal,Terry59@gmail.com,2289854359
6666106,92219,Dr. Steven Ortiz,Barbara28@gmail.com,7939360618
5849571,22606,Daniel Mooney,Nathaniel18@gmail.com,1151807767
8113882,94829,Joshua Vargas,Adam33@gmail.com,8171505282
9271245,69689,Michelle Guzman,Ryan79@gmail.com,2839179764
7524015,93789,Kyle Rogers,Stephanie53@gmail.com,6363209351
4832393,96394,Michael Riley,Vanessa13@gmail.com,3805433163
1272205,62625,Angela Price,Jane9@gmail.com,7354299142
9236951,26376,Terry Small,Matthew69@gmail.com,6687622002
5116706,46710,Teresa Smith,Christina49@gmail.com,7684342902
8986944,25818,Timothy Griffin,Richard95@gmail.com,8853759907
9103934,66156,Sylvia Yates,Michael60@gmail.com,3326991176
4500943,70947,Billy Martinez,Todd66@gmail.com,5962898936
8200088,83713,Shelly Clements,Robert9@gmail.com,6798240551
1832268,84588,Gerald Douglas,Sara65@gmail.com,2474141933
2307774,62174,Michelle Lester,Veronica45@gmail.com,8099582758
6511709,24700,Melissa Brown,Jason89@gmail.com,2190219183
5221521,19240,Dwayne Rodriguez,Elizabeth73@gmail.com,1854247962
2309518,16641,Alexander Watson,Susan63@gmail.com,9421167253
2678149,43383,Taylor Reese,Courtney23@gmail.com,5266153293
5742427,48080,Rachel Evans,James61@gmail.com,2308562011
9131397,15675,Erika Peterson,Kathy11@gmail.com,3806950435
8161414,39366,Dr. Steven Floyd,Joshua42@gmail.com,8617207835
9138708,85066,Michael Jones,Jill6@gmail.com,2893505638
9770266,80205,Stephanie Watkins,Lynn19@gmail.com,9550045136
6888132,97294,David Robinson,Renee98@gmail.com,6692854034
3398401,80252,Philip Richardson,Adam76@gmail.com,7703778700
7384551,94342,Elizabeth Cruz,Laura31@gmail.com,8461842659
7589974,26500,Brittany Rhodes,Kayla2@gmail.com,1785664561
6264616,84026,Tyler Lynn,Heather61@gmail.com,4630375196
1395867,48392,Justin Hughes,Kaitlin21@gmail.com,5613783941
4733306,57434,Michael Ramirez,Kathleen25@gmail.com,5027470806
3963033,98410,Emily Zimmerman,Katie70@gmail.com,2254159789
1043079,60825,Deborah Lane,Jessica40@gmail.com,7234828253
3806156,79518,Michael Hunter,Gregory39@gmail.com,3158222709
7567893,50593,Amber Whitaker,David27@gmail.com,6222682221
4624975,33602,Christopher Perry,Laurie28@gmail.com,1531764701
4246646,86572,John Moore,James95@gmail.com,8042943783
9219979,64204,Brian Willis,Pamela15@gmail.com,7204317596
3793988,81825,Cindy Morgan,Michael89@gmail.com,2389819194
9762762,79775,Timothy Andersen,Robert78@gmail.com,4283860746
2607028,72960,Robert Coleman,William83@gmail.com,1550823401
9015613,63348,Kelly Lambert,Steven43@gmail.com,4481716966
8605808,56925,Joshua Williams,Angel68@gmail.com,1484208523
2804405,17028,Taylor Brown,Deborah21@gmail.com,3929688774
9746462,67454,Dustin Davis,Jennifer20@gmail.com,8348847990
3551288,37354,Anna Allen,Samantha31@gmail.com,3860840370
2694830,88442,William Young,Aaron55@gmail.com,1998962005
9345395,74810,Benjamin Henry,Bruce40@gmail.com,5126057031
2226101,47067,Ruth Hall,Jason33@gmail.com,3985881379
9768079,96381,William Woodard,Valerie26@gmail.com,2271085438
9565869,46264,Jeremy White MD,Christopher13@gmail.com,1556496243
4774229,94226,Meagan Garcia,Jackie3@gmail.com,9210111384
9377333,92119,Abigail Nguyen,Samantha25@gmail.com,2239230470
6597058,61692,Kimberly Townsend,Cody14@gmail.com,2510889153
2305594,96624,Allison Murphy,Krystal30@gmail.com,9870976482
5101990,64354,John Collins,Jillian27@gmail.com,6272070836
2080183,93876,Linda Ramos,Michelle34@gmail.com,3538821857
2292974,51342,James Pittman,Natasha27@gmail.com,8941568697
1454744,33657,Steven Rivera,Marie84@gmail.com,3770649267
4813793,88674,Melissa Rush,Jasmine13@gmail.com,8401729041
8276793,23450,Sheila Hunt,Katie51@gmail.com,9265184724
6047595,20186,Joshua Herring,Madison8@gmail.com,2824227112
9034467,42450,Danny Higgins,Dorothy19@gmail.com,9108392401
3620908,83202,Susan Pham,Jon91@gmail.com,9080571626
2848478,19783,Gary Soto,William80@gmail.com,9325514295
4088744,22949,Michael Luna,Anthony94@gmail.com,5036989443
6992351,40653,Chase Pearson,Theresa83@gmail.com,6620447177
9446033,94044,Kathleen Hicks,Stephanie43@gmail.com,7504577917
8094256,26745,Crystal Phillips,Kristin36@gmail.com,1990638161
2923852,57405,Barbara Wilson,Melissa60@gmail.com,7965157261
9788870,85733,Julian Mcfarland,Mario13@gmail.com,5145280524
2516595,53261,Aaron Jones,Darrell19@gmail.com,7333341204
9192616,89034,Scott Hubbard,David50@gmail.com,1071243346
5251982,45441,Mr. William Krueger,Michael28@gmail.com,3663894363
5801357,29454,John Watson,John63@gmail.com,8320913107
7276215,67698,Brianna Hood,Anthony24@gmail.com,2212470783
3293100,55103,Barbara Smith,Kelsey58@gmail.com,5978711737
1291112,95469,Mary Rocha,John45@gmail.com,2418675145
9078439,82796,Daniel Holt DDS,Tiffany87@gmail.com,7051159502
5675691,60018,Erika Miller,Juan7@gmail.com,4488124371
4265252,27573,Peter Hawkins,Ann67@gmail.com,8639039426
9405056,40810,Veronica Jenkins,Troy74@gmail.com,7290685109
6927359,65735,Melissa Perry,Douglas79@gmail.com,6056897485
4312170,98150,Mandy Brown,James10@gmail.com,3027823676
1944960,48410,Robert Young MD,Hailey41@gmail.com,8103266555
7862954,86454,Mark Lynch,Margaret12@gmail.com,8993595659
2103592,57677,Brandy Grant,Andrew98@gmail.com,9809948999
6936638,66924,Anita Brennan,Megan54@gmail.com,9856902996
8032112,67323,Dennis Carey,Alejandro68@gmail.com,2056844382
9928756,38896,Daniel Conley,Christy99@gmail.com,3872928209
9924595,96363,Amber Alexander,Jennifer20@gmail.com,5555332236
7360381,92973,Victoria Brown,Angela37@gmail.com,4812071391
2540826,29565,Jessica Russo,Carolyn47@gmail.com,8780748321
3562801,23920,Thomas Thomas,Jeffery37@gmail.com,8998651790
5179711,34838,Dawn Wilson,Alyssa67@gmail.com,7134391294
2426052,94897,Gregory Guerrero,April1@gmail.com,5490285689
2613074,56181,Brittany Silva,Ann94@gmail.com,8622829816
2925300,36167,Teresa Alexander,Courtney85@gmail.com,7321480049
1689112,24406,Debbie Robinson,Darius42@gmail.com,6278442528
1351670,32070,Pamela Olsen,Rebecca53@gmail.com,3474786379
8540704,33142,Robert Barrett,Maureen89@gmail.com,8587485195
3623734,65278,Mary Sandoval,Ryan95@gmail.com,8539822450
1278482,18166,Stephanie Becker,Tammy84@gmail.com,9347752984
7382592,90649,Guy Martin,Joshua11@gmail.com,7620934151
5669260,55652,Teresa Brooks,Deanna75@gmail.com,5921058570
5808143,80068,Shawna Tran,Tasha17@gmail.com,1545324490
3263603,56263,William Baker DDS,Richard51@gmail.com,1240451251
2556283,62362,William Miller,Amanda27@gmail.com,5912390538
2464089,94505,William Stewart,Chelsea72@gmail.com,9257692783
6490293,60717,Connor Little,Maria57@gmail.com,6258505438
9400651,75868,Ryan Miller,Terri97@gmail.com,5891789706
8355638,53770,Kristine Ross,Adam49@gmail.com,2117497270
4015220,14066,Michael Mendoza,Oscar51@gmail.com,7836535261
8428076,55505,Brian Hall,Mary59@gmail.com,8051644397
4280985,19625,Kathryn Jackson,Lisa91@gmail.com,5694476826
6710869,43609,Gregory Ross,Scott86@gmail.com,4211086252
4017129,11788,Stephen Bell,Tracy72@gmail.com,7173287812
4118968,26405,Brandy Garcia,Jason41@gmail.com,6506645707
2906530,16840,Roy Davis,Michael77@gmail.com,8785486915
3051427,47705,Mary Robinson,Peggy45@gmail.com,3862418305
6201499,49566,Jenny Williams,Michael62@gmail.com,9769641652
4382503,90615,Kristen Lee,Cheryl43@gmail.com,2492271583
6608249,86483,Daniel Whitehead,Alison19@gmail.com,2674340581
9703538,15113,Jennifer Hall,Jason88@gmail.com,2217358406
8469131,46442,Steven Strong,Daniel9@gmail.com,4245663089
3014382,70980,Steven Steele,Gail52@gmail.com,9062521635
2725872,24634,Richard Morris,,9734826570
8527052,64716,Alyssa Hammond,Kelly78@gmail.com,5944746389
1404255,12050,Erika Williams,Justin26@gmail.com,1745736182
1629035,94718,Kevin Chase MD,Ashley61@gmail.com,8786790839
8767069,87359,Danielle Ayala,Christy9@gmail.com,5100832427
3709742,37916,Nicole Woods,Robert27@gmail.com,2367948455
7770987,18881,Sheri Kirby,Lisa58@gmail.com,8198139476
7719903,87093,Jesus Pittman,Erika39@gmail.com,9028871462
7014534,57662,Mark Pacheco,Michael59@gmail.com,6109196984
4631969,91838,Karen Velazquez,Elizabeth36@gmail.com,8836141111
1935331,33353,Eric Young,Adam39@gmail.com,2361083543
5404221,63873,David Sanders,Emily72@gmail.com,4724216482
6217790,35968,William Hester,Andrew60@gmail.com,2851383543
5165572,96510,Mrs. Andrea Turner,Thomas79@gmail.com,8241716162
1832508,61717,Dr. Aaron Atkins,Brian32@gmail.com,7822353249
7266497,88598,Dawn Morgan,Lauren52@gmail.com,4480890967
3224790,16228,Alexander Jackson,Michelle26@gmail.com,8670573971
6388659,40600,Benjamin Sanchez,Jocelyn53@gmail.com,3950882292
5941306,96164,David Mcdaniel,Billy39@gmail.com,1178173999
8006646,19418,Mary Gonzales,Jonathan92@gmail.com,1354682355
5572978,48349,Sean Edwards,Robert77@gmail.com,8551308310
1046139,66794,Susan Werner,Zachary20@gmail.com,9018444240
3403304,24601,Leonard Calhoun,Jerry54@gmail.com,9848542106
3357287,86757,Sandra Walker,Caroline22@gmail.com,9199894774
6705657,30784,Christopher Bennett,David61@gmail.com,4531083758
7683553,13964,Teresa Singleton,Mark90@gmail.com,3488894554
1915021,17967,Logan Ball,Kevin40@gmail.com,5305520375
9378545,11796,Lori Jones,Jamie81@gmail.com,4262561011
5016745,73942,Caroline Sharp,Danielle25@gmail.com,4116434678
1441287,92152,John Adams,Glenn83@gmail.com,3031641589
2814625,15205,Stephanie Owens,Alicia44@gmail.com,3435349014
1296579,84949,Matthew Garcia,Andrea11@gmail.com,3713064667
7288720,22834,Donald Shaw,Kayla26@gmail.com,1519911804
3837975,93644,Michael Miller,Elizabeth89@gmail.com,2124154764
4453662,61752,Kara Fritz,Dana94@gmail.com,1603959393
1131886,70393,David Gibson,Stacey89@gmail.com,8283812794
2246704,62728,Dustin Jenkins,Katie91@gmail.com,5141293383
4093889,76465,Lauren Gentry,Vicki98@gmail.com,8406565235
5300175,54118,Amanda Stevens,Patricia100@gmail.com,6080404391
2161679,10392,James Duke,Angelica40@gmail.com,2590985016
2760633,11713,Amanda Schultz,Alexis64@gmail.com,1856919085
6122244,52132,Tiffany Ford,Javier1@gmail.com,7327455193
2307931,38346,David Green,Bridget2@gmail.com,2219441767
7016433,94510,Zachary Rivas DDS,Mary31@gmail.com,9661009987
8529711,89303,Frank Murphy,Kenneth44@gmail.com,5252099816
1343930,78174,Crystal Jones,Stephen87@gmail.com,9938816353
7248404,51078,Samuel Vazquez,Scott76@gmail.com,9179985201
6184656,43753,Ashley Rivera,Lisa17@gmail.com,4975081352
4725702,60187,Natalie Kim,Stephanie68@gmail.com,8909620310
8050713,41251,Tina Price,Cindy28@gmail.com,6096168222
6625504,27899,Misty Jones,Denise21@gmail.com,6849855126
8388232,87110,Jasmine Richardson,Jennifer25@gmail.com,1741726821
6847459,87106,Wendy Herrera,Billy78@gmail.com,3493406933
3941447,11602,Darryl Patton,Nicole75@gmail.com,1760070885
5015761,99727,Michael Johnson,Jose69@gmail.com,2444947106
6747827,97455,Robert King,Jane18@gmail.com,3225434770
3129171,19892,Lisa Smith,Anthony65@gmail.com,8806692133
9881354,22960,Jonathon Ramos,Todd7@gmail.com,4432203632
7645847,41704,Veronica Neal,Denise54@gmail.com,9524326654
3188159,78207,Pamela Salinas,Thomas38@gmail.com,2711194182
3565283,31928,Michael Chavez,Donald23@gmail.com,3217419923
7736144,26278,Justin Henderson,David22@gmail.com,9200500031
8354289,39692,David Vargas,Adrienne34@gmail.com,3783016576
7270577,51388,Robert Hale,Michael100@gmail.com,8547674597
1430902,80218,Crystal Chambers,Jasmine44@gmail.com,1569152062
5184522,23705,Donald Love,Brian70@gmail.com,4487382110
7814151,79858,Wayne Brewer,Renee3@gmail.com,6667574814
9956674,12129,Candice Schmidt,Ryan80@gmail.com,3351324294
9211023,20858,Jenna Hill,Patricia12@gmail.com,4541985521
2952733,89260,Kimberly Mitchell,Erica1@gmail.com,3954157681
9599790,23495,Elizabeth Anderson,Jamie81@gmail.com,9248205394
1809330,36699,Aaron Murphy,Nicholas50@gmail.com,3721204292
8487420,50627,Robert Romero,Chad10@gmail.com,4482754208
2608842,95108,Linda Mendoza,Heather27@gmail.com,6445066446
2179966,65074,Isaiah Smith,David11@gmail.com,3016729773
8084110,14443,Linda Brown,Michelle32@gmail.com,8895870734
2584927,76210,Dr. Julia Jones,Autumn86@gmail.com,4098354601
9563528,27220,Elizabeth Swanson,Elizabeth15@gmail.com,8414115335
7306566,18701,Brian Gonzalez,Jennifer63@gmail.com,8074835309
7885587,42339,Edward Johnson,Amy37@gmail.com,8406155670
4261294,24843,Dylan Burton,Andrew28@gmail.com,9312966958
4444793,89336,Leslie Edwards,Jennifer23@gmail.com,1393060563
8946501,30948,Shannon Wallace,Garrett32@gmail.com,6912690110
4314238,20584,Julie Wheeler,Jennifer42@gmail.com,7504832727
3001100,51981,Eric Rivera,Beverly16@gmail.com,4606892921
5643150,57171,Michael Moore,Brett57@gmail.com,8200863241
3459767,31292,Brenda Singh,Emily81@gmail.com,2653551730
8922659,49697,Marilyn Guerra,James9@gmail.com,7491499036
9142624,18417,Christopher Rivera,Maria70@gmail.com,4854081334
3031981,96747,Ronald Elliott,Carol28@gmail.com,6687651759
9522861,72789,Brian Lowe,Melissa70@gmail.com,3882328494
6208859,18816,John Cook,Tim72@gmail.com,4942889995
6792560,68783,John Huynh,Frank94@gmail.com,3444771377
4802781,19093,Gina Ho,Christopher58@gmail.com,4651901607
4457995,83066,Larry Webster,Peter17@gmail.com,3355367922
9852159,21316,Bryan Rodriguez,Alexandria63@gmail.com,8891023747
5427576,17634,Nicholas Mcintosh,Bridget41@gmail.com,8840115720
9962788,74981,Jared Lee,Helen41@gmail.com,5248802039
3453714,66449,Tonya Lewis,Janice70@gmail.com,1691524064
8200321,89540,Brandon Melendez,Theresa29@gmail.com,9130695997
7016505,64053,Mr. Terry Zamora,Alexander82@gmail.com,6887795314
4265600,35375,Emily Smith,Joseph8@gmail.com,2998066097
4853584,17514,Samantha Hawkins,Adam63@gmail.com,1716864665
2239298,36491,Corey Rubio,Jason52@gmail.com,7549891143
5645113,71207,Laurie James,Regina98@gmail.com,3528974980
7746507,59198,Nicholas Rogers,Carlos4@gmail.com,4119117755
9553219,22164,Jason Parker,Alexandra68@gmail.com,2432911147
3885602,17497,April Romero,David8@gmail.com,2011291375
2906378,49773,Brian Adams,Chad65@gmail.com,6278414361
1254100,89964,Jacqueline Odonnell,Jennifer19@gmail.com,8923766860
5473749,76630,Todd Perry,Jeffrey68@gmail.com,7132532450
5767115,84492,Alicia Blake,Michael66@gmail.com,7285984795
5131563,14515,Evan Ray,Randall70@gmail.com,5323574206
8768773,83193,Casey Myers,Heather14@gmail.com,5453021578
3904350,97064,Curtis Cruz,Karen95@gmail.com,4351096477
6946722,11461,Mathew Leblanc,Stephanie48@gmail.com,9176485616
3655235,42017,Kirk Miller,Jennifer94@gmail.com,7492068012
1703428,54233,Kristin Garza,Colton57@gmail.com,2323855841
5245970,32263,Laura Walker,Donna54@gmail.com,3832725510
1870881,24224,Jacob Gonzalez,John78@gmail.com,7912827478
5216424,29649,John Ware,Erin51@gmail.com,4165767765
8297549,13944,Peter Taylor,Robert31@gmail.com,5092811430
3196250,50089,Sandra Hill,Regina28@gmail.com,3915144386
3606820,44677,Monica West,Deborah49@gmail.com,4800138785
8034701,73963,Scott Sanders,Richard84@gmail.com,3420148630
4608754,84741,Richard Adams,Luis42@gmail.com,1290784261
8036807,52389,Alexander Miller,Mary39@gmail.com,4436661883
7203352,68860,Russell Williams,Charles72@gmail.com,2810734986
7592755,73428,David Williams,Joshua51@gmail.com,4958509165
1525162,43679,Gabriela Tanner,Jason5@gmail.com,5194518840
8040953,72326,Kathleen Miller,Priscilla82@gmail.com,7301755480
3122568,95376,Denise Shields,Andrea36@gmail.com,8564560886
2463580,71586,Brian Ward,Erika25@gmail.com,7772735248
4350186,62281,Rachel Davis,Michael18@gmail.com,6416318508
7250185,14682,Tony Vasquez,Amber80@gmail.com,7885685653
1293326,28345,Jennifer Diaz,Erin52@gmail.com,5361116548
5816096,62715,Robert Garcia,Penny100@gmail.com,8122245227
5595961,90380,Brian Barrett,Michael59@gmail.com,1976771093
2798795,36179,Kevin Hoffman,Barry92@gmail.com,7979990601
1015484,13623,Elizabeth Diaz,Lori4@gmail.com,7078335261
4680493,68865,George Rogers,Sean62@gmail.com,9528421445
6650742,88882,Robert Berry,Charles22@gmail.com,6862951502
3593963,69413,Ms. Charlotte Hancock,Elizabeth49@gmail.com,5525393219
3390159,44315,Christopher Juarez,Vanessa78@gmail.com,9393253508
7014979,52372,Amanda Johnston,Duane17@gmail.com,5521772692
2083981,30609,James Palmer,Samantha33@gmail.com,3247065622
5362464,11551,Chad Smith,Joyce55@gmail.com,5791668617
5385175,38588,Louis Knapp,Kimberly98@gmail.com,5086873916
3525380,68016,Donna Miller,Brandi36@gmail.com,6011861944
6387338,51246,Matthew Woodward,Justin22@gmail.com,1941389081
6648277,47060,Dawn Douglas,Mary1@gmail.com,3463464048
8414247,96545,Maria Holt,Sean48@gmail.com,1869322737
2177033,75569,James Weiss,Theodore71@gmail.com,7560214543
7201333,82905,Timothy Larson,Angela5@gmail.com,8263949897
9747585,95175,Amanda Walker,John10@gmail.com,1571779804
4124633,58922,Ashley Jackson,Brandy58@gmail.com,5400557124
7988873,65753,Jeffrey Ortiz,Eddie79@gmail.com,7892153836
8647811,77112,Catherine Smith,Gloria8@gmail.com,2745947237
2215268,80073,Anna Harrison,Jason99@gmail.com,5692860275
8502684,97432,Jessica Oliver,Luis28@gmail.com,4754662138
5485293,42278,Kevin Lopez,Nathan8@gmail.com,9395746107
9468955,62616,Jennifer Shaw,Bailey77@gmail.com,3879897039
8793569,42130,Kelly Roberts,April94@gmail.com,2615539870
7658951,17702,Patricia Wolfe,Hannah54@gmail.com,2854908581
5882983,39939,Christopher Edwards,Julia31@gmail.com,9540072691
3773372,75523,Jody Wong,Rachel47@gmail.com,5524083438
2770611,56593,Brian Sparks,Nicholas16@gmail.com,5834884102
1219681,76765,Shelby Mitchell,Brenda18@gmail.com,6155562898
4742083,55543,Cristian Mayer,Steven57@gmail.com,7232954366
7315329,95852,Robin Gross,Angelica9@gmail.com,8183393821
8884556,73291,Samantha Daniels,Scott95@gmail.com,3746476424
6379864,73190,Theresa Collins,Julia20@gmail.com,9896582429
9213762,77610,Stephen Jenkins,Tara9@gmail.com,4352839666
9839059,80620,Alyssa Anthony,Katie53@gmail.com,3723327179
4037834,49559,Deanna Palmer,Jennifer64@gmail.com,7786977041
6580098,13886,James Contreras,Megan96@gmail.com,7816701783
5490177,50855,Vanessa Johnson,Susan55@gmail.com,1784782339
2914320,34855,Brittany Freeman,Jonathan87@gmail.com,1057169896
7776707,15615,Jennifer Huerta,Jared14@gmail.com,4476365121
6433410,39328,Sheila Anderson,Michael65@gmail.com,6401802999
2775404,16740,Amanda Ali,Bernard29@gmail.com,6749143162
4630925,87422,Timothy Swanson,Lisa37@gmail.com,9124637845
5782533,39671,Sara Lowe,Virginia31@gmail.com,2246935866
7855422,87118,Nicole Garner,Alexandra95@gmail.com,2529882668
8423283,18817,Melissa Leach,Scott22@gmail.com,9506543541
9247995,24539,Craig Brown,Daniel86@gmail.com,3886482213
1159528,29161,David Rogers,Rachel76@gmail.com,1642857707
2303799,93576,Mary Sharp,Amanda6@gmail.com,6134117575
9215196,97903,Mr. Benjamin Singh,Stefanie55@gmail.com,7792209019
7647515,84229,Todd Roach,Courtney80@gmail.com,9834841573
4294186,48698,Virginia Barnes,David1@gmail.com,1280140035
7442902,71584,John Bailey,Michele16@gmail.com,4466128363
4451962,57860,Ian Heath,James17@gmail.com,7471233447
1623508,75056,Felicia Brown,Christina55@gmail.com,9035959575
4938895,14996,Dr. Jessica Nguyen MD,Robert41@gmail.com,3338607753
5498555,93278,Stephanie Perry,Dennis36@gmail.com,9911452959
4420640,93917,Lisa Brown,Patty12@gmail.com,3623231723
1764899,23097,Lauren Miller,Kimberly70@gmail.com,5704544040
3785451,93625,Sarah Williams,Ashley23@gmail.com,1873402563
3090231,40874,Kimberly Vargas,Crystal50@gmail.com,1209640923
6760998,64272,Barbara Miller,Kelly17@gmail.com,7395807467
4596564,71443,David Serrano,Emma85@gmail.com,4737371503
2184676,46805,Allison Lynch,Deborah5@gmail.com,2163781728
6700312,53254,Ronald Parker DDS,Thomas98@gmail.com,5830593812
8923011,21258,Dr. Heather Garcia,Dale74@gmail.com,6814427754
9578284,96938,Hannah King,John37@gmail.com,3902670076
4884423,63939,Robert Whitney,Joseph23@gmail.com,9587572226
8578605,59644,Megan Martinez,Steven86@gmail.com,2975651493
8410242,75615,Janet Miller,Cheryl82@gmail.com,8193070618
8160035,56723,Alexander Bell,Debra24@gmail.com,7294540124
8715419,70669,Tracy Raymond,Amanda54@gmail.com,9595175742
4009503,37143,Terry Thompson,Chad45@gmail.com,7017356176
8166899,21579,Victoria Robinson,Jacqueline20@gmail.com,2446003926
4299910,11354,John House,Anthony25@gmail.com,4308312286
8442665,21410,Brittany Martin,Kimberly1@gmail.com,8375985008
2287074,19202,Catherine Moran,Julie41@gmail.com,1480959537
6507366,19504,Douglas Rojas,Derek78@gmail.com,7884063381
4257139,79836,Rick Rios Jr.,Sheila93@gmail.com,7598981541
4825207,51159,Mark Lee,Daniel58@gmail.com,5747106072
6570932,96512,Robert Thomas,James59@gmail.com,9059630907
6100861,95296,Timothy Mccann,Stephen45@gmail.com,2764156603
8401310,46251,Oscar Hall,Eric90@gmail.com,3425588724
9375645,73197,Ana Williams,Kaitlyn46@gmail.com,2898752277
2855020,42018,Nicole Moses,Rodney64@gmail.com,5070699702
1586542,48462,Ralph Hughes,Jason82@gmail.com,6710060650
5149779,21595,Kathleen Lee,Ralph25@gmail.com,7790903729
5446132,13831,Eric Galloway,Brian28@gmail.com,8778511447
9482257,79456,Michael Ingram,Caroline85@gmail.com,1679730061
6017401,67388,Ashley Walker,Joseph44@gmail.com,5417194085
7887517,87853,Molly Smith,Gregory61@gmail.com,4904917030
9271239,67496,Evan Brown,Jennifer50@gmail.com,3970361726
2120716,40941,Diana Klein,Tracy47@gmail.com,5485403628
8914209,68335,Robert Jefferson,Troy76@gmail.com,2686199345
8436471,52622,Adam Stanley,Patricia2@gmail.com,6463299882
6551265,43518,Franklin Murillo,James51@gmail.com,9223712542
4001716,74753,Emma Stephens,Melinda75@gmail.com,1215159421
7997312,87829,Joseph Oliver,Michael88@gmail.com,4007381328
7233384,74252,John Gonzalez,James83@gmail.com,9124814448
7693849,98704,Dr. Connie Ochoa,Anthony64@gmail.com,3068524881
3529881,68463,Joshua Andrews,Jesus71@gmail.com,8304324733
5936154,78166,Charles Palmer,David76@gmail.com,1970943663
2445778,50768,Susan Shaw,Julie14@gmail.com,6058497594
4544195,83383,Cole Leblanc,Dawn26@gmail.com,9318577744
3368290,73335,Karen Kim,Matthew85@gmail.com,7514508371
7846374,54651,Kathy Moreno,Ruben21@gmail.com,5420698155
7726297,90846,Nicholas Dalton,Stacey88@gmail.com,1777364611
6146560,63791,Timothy Barrett,Rachel3@gmail.com,3391408738
7808162,53985,Karen Parker,Sarah5@gmail.com,8609113470
9328193,46853,Angela Sexton,Sharon4@gmail.com,7358865755
6705801,83589,Kyle Craig,John69@gmail.com,9556916881
3848630,15592,Kimberly Schmidt MD,Kyle94@gmail.com,8548146348
7015680,82751,Shelley Johnson,Wendy23@gmail.com,1055446108
4638828,11681,Jessica Stephens,Faith25@gmail.com,1602733765
1057578,29620,Beth Higgins,Marcus11@gmail.com,3049075055
9298606,28222,Donna Haynes,Marie30@gmail.com,6516678940
9892779,33135,Russell Olsen,Amanda86@gmail.com,5879238805
5896828,71997,Amy Clark,Jasmine68@gmail.com,1012957427
8087617,65442,Kelsey Fox,Kelly25@gmail.com,2458090564
7370971,53333,Gary Morris,Jared1@gmail.com,4945838055
2264820,61099,Jennifer Owens,Robert96@gmail.com,4586167969
6148478,11196,Margaret Scott,Charles95@gmail.com,7243164764
8257819,48447,Vincent Estrada,Daryl17@gmail.com,9872496386
7610402,54866,Peter Arroyo,Lucas64@gmail.com,9620824603
8253077,14980,Kimberly Murphy,Christopher36@gmail.com,5392822277
8932194,60853,Robin Estrada,Jacqueline49@gmail.com,4254337930
7814308,42744,Carmen Ortiz,James20@gmail.com,2215179702
7226301,16461,Henry Morales,Maria4@gmail.com,7228269259
8150548,92244,Kyle Fleming,Christopher75@gmail.com,4937471379
7909837,28845,Bonnie Clark,Benjamin84@gmail.com,6210936938
1827012,85876,Ronald Wallace,Robert33@gmail.com,8689793183
4139635,45389,Brian Stephenson,Cheryl98@gmail.com,6752879138
7521020,67241,Andrew Kelly,Pamela82@gmail.com,1644464140
1377220,82687,Shannon Lawson,Raymond10@gmail.com,4318250521
3094394,95053,Matthew Anderson,Alicia36@gmail.com,4290997530
1086404,87795,Jessica Paul,Reginald42@gmail.com,6263410321
5486645,68451,Mark Allen,Megan13@gmail.com,4407295170
2526930,87017,Alexandra Johnson,Christopher54@gmail.com,9329175432
1828723,37640,Kelly Nelson,Kristina90@gmail.com,2814848231
4760799,58757,Leah Leach,Michael57@gmail.com,6723226972
5064581,79803,Benjamin Avery,Paul64@gmail.com,9387742695
9858401,32834,Megan Richardson,Thomas16@gmail.com,9939734601
4006549,51030,Mark Sellers,Maria84@gmail.com,1648309663
1891662,48585,Nathaniel Perez,Brittany62@gmail.com,8417370516
1074346,28789,Mr. Austin Kelley,Kelly18@gmail.com,4349308048
6489058,36554,Amanda Soto,Scott22@gmail.com,8740129318
9070993,32911,Jodi Barrett,Jerry57@gmail.com,4316664697
4037434,14560,Shelby Patterson,Ernest7@gmail.com,4215651124
6849583,46409,Gregory Mills,Phillip80@gmail.com,4613588617
2844345,57759,Elizabeth Shaw,David73@gmail.com,9714922031
7091549,93287,Lori Young,Kaitlyn84@gmail.com,6988565744
9115852,42796,Mr. Chris Hernandez,Arthur48@gmail.com,3491588900
9758197,68688,Robert Osborn,Rebecca32@gmail.com,3893391484
9484244,42894,Maria Mccarthy,Steven28@gmail.com,1439392779
8571811,42522,Kaitlyn Shaw,Laura99@gmail.com,5409632942
4632446,63076,Jessica Williams MD,Derek3@gmail.com,2772213937
9955966,28060,Joshua Smith,David83@gmail.com,3695023240
8162354,53563,Michele Brandt,Lisa85@gmail.com,9837763447
9074915,27114,Amy Ray,Allison70@gmail.com,1534927653
8689795,16621,Tanya Walker,Tracy6@gmail.com,4881836252
3676911,55832,Robert Harper,Benjamin15@gmail.com,6792092299
2356874,28667,Brandon Zhang,Michael41@gmail.com,3496717059
6595527,40303,Stacy Smith,Sarah31@gmail.com,8525648116
1744573,67525,Jamie Brown,James25@gmail.com,3941475287
1858467,38763,Christopher Sanders,Richard13@gmail.com,8591251479
3887604,23640,Mary Fowler,Jessica53@gmail.com,3088851434
1796789,18276,Kelly Johnson,Mallory80@gmail.com,5199521045
7413299,37718,Olivia Brown,Russell100@gmail.com,1376904610
9136512,24059,Ashley Luna,Sheena14@gmail.com,7946179119
5170942,80565,Derek Lester,Daniel75@gmail.com,5305275011
6388380,70269,Michael White,Karen25@gmail.com,3509870468
8279659,22243,Brandy Clark,Sharon98@gmail.com,2109012797
8965359,14712,Justin Collins,Monica59@gmail.com,2912495425
9801444,10695,Daniel Rivas,Robert93@gmail.com,8362622231
2924088,41036,Seth Adams,Nathan63@gmail.com,2863610528
5462950,80330,David Wong,David53@gmail.com,4537373057
8557092,75824,Barbara Johnson,Melissa3@gmail.com,6656682786
5422670,33992,Gregory Evans,James50@gmail.com,7064908351
6403418,19477,Adrienne Jones MD,Charles3@gmail.com,4672474294
5534067,31036,Brian Francis,Meghan41@gmail.com,6591618865
2763148,73857,Dylan Walls,Timothy8@gmail.com,5106156150
3156719,90624,Heidi Macias,William33@gmail.com,7423518677
8022132,72304,Mark Roberson,Mark17@gmail.com,2364366097
4841994,38149,Andrew Mitchell,Allison29@gmail.com,3830257956
5535009,13382,Kimberly Rivera,Megan23@gmail.com,3827778152
9850873,93063,Lawrence Turner,Melissa86@gmail.com,3127263122
2531791,33093,Tammy Lewis,Jennifer80@gmail.com,6144683493
3472664,51326,Julia Miller,Kayla96@gmail.com,3296361275
2074230,77508,Thomas Smith,Mary32@gmail.com,2676617935
4211339,24076,Tina Olson,Justin20@gmail.com,6271969273
6245879,96813,Jason Chan,Beth9@gmail.com,5954744325
4719751,15270,Jimmy Nelson,Stefanie22@gmail.com,8671842533
3419445,99111,Elizabeth Rodriguez,Melissa58@gmail.com,7591583419
2307323,72432,Mark Cook,Madison36@gmail.com,3195608257
9600996,51645,Heather Beltran,Darin57@gmail.com,9390872476
4691391,78065,Briana Johnson,Robin16@gmail.com,3073352638
4245998,63915,Alejandro Jones,Natasha35@gmail.com,9091780389
6398449,70592,Michael Rivera,Paul100@gmail.com,4629580045
1619503,11996,John White,Michael99@gmail.com,9083406147
2384766,54238,Shaun Jacobs,Michael83@gmail.com,2722148639
4507184,70655,Julia Cohen,Francisco61@gmail.com,3211927784
2823639,71057,Jack Ross,Savannah27@gmail.com,2923364758
7164936,29155,Rhonda Wilson,Melissa24@gmail.com,8847818754
8751866,46837,Cynthia Bautista,Dennis99@gmail.com,5012164850
9387609,81391,Paul Kim,Angela63@gmail.com,3113018709
2481615,25245,Gabriela Farley,Jeremy24@gmail.com,3245419808
3382240,66409,Marvin Fernandez,Angel81@gmail.com,2274816632
8243850,32148,Gary Snow,Christopher13@gmail.com,4920361421
2834880,49808,James Williams,Brittany7@gmail.com,5281544890
7422237,71257,Gabrielle Copeland,Grant10@gmail.com,2582062133
2981472,83955,Sonia Hernandez,Sean7@gmail.com,1152160703
5365026,82003,Julie Knapp,Katherine32@gmail.com,5888471809
8733859,36411,Mark Mcknight,Samantha52@gmail.com,3640224465
2079145,42211,Katherine Gonzalez,Julie23@gmail.com,1735845164
8376354,30697,Stephanie Cruz,Morgan84@gmail.com,4142051762
1843247,49311,Michael Nielsen,Lori95@gmail.com,8965551260
9841021,37284,Richard Allen,Anna19@gmail.com,5201430975
3280499,98065,Jeffrey Anderson,Ernest89@gmail.com,9243357973
6256377,70636,Mr. Brett Marquez,Meghan57@gmail.com,4419486229
2112716,13688,Lindsey Cox,Carlos29@gmail.com,6891303481
7237069,38739,Lisa Lopez,Becky80@gmail.com,8915541593
8066731,86259,Jessica Griffin,Nicole17@gmail.com,4475855658
4517163,26521,Matthew Reynolds,Karen17@gmail.com,5662504611
5255350,65601,Corey West,Robert59@gmail.com,2676747465
7183714,62456,David Glover,Amy22@gmail.com,4530229472
7618672,78913,Andre Martinez,Chad5@gmail.com,5885789642
5911787,71992,Rebecca Davis,Carlos34@gmail.com,8048816908
7562657,72577,Randall Davis,Angela85@gmail.com,1149333784
5834674,36543,Kimberly Moore,Andrew68@gmail.com,7477857357
2646105,28047,Brandy Glover,Joshua57@gmail.com,3533611396
1210359,59930,Katie Schaefer,Michele50@gmail.com,5501916946
7391851,29594,Theresa Brown,Christina13@gmail.com,6987347761
7107397,22376,Justin Hess,Melissa48@gmail.com,6144328168
4243746,63429,Howard Thomas,Mary16@gmail.com,7643826862
7823301,45770,Jonathan Adams,Brittany17@gmail.com,2457903420
7231559,71336,Tammy Smith,Zachary34@gmail.com,8775562657
3811170,71417,Joshua Carroll,Caleb98@gmail.com,3573889529
6417627,64607,Nathan Morris,Jeffrey71@gmail.com,7169316452
3514219,35008,Dawn Kelley,Stephen29@gmail.com,2474561471
6026190,56870,Gary Hansen,Marvin58@gmail.com,6665688020
1169512,34635,Marie Compton,Amanda40@gmail.com,3340589703
4060821,74264,Mrs. Katherine Coffey,Christine95@gmail.com,5637584814
6831851,33713,Robin Moore,Ariel49@gmail.com,8899059407
9732920,12423,Melissa Benson,Jerry100@gmail.com,4560779551
9196712,10526,Rhonda Mitchell,Jacob47@gmail.com,9948372475
5226974,77730,Eduardo Ramos,Laura52@gmail.com,5887603983
4549255,77375,Cody Moran,John36@gmail.com,7259880834
5763288,50257,Anthony Walsh,Sue13@gmail.com,1235952377
5865751,47472,Dr. Robert Martinez,Melissa64@gmail.com,7345603148
8535238,56390,Casey Jefferson,Adam71@gmail.com,2323120408
8493545,70856,David Hunt,Mary77@gmail.com,3405858520
9908496,21604,Joshua Cooper,Alexis61@gmail.com,2161776441
1383226,90061,Katrina Huynh,Devon29@gmail.com,6810138425
9279062,80101,Brian Stewart,Claire63@gmail.com,3431783325
9161469,12252,Jeremy Johnson,Madison36@gmail.com,1801035881
7876426,77921,John Williams,Joshua96@gmail.com,1848873727
3134173,55553,John Chapman,Jeremy41@gmail.com,6693342248
8429227,15906,Debra Wright,Kelly99@gmail.com,4939627033
7783156,31885,Madison Pruitt,Laura38@gmail.com,3912597478
2595392,98834,Andrew Gordon,Preston38@gmail.com,3291800032
3245299,78162,Brian Vazquez,Jennifer21@gmail.com,8842234201
8507526,52478,Sara Stone,Melinda55@gmail.com,7541299843
9205492,41800,Gregory Miller,Rhonda12@gmail.com,8896429739
1103242,16537,Michael Smith,Dalton95@gmail.com,8841510313
7097726,43487,Rachel Hayes,Jennifer50@gmail.com,9264317161
2168326,32802,Billy Martinez,Amy28@gmail.com,3314762142
3708537,90885,Jessica Jones,Lisa1@gmail.com,6493250076
9026334,37179,Tiffany Carney DDS,Samantha60@gmail.com,9607451272
1482059,53027,Brandon Gonzalez,Sandra19@gmail.com,9770804738
4803602,38626,Travis Woods,Keith2@gmail.com,6331245297
5386945,87004,Christina Taylor,George57@gmail.com,4397302010
3361760,60570,Victoria Robbins,Ricardo6@gmail.com,5992705359
2368600,99956,William Lee,Kenneth27@gmail.com,7476511672
3879708,92974,Donna Fuller,Stacey32@gmail.com,6836679977
5971402,56821,Mr. Brian Li DVM,Joshua73@gmail.com,2923998656
8888273,54454,Mark Fry,Jeffery30@gmail.com,6629468468
2066383,82681,Jennifer Zimmerman,David80@gmail.com,1804510852
7044788,21477,Travis Gray,Charles56@gmail.com,8846919685
8938573,24550,Michelle Smith,Jessica37@gmail.com,3903722880
9191488,44614,Willie Baker,Robert97@gmail.com,6860404936
1415042,63547,John Hall,Jonathan48@gmail.com,2207846954
5844101,84760,Erika Thompson,Mindy70@gmail.com,7786270246
7764213,23564,Jasmin Hardy,Jacqueline85@gmail.com,8044907202
6764358,15327,Gregory Young,Jack86@gmail.com,3353643608
1369592,47133,William Mcbride Jr.,Darrell49@gmail.com,2091756890
9092494,83284,Steven Franklin,Kelli66@gmail.com,7174516835
7650388,51933,Luis Norton,Ashley69@gmail.com,4893533344
9233486,63426,Duane Blair,Chad22@gmail.com,8600828366
2714829,35207,Joshua Orozco,John11@gmail.com,7159994149
5702356,89081,Jesse Kirby,Chris9@gmail.com,5274324333
7844999,34433,Robert Salinas,Amanda84@gmail.com,4908363583
9788029,32834,Jared Smith,Timothy68@gmail.com,3060089085
8895169,46797,Erica Brown,Paula18@gmail.com,1484325529
6734671,41875,Heidi Duke,Ashlee55@gmail.com,6529775464
2321424,85247,Douglas Smith,Morgan4@gmail.com,2444366641
6343192,97516,Kenneth Valdez,Courtney29@gmail.com,8027878555
9779374,66348,Savannah Smith,Chris100@gmail.com,4463535452
4843820,65135,Jennifer Williams,Tiffany23@gmail.com,7799417287
4067804,74507,Jonathan Klein,Sheryl5@gmail.com,2519578622
7701802,25910,Jenna Fuentes,Joseph41@gmail.com,3564804670
9403652,13116,Cheryl George,Heather49@gmail.com,6121048037
1603651,11497,Neil Kramer,Bailey76@gmail.com,2882078612
5146694,88746,Nicholas Coleman,Amanda65@gmail.com,2996306334
5820529,74817,Mario Bush,Christopher93@gmail.com,7090100630
1482975,77014,Dennis Joyce,Virginia83@gmail.com,5535110164
4800850,87807,Brenda Wu,Amanda51@gmail.com,3972465441
7432700,87883,Jacqueline White,David29@gmail.com,8269557736
6349711,63341,Lisa Burke,Jamie22@gmail.com,6953215269
6455463,60024,Joe King,Tamara72@gmail.com,8305416761
4478324,68896,Andre Dalton,Aimee29@gmail.com,1621163811
2761612,37497,Vanessa Nguyen,Christina14@gmail.com,8670669491
8813692,16953,Martha Nelson,Kevin23@gmail.com,4610682957
8605880,14937,Ryan Perry,Jack20@gmail.com,5186292462
4098643,14411,Thomas Velazquez,Joel87@gmail.com,3971690693
4820965,24320,Patty Woods,Erin92@gmail.com,2239416877
9070988,48585,Donna Tyler,Jonathan95@gmail.com,8380144244
8606279,86054,Rebecca Williams,Melissa77@gmail.com,4204142989
5861065,96100,Chase Gutierrez PhD,Ashley56@gmail.com,9269320191
8492856,59089,Joel Jones,Nathan32@gmail.com,7141307293
2348261,70059,Rachael Navarro,Amber67@gmail.com,7600542527
9704196,98691,Patricia Patterson,Robert29@gmail.com,8020027022
7534533,12365,Heather Gonzales,Carrie66@gmail.com,9940895076
3821086,15712,William Waters,Daniel52@gmail.com,9308605231
3033844,60390,Larry Moran,Kimberly5@gmail.com,9059588926
1674434,89472,Melissa Hawkins DDS,Donald62@gmail.com,7218574943
4705469,67081,Michelle Russell,Victoria37@gmail.com,4823782982
9814331,42803,Robin Smith,Mitchell22@gmail.com,9977963278
9137621,20874,Amy Saunders,Kelly94@gmail.com,5374348060
9832324,55522,Eric Johnson,David81@gmail.com,6560293091
7149034,32355,Angela Munoz,Yvonne68@gmail.com,5382637669
3177599,64028,Catherine Rodriguez,Bryan15@gmail.com,6025339491
5122896,96916,Mario Duarte,Jose34@gmail.com,8998508448
8332880,71552,Laura Stone,Michelle31@gmail.com,6366588006
9665056,29893,Jennifer Thomas,Katie28@gmail.com,6554623223
4256749,86364,Kevin Bishop,Daniel63@gmail.com,6977006777
5129870,19613,Rachael Parker,Jeremy92@gmail.com,1275957442
9506508,36318,Kristen Jordan,Ana27@gmail.com,6216881491
2043123,91154,Alyssa Powers,Stephanie94@gmail.com,1294124547
8409362,41923,Courtney Clay,Todd33@gmail.com,6620289710
1153403,25476,Mr. Nathan Bishop DVM,Lisa97@gmail.com,3139388782
3827550,24231,Amanda Hicks,Christopher9@gmail.com,2627757160
6668026,14370,Christopher Frazier,Tracy63@gmail.com,1647665752
5170844,43703,Margaret Barker DVM,Kevin31@gmail.com,5448542970
6284227,62486,Beth Orozco,John80@gmail.com,8709072202
2543795,33285,Robert Payne,Rebecca30@gmail.com,6147552478
2585427,17174,Michael Williams,Nicholas8@gmail.com,5187847222
5986665,94323,Lynn Williams,John81@gmail.com,7684739852
5490838,62549,Jordan Davis,Matthew27@gmail.com,1314058466
8935851,97282,Diana Lopez MD,Olivia72@gmail.com,9133287182
4495323,27633,David Tanner,Peter71@gmail.com,5840610107
8575650,34013,Teresa George,John70@gmail.com,9800853218
9436852,94503,Robert Jackson,Christian98@gmail.com,8335412567
3934507,85726,Shannon Thomas,Jacob44@gmail.com,2869872721
5725149,93419,Zachary Hayes,Jeffrey90@gmail.com,1144177604
5316481,86994,Ruth Taylor,Heather53@gmail.com,3147890225
6630508,38078,Nicholas Murray,William51@gmail.com,4506691162
7870552,48061,Kelli Foster,Jennifer60@gmail.com,2080116662
3465797,57017,Charles Williams,Cathy60@gmail.com,2255674219
3181558,71241,Dana Bruce,Jessica94@gmail.com,3520095920
7410424,13333,Anthony Soto,Michael42@gmail.com,8956898326
3874179,58710,Juan Reynolds,Ryan65@gmail.com,4080038527
7284604,35161,Kimberly Gregory,Jesse80@gmail.com,8633182396
4001994,12964,Samantha Perry,Yvonne49@gmail.com,6994047314
3592915,20106,Martin Evans,Kaitlyn77@gmail.com,4031158618
1872684,81651,Haley Mills,Phyllis57@gmail.com,5050138237
7434663,12034,Ashley Holloway,Steven18@gmail.com,8598152374
7074343,97925,Joshua Smith,Deborah73@gmail.com,7708865309
4572954,96427,Peter Sutton,Ruth33@gmail.com,7610439235
7564609,10062,Alice Gonzalez,Daniel81@gmail.com,4579942108
7808133,76123,Michelle Perry,Sarah22@gmail.com,6647570252
8142853,39989,Samuel Smith,Andrea65@gmail.com,6134864481
7517902,56233,Thomas Jackson,John75@gmail.com,6194016921
9062013,42985,Jeffrey Lawson,Nichole36@gmail.com,5312583672
9051073,19456,Barbara Kemp,Luke30@gmail.com,3859058827
9524894,43467,Johnathan Preston,James90@gmail.com,5238770048
2440922,41932,Emily Harris DVM,Shaun2@gmail.com,4917307947
6198114,50496,Christopher Cunningham,Shelly25@gmail.com,1681710783
5271712,15028,Kelsey Williams,Marcia53@gmail.com,3623091574
6845985,41361,Daniel Sanchez,Richard94@gmail.com,5740326064
9941257,85872,Mary Sherman,Shannon75@gmail.com,3083653552
3818500,50953,Krystal Sims,Stephen45@gmail.com,9450343971
7512297,86414,Jean Holland,Gregory4@gmail.com,5937115077
4152453,73304,James Mcdonald,Don41@gmail.com,9503119568
7523114,83467,Daniel Barnes,Mitchell82@gmail.com,8592563361
4112156,33325,Joshua Wagner,John17@gmail.com,2408740572
9920058,84884,Elizabeth Morales,Natalie52@gmail.com,2949218919
6429248,86805,Craig Ramirez,Austin75@gmail.com,4945456258
6938292,25345,Hunter Mcdonald,David7@gmail.com,9336787433
9266789,49211,Bradley Ingram,Calvin2@gmail.com,7792414815
3711899,12514,Sabrina Lucas,Michael60@gmail.com,9853889399
8967078,59447,Renee Crawford,Kevin10@gmail.com,3791541044
2483110,18092,Margaret Johnson,Justin19@gmail.com,3494739863
6883006,78545,Megan Barajas,Charles89@gmail.com,3645259192
4155603,49105,Ryan Brown,Joshua12@gmail.com,2264730602
2934577,81859,Michael Jones,Raven65@gmail.com,5802795894
7040971,52631,Richard Nash,Paul60@gmail.com,5809122129
7885906,87508,Stephen Pitts,Tiffany82@gmail.com,4936179573
8922899,95432,Larry Hurst,April78@gmail.com,8251777940
9827411,29451,Andrew Stephens,Lisa55@gmail.com,7159065235
1599908,16213,Brenda Lambert,James18@gmail.com,3284417227
5131469,38949,Jose Davis,Jennifer12@gmail.com,1540288908
7481259,37487,Mark Goodwin,Vanessa88@gmail.com,1484991274
5718904,36675,Gary Moore,Jennifer63@gmail.com,7981879177
8245433,68955,Brittany Johnson,Sarah48@gmail.com,3197522129
7633284,76150,Brittany Johnson,Natalie93@gmail.com,3900483672
4655913,42876,Luke Avery,Todd54@gmail.com,3443079548
5417806,12668,James Golden,Francisco45@gmail.com,2865121904
7913730,10015,Ryan Weber,Chad78@gmail.com,5762173699
2107499,11452,Lisa Lynch,Austin50@gmail.com,3583260528
3974224,70335,Colleen Phillips,Melvin86@gmail.com,9108689325
3477931,36818,Sharon Jackson,Jerome23@gmail.com,7855820264
5952236,42338,Jeremy Jackson,Benjamin65@gmail.com,8007032745
3325811,60044,Justin Garcia,Tammy44@gmail.com,9945126434
7921505,59738,Nathan Brown,Marilyn100@gmail.com,1179453318
9390088,16385,Michael Maldonado,Richard95@gmail.com,1840547773
3788239,33608,Andrew Roman,Catherine87@gmail.com,6673599604
4083509,57120,Angela Garrison,Kevin18@gmail.com,3950004077
5541880,15514,Jesse Robertson,Alex100@gmail.com,3163255611
9024383,20259,Brittany Ritter,Samuel86@gmail.com,6276922232
5126749,17609,Julie Strickland,Kyle99@gmail.com,7156045210
4822275,16423,Kurt Maldonado,Deanna36@gmail.com,5843845524
2799476,79871,Tyler Fuller,Tony68@gmail.com,2305463034
9053592,93831,Sarah Cameron,Zachary37@gmail.com,7907005053
7083010,92017,James King,Sherry30@gmail.com,1315704599
1698901,72656,Jennifer Moore,William30@gmail.com,7394775633
7856156,44448,Donald Allen,Holly100@gmail.com,6315506979
1230165,52005,Anthony Mckay,Theresa84@gmail.com,1292293499
4399579,30840,Mason Ball,William9@gmail.com,9683509882
8789907,16119,Chelsea Burke,Kristina10@gmail.com,3849518314
1352842,80085,Valerie Martinez,Douglas67@gmail.com,9044016480
3425610,74289,Lisa Robbins,Jeff58@gmail.com,7006861353
9685967,78072,Jamie Ruiz,Bianca52@gmail.com,8653093777
1003558,27092,Christine Farrell,Sandra83@gmail.com,6767460005
6907464,73594,Steven Williams,Joseph56@gmail.com,1659592041
7486798,25978,Joseph Fisher,Hannah70@gmail.com,8719582201
3108364,56926,Mary Roberts,Mariah73@gmail.com,5379081243
1361629,99394,Robert Ortega,Jason67@gmail.com,7494427332
6168382,66600,Jared Rhodes,Mark42@gmail.com,7680891633
1163950,76633,Kimberly Meadows,Clifford15@gmail.com,5931684186
8760938,32032,Corey Rodriguez,Kimberly90@gmail.com,5034425752
6770477,41933,Sara Santos,Caleb20@gmail.com,3335454790
7647453,13959,Lisa Clark,Ronald6@gmail.com,3758479687
3014364,99807,Adam Kelly,Rebecca27@gmail.com,8791853795
1151506,87738,Alexis Patrick,Kelly40@gmail.com,6009187311
5835457,97383,Chad Castillo,Jason62@gmail.com,8433072500
9198033,56536,Katie Velez,Cindy61@gmail.com,5123532061
4527008,12175,Alexa Ross,Matthew23@gmail.com,2609125318
9507715,29068,Tammy Walters,William1@gmail.com,6088453444
9148946,41606,Daniel Ortega,Patrick27@gmail.com,5176250880
7056168,88440,Ryan Ryan,Judy78@gmail.com,6903518814
8125817,65752,Stephanie Bradley,Kimberly94@gmail.com,1238040139
9416597,64089,Benjamin Smith,David5@gmail.com,5425186791
9523748,85236,Kelly Garner,Sandra86@gmail.com,4686157204
4705208,71598,Rebecca Anderson,Chad86@gmail.com,3130221943
8278264,47233,Melinda Sandoval,April76@gmail.com,9276056306
2637905,69736,Diana Nichols,Joseph18@gmail.com,9329636671
9504231,84760,Leslie Wallace,Thomas98@gmail.com,7798867879
9697672,41934,Christina Stevens,James68@gmail.com,6064522353
1535401,86946,Wayne Roth,Stanley43@gmail.com,7354598874
4539787,96589,Brian Nelson,Catherine78@gmail.com,8650089121
5385964,83326,Melissa Martinez,Lisa21@gmail.com,4740778203
6286655,44191,Steve Smith,Peggy98@gmail.com,2700356929
2317358,93040,Xavier Byrd,Tracy5@gmail.com,6275323219
5687262,34487,Bradley Solomon,Sharon63@gmail.com,3593358169
1915666,19688,Samantha Mitchell,Sean64@gmail.com,1376271106
9084199,33063,Yolanda Michael,Matthew26@gmail.com,2607634668
9043048,17324,Victoria White,Teresa32@gmail.com,1915731213
5989775,34052,Jessica Orr,Jamie27@gmail.com,5437481702
9074112,77539,Janet Larson,Scott53@gmail.com,8900116882
3496075,41833,Brenda Roach,Angel12@gmail.com,5454876197
7520496,80249,Mario Maxwell,Craig86@gmail.com,8148765734
8624435,63095,Jason Blake,David15@gmail.com,4998798573
3113581,68048,Jennifer Young,Yvonne20@gmail.com,3489501388
3218773,89594,Beth King,Kenneth31@gmail.com,4610811401
4301749,29560,Charles Hammond,Tyler87@gmail.com,5356280295
4230762,55216,Edward Hampton,Kayla44@gmail.com,9381633323
3042975,86870,Dale Weeks,Megan84@gmail.com,7834945269
6507097,42782,Sarah Terrell,Michael51@gmail.com,6673823630
8500451,34741,Stephen Williams,Erica58@gmail.com,3903120207
9474997,10570,Jessica Frey,Michelle99@gmail.com,3585500668
1901473,84824,Tracy Davis,Joshua89@gmail.com,5000640036
4279332,27855,Tina Garcia,Alicia14@gmail.com,2578850975
9391780,70566,Katherine Hamilton,Patricia72@gmail.com,7289317821
6310329,58352,Laura Daniels,Diane25@gmail.com,2065348041
4789064,35328,Molly Stone,Amanda81@gmail.com,5629119501
5799369,15345,Garrett Mann,Robert47@gmail.com,2443029994
4943376,59682,Lisa Parker,Ryan8@gmail.com,2058038557
4054161,20820,Susan Jackson,Julie24@gmail.com,2686895471
2684546,35973,Lance West,James15@gmail.com,8795864637
8239843,96829,Ronald Johnson,Cheryl37@gmail.com,8878203843
2846823,21160,Megan Soto,Veronica44@gmail.com,6886646493
1372980,45954,Randy Kent,John15@gmail.com,8159745903
8574076,63679,Kimberly Vaughn,Mark98@gmail.com,9729267570
8425035,64796,Monica Padilla,Michelle69@gmail.com,6844233898
6225118,41109,Jake King,John39@gmail.com,8900275294
6636931,81328,Tiffany Frazier,Jill74@gmail.com,1708779876
6272784,91764,Jennifer Smith,Jose60@gmail.com,9879490339
1077529,65787,Brian Oconnell,Michael23@gmail.com,6366283144
4303652,32872,Peter Fernandez,Antonio39@gmail.com,3353385202
5015469,54774,Norman Reynolds,Jonathan66@gmail.com,8214412621
8642528,43504,Dustin Brown,Nicole32@gmail.com,9124202884
7241324,83452,Robin Townsend,Kenneth70@gmail.com,2368702247
1059579,51587,Stacy Miller,Kenneth35@gmail.com,1640075985
7855133,60678,Barbara Huffman,Diana51@gmail.com,5454854802
6214552,56566,Christopher Hughes,Angela81@gmail.com,6410160210
5356935,31163,Susan Kramer,Mathew66@gmail.com,8955924124
6851004,96882,Eric Russell,Adam58@gmail.com,4403177421
3059239,68519,Erica Rollins,Charles100@gmail.com,7768610107
6498992,96172,Nathan Hansen,Robert17@gmail.com,7684377487
5579876,12436,Hector Mccann,Lisa9@gmail.com,9539954663
8214747,12816,Ashley Howard,Amber1@gmail.com,1953636479
6052462,67055,Colin Thomas,Stephanie26@gmail.com,7872057400
6637878,12211,Tracey Archer,Andrea99@gmail.com,1122824405
7393066,83158,Amber Brown,Daniel98@gmail.com,6228563524
1624286,90980,Charles Lang,Kevin40@gmail.com,4438090504
4754523,37914,Rebecca Huang,Ryan27@gmail.com,5370080536
4664510,86634,Connor Gomez,Vanessa95@gmail.com,8397005182
3516474,39764,Michael Pace,Jasmine40@gmail.com,9525906850
6357907,66530,Ronnie Williams,Stephanie85@gmail.com,8955164299
4433005,65110,Amanda Mcgee,Jared28@gmail.com,1782290149
6381786,58479,Katherine Smith,Ashley70@gmail.com,4608223110
4644811,71189,Ronald Gibson,Beth6@gmail.com,1578705487
7011523,31587,Melinda Robinson,Stephanie40@gmail.com,5084480536
6667252,92256,Brad Flores,Dana60@gmail.com,6975617515
4579225,15749,Sarah Holder,Phillip3@gmail.com,3359081576
6901322,51452,Morgan Rojas MD,Scott72@gmail.com,4007587347
2293408,54105,Jeffrey Mccormick,Teresa28@gmail.com,8496066855
7372825,78377,Jacqueline Barber,Autumn77@gmail.com,1273078062
4815036,39408,Reginald Sullivan,Stephanie33@gmail.com,4831832043
9433318,82100,Jackson Brown,Sandra99@gmail.com,4016783617
8615479,42033,Vickie Stewart,Charles17@gmail.com,9639740411
7087130,87620,Henry Pena,Antonio80@gmail.com,5170917827
6820649,56854,David Garcia,Molly87@gmail.com,5070508396
3071489,20181,Angela Hensley,Melissa31@gmail.com,9910174048
3255876,56202,Nicole Robinson,Kevin57@gmail.com,4669703093
4290658,70742,Zachary Lutz,Zachary69@gmail.com,2293449211
1325998,94883,William Jackson,Reginald89@gmail.com,9905270709
3495736,16196,Jesus Davidson,Cynthia24@gmail.com,6987013217
6420841,11819,Kyle Snyder,Martin91@gmail.com,9701524491
9666967,33266,Melissa Jenkins,Edward80@gmail.com,6401939578
1277144,23915,Lindsey Snyder,Sean20@gmail.com,2764962439
6191240,87513,Mark Contreras,Roberta7@gmail.com,1682778468
9585426,24320,Catherine Richard,Shannon59@gmail.com,7347040123
2942545,20591,Wendy Richard,Hannah23@gmail.com,9388595275
8579359,67813,Jonathan Vaughan,Molly95@gmail.com,4930673370
8698338,35601,Todd Reynolds,Bradley100@gmail.com,4924563689
3977980,99560,Barbara Sanders,Thomas6@gmail.com,2642140383
6280015,16053,Jake Smith,Jorge89@gmail.com,2403432148
4624171,68986,Stephanie Harris,Margaret78@gmail.com,1456385651
7665992,77963,Julie Guerrero,Cynthia23@gmail.com,8686874174
6035859,46045,Bridget Harper,Stephanie59@gmail.com,8391877742
2509406,41839,Scott Kerr,Matthew21@gmail.com,9978808897
2886550,87043,Michele Kim,Andrew74@gmail.com,2117305355
8436777,58309,Paige Marquez,Brandon4@gmail.com,1562428406
2022112,35344,Steven Long,Jenna65@gmail.com,4139693753
8309070,84750,Christopher Jackson,Rodney66@gmail.com,7387939423
6777346,59108,Jennifer Robinson,Jessica82@gmail.com,6198535434
7068967,29292,Mackenzie Roth,Rhonda96@gmail.com,9257642746
4925028,29695,Zachary Anderson,Matthew15@gmail.com,6193259647
7767234,83061,Kurt Hancock,Jessica27@gmail.com,1358634825
2483924,72549,Jamie Edwards,Arthur67@gmail.com,4575589552
3448421,25182,Kristina Williams,Robert36@gmail.com,1768018130
5456567,44002,Jaclyn Smith,Larry76@gmail.com,8058271881
3591423,51109,Justin Baker,Sabrina70@gmail.com,3644713302
5624309,50270,Jonathan Cox,Matthew12@gmail.com,9740496108
2597313,85193,Kayla Gonzalez,Scott84@gmail.com,3530026816
7622970,25403,Katrina Perez,Brad96@gmail.com,7850660067
2621323,65273,Terry Hodges,Yvonne74@gmail.com,8815897849
6420218,58989,Tyler Mckinney,Charles31@gmail.com,3422387333
1170860,48623,Cheryl King,James84@gmail.com,4137875837
2439661,10399,Darius Lane,Tyler95@gmail.com,6924563679
6927701,67037,Natasha Charles,Judith70@gmail.com,9125431610
1600386,79478,Kyle Whitaker,Jeremy77@gmail.com,9410591123
6390682,52379,Adam Grant,Cynthia14@gmail.com,6024409922
9050195,10184,Susan Wilson,Daniel87@gmail.com,7357502903
1396755,15665,Christopher Williams,Brittney56@gmail.com,2663368539
6337222,47465,Mr. Eric Jones MD,Sara2@gmail.com,7656177665
8729333,36649,Tyler Sexton,Jonathon72@gmail.com,4095999388
4213083,46655,Susan Molina,Robert36@gmail.com,3240271345
8727320,64300,Kristin Gonzales,Ricardo44@gmail.com,1163799169
4271842,71791,Paige Bennett,Andrea43@gmail.com,9481040559
8476905,17577,Michael Stevens,Tyler27@gmail.com,1204950909
3142883,75386,Andrea Martinez,George59@gmail.com,2980024202
8689014,44945,Mark Perez,Peter24@gmail.com,2606198656
6793606,38531,Michael Lewis,Thomas13@gmail.com,2379422873
3137488,64382,Kent Ball,Jennifer22@gmail.com,1550201105
4218282,23844,Amanda Knight,Jennifer78@gmail.com,7789772196
1119416,45790,Danielle Lewis,Jasmine73@gmail.com,5327064603
6895585,44289,Terry Brown,Alicia41@gmail.com,6594162582
6398491,75750,Bradley Martin,Ryan63@gmail.com,3168089164
8160526,60138,Jeremy Khan,Arthur82@gmail.com,2447438839
2377891,31589,Deborah Welch,Denise56@gmail.com,6393974763
1912163,48284,Jason Carroll,Sherry81@gmail.com,4211615180
8602708,12847,Christopher Roberts,Patrick49@gmail.com,4691319758
9279752,82410,John Taylor,Meghan95@gmail.com,5538098607
9380682,53615,Tony Mason,Kristen49@gmail.com,1297735218
8743092,64466,Jason Griffin,Alexander93@gmail.com,9971563115
5472762,65072,Debra Cunningham,Kimberly20@gmail.com,7308015304
4043441,88783,Lori Vang,Michele44@gmail.com,8825151743
8604140,98106,Victoria Perez,Zachary36@gmail.com,4754894437
4370104,64029,Valerie Hudson,Michael16@gmail.com,8821988214
5249148,66141,Jesse Davis,Javier81@gmail.com,9394181762
8007131,53354,Jessica Gay,Charles81@gmail.com,5838859622
4469312,81860,Betty Heath,Cindy28@gmail.com,9287584088
4700989,99387,Susan Wilson,Stephanie60@gmail.com,2623172245
7769152,61674,Beth Byrd,Michael51@gmail.com,6273194567
3139065,92070,Laura Huff,Steven36@gmail.com,7736866199
8675849,93683,David Marshall,Laura51@gmail.com,6836747813
5796063,77662,Jasmin Campbell,Amy99@gmail.com,4006834389
7535052,41789,Mr. John Young,Sara86@gmail.com,6932407917
8771782,81788,Donald Lopez,Robert31@gmail.com,3896703644
1934559,80832,Janet Osborne,Michael78@gmail.com,3720254717
4652304,26851,Elizabeth Jackson,Susan69@gmail.com,6998569273
9412040,33406,Sheena Allen,Lindsey79@gmail.com,1946259118
1580728,83652,Valerie White,Samantha85@gmail.com,1573713816
1078465,25849,Ivan Simmons,Trevor10@gmail.com,3039013497
1156717,20005,David Browning,Michael76@gmail.com,3417242210
3433346,71558,Erik Nelson,Jessica58@gmail.com,7253940367
2505949,98616,Laurie Ross,Jennifer47@gmail.com,3914015378
4411989,14125,David Miller,Bobby86@gmail.com,4558628455
7198722,58278,Debra Miller,Amanda40@gmail.com,3055558117
7853717,39564,Robert Chavez,Ronnie61@gmail.com,9081290023
6603615,19767,Vanessa Fuller DDS,Melissa40@gmail.com,2608651505
9987758,64703,Whitney Villarreal,Ronald47@gmail.com,6096658034
5476469,93303,Anthony Payne,Joseph72@gmail.com,9883035267
1168416,72527,Wendy White,Jamie51@gmail.com,1050986866
4575987,13724,Christopher Cox,Crystal53@gmail.com,5835710693
7114054,73746,Christopher Smith,Amanda32@gmail.com,1968808361
4085701,42745,Travis Williams,Daniel58@gmail.com,1075916704
1991804,67782,Jeffrey Kerr,Daniel84@gmail.com,3843608019
6316609,80048,Jeremy Tucker,Joseph40@gmail.com,3763632628
7176556,98190,Michelle Petty,Kim3@gmail.com,2053246461
9111299,56876,Sierra Mejia,Elizabeth81@gmail.com,7337487990
9462130,87635,Michael Fisher,Michael99@gmail.com,2293923764
5121604,54475,Mary Harris,Valerie11@gmail.com,9536902792
2821046,86812,Dustin Ayers,James95@gmail.com,6660078458
4977994,91138,Elizabeth Smith,Alex20@gmail.com,3024317701
8442748,77395,Anna Phillips,Andrew23@gmail.com,3737914003
6693918,36973,Joel Wells,Dennis92@gmail.com,9257411078
6781429,15345,Christina Williams,Bridget27@gmail.com,1000918397
6772612,53313,Jennifer Townsend,Matthew32@gmail.com,5898458993
7213619,98523,Edward Shea,Lindsey76@gmail.com,5596424628
3383548,56328,Erica Martin,Ronnie85@gmail.com,8428953337
8177828,66773,Christy Miller,Ryan12@gmail.com,9430506995
5310010,67903,Jennifer Benson,Christina83@gmail.com,7447890355
2301333,51737,Mark Martinez,Amanda99@gmail.com,6010787362
7245377,10086,Cole Gibbs,Jeanne95@gmail.com,4978872282
4358927,79123,James Harper,Douglas51@gmail.com,4756174276
5086334,89742,James Ryan,Francis100@gmail.com,2001549079
5230764,59023,Michael Patel,Kenneth40@gmail.com,2055202198
1450381,99366,Danielle Allen,Latoya49@gmail.com,6303120906
6183488,84581,Tina Munoz,Caitlin44@gmail.com,9705213016
7871028,61105,Stephanie Bruce,Kimberly12@gmail.com,5754085941
8446846,77696,Eric Johnson,Dawn98@gmail.com,5441054941
9655119,29752,Ashley Wright,Michael88@gmail.com,6703694768
1981492,18741,Frances Howell,Carol80@gmail.com,8818576365
4400476,39966,Stephanie Ross,Roger58@gmail.com,2802362484
3729950,97068,Luis Vaughn,Tyrone92@gmail.com,2255060045
3083417,90449,Michael Ruiz,Michelle48@gmail.com,9120275893
8816038,66494,Brandon Patton,Bruce57@gmail.com,4433740079
5917790,19705,Greg Mercado,Christine23@gmail.com,1532192652
8335537,86023,Veronica Anderson,Michelle87@gmail.com,8207297188
3598689,31592,David Freeman,Courtney56@gmail.com,6497244262
2785521,75015,Jason Burke,Ronald23@gmail.com,8593172395
5056596,10037,Robert Wilson,James32@gmail.com,1226991860
2179436,73947,Mary Ramos,Thomas35@gmail.com,4943947969
5660890,29938,David Johnson,Michael85@gmail.com,1846120101
7976958,60092,Corey Freeman,David14@gmail.com,2975333896
8342479,21980,Melissa Heath,Ruth14@gmail.com,1405914393
1699692,83798,Matthew Sawyer,Mary40@gmail.com,6270106694
7284829,46195,Lori Hebert,Jason8@gmail.com,8420772368
9814176,84990,Kevin Reynolds,Mario48@gmail.com,4092444696
5841020,18224,John Clark,Jennifer61@gmail.com,8156279972
9425742,45883,Kevin Ibarra,Barry84@gmail.com,6801094572
7696363,11041,Stephanie Lee,Michael64@gmail.com,4172093873
8044883,69977,Jeremy Harrison,Grant69@gmail.com,8563246820
8649868,17307,Katrina Carson,Jacob47@gmail.com,8067373344
8501868,31380,Bradley Wilson,Rebecca77@gmail.com,5963404116
1946440,89605,Jeffrey Crawford,Sabrina57@gmail.com,9448335907
6031263,71313,Christian Conley,Michael70@gmail.com,7900761076
6238621,95048,Shannon Ortega,Sara12@gmail.com,3422718869
6460584,66171,Michele Steele,Edward12@gmail.com,9371483055
3385663,11047,Joe Richardson,Joshua78@gmail.com,2335026114
8642330,84323,Amanda Carson,Leslie35@gmail.com,8134074719
4047338,58116,Valerie Anderson,Jason33@gmail.com,7109858122
4285582,77351,Katelyn Castaneda,Patricia35@gmail.com,2487095404
7109323,81259,Patricia Le,Jennifer88@gmail.com,9173104627
4108023,61041,David Nelson,Wanda91@gmail.com,9776726499
7611562,50286,Heidi Duke,Lisa16@gmail.com,9837569745
4160922,23344,Darrell Collins,Abigail40@gmail.com,1134234963
4156976,88609,Tracey Parker,David52@gmail.com,3671289904
5250747,22895,Alicia Wilson,Brent48@gmail.com,3113405485
5675457,96861,Damon Beltran,Michael59@gmail.com,8259572332
4117992,19944,Gary Larson,Victoria1@gmail.com,1336623366
4254412,44228,Kyle Davila,Jennifer95@gmail.com,9463561298
9764077,42975,Leroy Powers,Christopher2@gmail.com,1269026372
5865323,71830,Michael Jones,William18@gmail.com,1214995828
7919454,66533,James Cohen,Douglas100@gmail.com,4739749243
7880276,54502,Margaret Gilbert,Katie5@gmail.com,4294386992
2554789,81430,Megan Wilson,Timothy32@gmail.com,5607549146
5537731,15174,Alejandra Smith,Jennifer27@gmail.com,4241866545
6706748,97254,Kimberly Hamilton,Justin18@gmail.com,3856671846
5596740,30881,Zachary Jefferson,Chelsea97@gmail.com,4775893098
9165352,13151,Kimberly Edwards,John20@gmail.com,9480247617
5731302,37259,Alyssa Cain,Donald30@gmail.com,6707782524
2949200,70580,Gary Myers,Richard80@gmail.com,4500680975
7618030,10580,Samantha Smith MD,Christopher30@gmail.com,1968855247
8134662,11094,Dylan Larson,Bonnie62@gmail.com,3860615444
6012613,96557,Derek Thomas,Katelyn61@gmail.com,5324459248
5566691,99803,Hannah Thornton,Andrew62@gmail.com,5437677344
9617919,98845,Andre Lucas,Jose26@gmail.com,3178685032
7462678,67434,Samantha Williams,Nancy84@gmail.com,4115322841
3402307,45806,Samantha Ramos,Elizabeth9@gmail.com,5059460889
2937325,31887,Pamela Frederick,Jon84@gmail.com,3661364857
6249685,29440,James Ingram,Carlos71@gmail.com,8979366072
8249156,44294,Jason Perez,Brian19@gmail.com,9505088300
5056661,90882,Nicholas Mckee,Christopher28@gmail.com,5990361387
6004352,26754,Olivia Richardson,Brenda37@gmail.com,5367279612
7228009,46572,Jordan Howell,Matthew9@gmail.com,5698191781
8006011,54511,Gerald Campbell,Katherine33@gmail.com,3955802791
5828393,30453,Fernando Phillips,Victoria85@gmail.com,4699409920
9505647,48515,Jennifer Tucker,Gene31@gmail.com,9419767668
1809495,89363,Dennis White,Cory19@gmail.com,3064423230
7796628,72557,Amy Johnson,Elaine95@gmail.com,9619244870
8619278,64434,Rachel Torres,Maria33@gmail.com,3089348564
3520855,65371,Heather Ingram,Brandon48@gmail.com,1555540691
5683628,23665,Alan Moore,Brian6@gmail.com,9312366944
4671886,83561,April White,Kevin20@gmail.com,9823298751
6699770,34482,Paul Lopez,Ebony45@gmail.com,6870527540
4608659,50622,Vincent Rodriguez,Tiffany19@gmail.com,8431018972
8409845,96539,Amanda Cabrera,Joseph51@gmail.com,8076845768
2621137,53728,Jason Huffman,Jeffrey15@gmail.com,6373295422
6464099,49797,Timothy Mcdonald,Zoe97@gmail.com,3358768673
8085111,71869,Krystal Stafford,Terri85@gmail.com,8603708026
6771018,60085,Brian Mckenzie,Kenneth86@gmail.com,8847620985
3757904,19463,Matthew Benjamin,Tonya47@gmail.com,1164001012
4838578,30974,Christopher Kaufman,Tracy85@gmail.com,2651268568
2172609,68325,John Evans,John73@gmail.com,3494410896
9127789,72745,Eric Turner,Randy50@gmail.com,6090371048
1890286,22066,Angela Charles,Donna52@gmail.com,7617372648
9472897,43650,Rebecca Phillips,Jonathan99@gmail.com,3670562953
3912171,88987,Kyle Brooks,Luke29@gmail.com,3770873195
2406143,,Michelle Gonzalez,Sean55@gmail.com,7007010178
4172931,32243,Charles Ruiz,Caitlin45@gmail.com,5300777809
9845443,39911,Angela Ramos,Ronnie92@gmail.com,9378757078
6581606,49563,Keith Holmes,Joel31@gmail.com,3270573303
8523925,37212,Rebecca Daniel,Angela10@gmail.com,9569122151
5475811,19159,Jessica Moore,Andrew56@gmail.com,9019559028
1285890,53810,Michael Blevins,Jill15@gmail.com,7812797119
9518250,62863,Lauren Sampson,Natasha58@gmail.com,2426052291
5133797,24804,Christina Jackson,Jesse62@gmail.com,2000525166
2587941,99875,John Phillips,Ryan10@gmail.com,9041292540
3117195,12394,Gregory Dixon,Tammy91@gmail.com,3279467352
5358983,84303,Evan Miller,Luis35@gmail.com,6283893283
8968348,82012,Sylvia Keith,Zachary66@gmail.com,1185269634
3656820,65036,Scott Joseph MD,Anthony64@gmail.com,3269250720
7291029,70690,Mary Blevins,Patricia95@gmail.com,3908151022
7515253,14268,Michelle Howe,April61@gmail.com,5733000061
2106401,47855,Joanna Alvarez,Michael9@gmail.com,8063606363
7646854,54292,Kyle Fisher,Elizabeth38@gmail.com,1851620877
4390625,16275,Ronald Hernandez,Kevin55@gmail.com,2637862381
4755213,57109,Kristin Wilkins,Stephen37@gmail.com,5159248629
1486293,10638,Todd Reese,Steven70@gmail.com,3842095185
9637521,82672,John Smith,Deborah28@gmail.com,1457484972
8786284,54851,Karen Silva,Shelby20@gmail.com,9693272041
5032700,51694,Sara Moreno,Joanna6@gmail.com,6580546544
8567356,72674,Dawn Hawkins,Valerie30@gmail.com,1152085813
4551043,61804,Anita Parker,Kurt17@gmail.com,9322783329
9017675,11235,Dylan Cooper,Brittany90@gmail.com,7215814551
6528521,40617,Laurie Padilla,Charles95@gmail.com,9614874449
3090124,18350,Tracy Lewis,Jeanne5@gmail.com,1858162090
9580308,34893,David Arnold,Cassandra87@gmail.com,4586045633
2309630,80722,Jimmy Jacobson,Kristy61@gmail.com,7890248425
2103532,75746,Jonathan Wilson,Scott11@gmail.com,5424640418
5030774,76961,Donald Delacruz,Kathryn74@gmail.com,4658333055
5220514,98772,Pamela Chang,Mario99@gmail.com,1474077153
8044729,81181,Paul Suarez,Erin53@gmail.com,1730236283
4970045,24029,Philip Roberts,Melissa39@gmail.com,8431340904
9946034,48395,Kenneth Santos,Jeffery53@gmail.com,6880167208
7103779,78116,Anthony Benitez PhD,Mark46@gmail.com,9902750386
8373831,86548,Richard Carrillo,Valerie51@gmail.com,2075122238
7258755,62897,Mrs. Courtney Smith,Laura35@gmail.com,2462555847
7754780,48056,Heather Hinton,Tara88@gmail.com,8095842273
3404409,10479,John Barnes,Anthony16@gmail.com,2489270620
5710829,70828,Jessica Shah,Shannon54@gmail.com,2457274412
9843527,91936,Alyssa Lopez,Stefanie10@gmail.com,8386168108
1676171,91362,Stacy Ferguson,Anna23@gmail.com,4294673893
9917414,65410,Jeffrey Stone,Sandra85@gmail.com,5958626652
7812944,46151,Ryan Green,Johnny88@gmail.com,7917089909
4923546,75615,Marie Johnson,Lisa5@gmail.com,8894874596
9207454,99113,Gail Lawson,Jennifer12@gmail.com,6733007047
2493463,49528,Joseph Massey,Kristie47@gmail.com,3584705691
6523136,81125,Miss Amy Johnson,Laura63@gmail.com,1240778551
7811847,74969,Randy Torres,Amber84@gmail.com,4485177495
4118383,80930,Manuel Wallace,Benjamin63@gmail.com,9193254827
9138814,89107,Amber Hill,William19@gmail.com,1858248284
8707213,98323,William Ward,Rebecca76@gmail.com,9410467228
2638207,18354,Ricardo Wilson,Brian35@gmail.com,1389870205
2975047,38507,Jessica Meyers,Christopher66@gmail.com,7066517175
8365344,76051,Mikayla Cannon,Anna17@gmail.com,8398384763
6022305,70178,Christina Vaughn,Sarah2@gmail.com,6788701644
6425383,32987,William Alvarez,Jessica90@gmail.com,2888208191
1602999,39145,Nancy Wallace,Rebecca77@gmail.com,2075450801
8370394,39083,Gabrielle Hayes,Heather58@gmail.com,9358202548
6689315,45442,Megan Garcia,Robert97@gmail.com,5723596959
6948266,30685,Gloria Valdez,James45@gmail.com,9744654374
3233888,96963,Bradley Anderson,Michael10@gmail.com,7356056654
3258907,55332,Katherine Kirk,Melanie97@gmail.com,9625198633
7072078,70957,Ann King,Sandra55@gmail.com,6382054689
8821512,62588,Bailey Harrison,Melanie39@gmail.com,2885455207
8147683,71967,Brian Adams,Michael59@gmail.com,4541706083
8301213,46924,Juan Burns,Glen26@gmail.com,8646579095
4285554,67724,Stacey Diaz,Rodney44@gmail.com,3444817827
4785258,99786,Steve Cook,Andrew10@gmail.com,8398276920
5595231,90433,Daniel Li,Omar7@gmail.com,3086364328
5288546,83237,William Navarro,Sara72@gmail.com,3732462675
8261592,97322,Heather Ruiz,Rachel41@gmail.com,9471685443
9149161,14153,Paul Baker,Kelly38@gmail.com,3006549211
4188060,30356,Kyle Li,Robert34@gmail.com,1442651197
3781772,72018,Roberta Wright,Desiree93@gmail.com,2677626054
5692056,62021,Brandon Short,Alexis89@gmail.com,8866788913
2145288,60287,Shaun Simmons,Cynthia17@gmail.com,6629050762
2501704,20755,Ruben Mills,Steven71@gmail.com,5974638247
8468143,88981,Mrs. Lindsey Cole,Joshua96@gmail.com,7004494501
3881781,24799,Julie Moore,William34@gmail.com,8940521914
8782644,43869,Richard Flores,Carl83@gmail.com,7131235159
7170306,83907,Matthew Jacobson,Jason14@gmail.com,7760874118
7879055,14352,Lorraine Whitaker,Joseph73@gmail.com,7227720275
8724707,39371,Jerry Lee,Michael5@gmail.com,1717462579
9325235,43128,Adam Jones,Robert27@gmail.com,8915233624
3254703,70643,Melissa Jackson,Nathaniel9@gmail.com,9512763887
4681215,10132,Diane Jackson,Lindsey68@gmail.com,7008004043
7123566,28422,Monique Mcdowell,Cynthia9@gmail.com,3311456133
8994292,65127,Martin Evans,Lisa30@gmail.com,3043052009
3056555,19337,Elizabeth Wilson,Kevin74@gmail.com,7279179885
3247567,32387,Anthony Ball,Danny40@gmail.com,3295690083
8643594,83497,Monica Cole,Zachary28@gmail.com,1691582656
5950023,36314,Eric Fox,Brenda83@gmail.com,1158517373
7524826,50702,Shawn Johnson,Patricia95@gmail.com,3927571194
2518621,56387,Anthony Jackson,Kevin55@gmail.com,9663336416
8300446,94773,Samuel Woods,Christopher15@gmail.com,1112203487
6142090,37207,Lisa Barrett,Thomas55@gmail.com,6773133906
6216546,18766,Dr. Bruce Shepherd,Donald75@gmail.com,5527419302
2238454,27138,Lisa Mayer,Lisa15@gmail.com,4126913092
1869842,98164,Dr. Jill Fox MD,Heather5@gmail.com,6898183256
8345186,92782,Terry Fuller,Ernest9@gmail.com,8601673060
2716255,12367,Sherry Taylor,Emily82@gmail.com,2494879309
8139461,30068,Randy Chapman,Sarah33@gmail.com,7896329579
8493403,90364,Douglas Ross,Christopher61@gmail.com,7104770187
2587731,66018,Sydney Preston,Samuel74@gmail.com,1326074404
3188956,87197,Donna Myers,Anthony83@gmail.com,6826363820
9724588,50805,David Griffin,Kyle88@gmail.com,2596564411
1511624,85178,Jennifer Ho,Clayton68@gmail.com,5788597142
6340241,17533,James Alvarado,Kevin60@gmail.com,8349316839
8092249,86844,Erin Blake,Carol13@gmail.com,1038835989
4291777,17400,Tyler Perry,James28@gmail.com,8132009669
4567024,67670,Steven Green,Norma70@gmail.com,7087745016
6065679,67357,Anthony Mills PhD,Todd83@gmail.com,5335949043
6063052,47644,Tina Moody,Joseph65@gmail.com,2638088457
1152188,45180,Emily Perkins,Gregory90@gmail.com,7668956073
9622671,91976,Christine Harmon,Jennifer62@gmail.com,2920726781
8764325,73940,Paula Wilson,Heather59@gmail.com,3606652226
9096058,95174,Debra Obrien,Alexander20@gmail.com,7341819965
2213727,58845,Lauren Barnes,Jesse50@gmail.com,8034639518
1010416,74072,Eric Moore,Andrew44@gmail.com,7859915711
7098677,93496,Kathleen Williams MD,Natasha14@gmail.com,7554624332
7190256,35169,David Johnson,Kelly71@gmail.com,8359327408
8018005,24936,Heather Hebert,Rachel6@gmail.com,7525876173
1934280,22323,Sheri Martinez,Michael2@gmail.com,7841592239
6593790,19424,Rebecca Pham,Michael17@gmail.com,8854077963
8244169,72687,Erica Patterson,Timothy60@gmail.com,6427142645
9891531,81864,Troy Poole,Steven30@gmail.com,6411140586
2710363,52154,Ann Wall,Michael5@gmail.com,6890813454
6999892,87875,Angela Ford,Amber97@gmail.com,6624070471
2495797,22619,Laura Mejia,Corey25@gmail.com,8220226958
2549891,62528,Diana Campos,Juan1@gmail.com,1074712262
9808122,16649,Gerald Mason,Sarah19@gmail.com,7456017169
6700478,33986,Jessica Goodwin,Rebekah64@gmail.com,8427927905
9841368,81709,Dillon Brown,Brady90@gmail.com,1999731270
6867318,93069,Nathan Hull,Richard91@gmail.com,4171905513
6660941,35592,Joshua Williams,Joseph57@gmail.com,1627734693
4224107,42485,April Jones,Laura90@gmail.com,6439581910
5409445,12458,Elizabeth Morrow,Victoria39@gmail.com,4192211814
7657431,70948,Courtney Payne,Kristina64@gmail.com,8570400724
9479148,94020,Debra Galvan,William25@gmail.com,9583812348
8510001,72663,William Chapman,Maria9@gmail.com,4510116954
6782086,50600,Angela Cardenas,Laura8@gmail.com,6756262709
9323179,39788,Natasha Swanson,Christine36@gmail.com,5774165867
8448800,69409,Krista Walker,Julie92@gmail.com,9842495250
6043974,93468,Teresa Mooney,John78@gmail.com,4959488072
9992565,21336,Jamie Prince,Pamela67@gmail.com,2638598179
2923971,15628,Lonnie Moss,Kirk11@gmail.com,1113080901
3690247,68421,Anita Randolph,Emily77@gmail.com,1679510092
9489186,63986,Elizabeth White,Kimberly28@gmail.com,
3249432,71293,Claudia Boyd,Craig7@gmail.com,7887654738
8545541,16471,Brian Higgins,Thomas58@gmail.com,8025696968
7997606,98121,Deborah Martinez,Brian70@gmail.com,5525200723
5044109,68634,Tracy Mayo,Ronald21@gmail.com,1130364201
3662179,65415,Luke Chavez,Emily65@gmail.com,9836447333
5629901,41693,Dana Bennett,Charles73@gmail.com,6886145430
6548026,51548,Sherri Cruz,Justin4@gmail.com,8857600288
2157979,10908,Matthew Elliott,Sheryl94@gmail.com,9636131292
3405007,91964,Laura Roberts,Jennifer84@gmail.com,8208784370
8593002,54149,Frank Johnson,Angela10@gmail.com,6995011408
4638392,59108,Nicholas Norris,William90@gmail.com,8928130745
3225351,96676,Reginald Graham,Christopher25@gmail.com,9609089417
8459458,99140,Kristin Haas,David11@gmail.com,7642883954
9659930,27749,Linda Martin,Cheyenne6@gmail.com,3626629151
6701166,33866,Laurie Green,Nathan77@gmail.com,2488189761
8989923,16955,Shannon Sanders,Kimberly70@gmail.com,1410448381
8171098,90220,Kristen Stein,Stephen88@gmail.com,2049487451
5740690,87685,Kaitlin Nunez,John67@gmail.com,4890736568
8485543,77529,Matthew Elliott,Amanda98@gmail.com,1429413737
5448653,81158,Abigail Barry,Katherine66@gmail.com,2619414527
9738604,18848,Christopher Snyder,Amy81@gmail.com,2564261606
6241994,98691,Dominic Hernandez,Matthew86@gmail.com,8702836959
5987126,68053,Elizabeth Schmidt,Tiffany34@gmail.com,2606356292
9061923,49512,Angela Jones,Marie5@gmail.com,5595171518
4531469,59904,Nicholas Rice,Rhonda98@gmail.com,5169901700
6948809,47658,Carrie Wright,Megan49@gmail.com,7553990327
9957165,96565,Melissa Grant,Veronica78@gmail.com,9731360185
1874561,43120,Cameron Gardner,Brittney10@gmail.com,7194918147
7226018,83595,Katie Rollins,Vickie5@gmail.com,2155774193
7835134,78562,Jessica Villegas,Michelle59@gmail.com,2764281537
9517752,66345,Audrey Dixon,Jordan50@gmail.com,8673658217
3926268,73085,Robert Goodman,Mary66@gmail.com,4342205284
3753025,83026,Scott Barnes,Mark100@gmail.com,4462052837
8447435,93772,Samantha Collier,Marilyn45@gmail.com,6287811788
1520255,40518,Robert Krause,Joy10@gmail.com,1975266995
4788819,17561,James Jones,Victor6@gmail.com,6656024700
1565268,56175,Derrick Robinson,Melissa16@gmail.com,9252125905
1600347,14629,Francisco Warren,Cheryl18@gmail.com,9462492914
2754360,53766,William Jefferson,Andrea22@gmail.com,6479564069
8955255,43371,Angel Simon,Alex56@gmail.com,4098782617
2958491,45771,Rachel Garcia,Kelly20@gmail.com,8707790104
8527512,67997,Angela Ramirez,Julia20@gmail.com,7325394838
4548438,83211,Sean Russell,Michael65@gmail.com,1814753987
8501411,36425,Sara Weaver,Bradley7@gmail.com,4381981918
4837342,81810,Brittany Ali,Sara56@gmail.com,6444831280
8649789,40842,Lauren Stanley,Jerry100@gmail.com,2759491065
5534414,62939,Kenneth Brown,Shelly7@gmail.com,1720490296
7660032,72065,Elizabeth Ramirez,Donald7@gmail.com,5548764306
3258735,54488,Denise Smith,Jeffrey10@gmail.com,1625101037
1014404,38957,April Stevens,Roger52@gmail.com,4433662429
6745840,89099,Stephanie Russell,Cathy41@gmail.com,2883333987
2604033,85539,Miranda Phillips,Bradley89@gmail.com,3790727711
6203059,50796,Tyler Floyd,Shelby11@gmail.com,1057954843
3177710,56870,Stephen Jacobs,Gregory14@gmail.com,5493187055
7041549,17330,Anthony Choi,Joshua11@gmail.com,5573403978
2964508,70336,Jessica Shields,Crystal45@gmail.com,4230010414
2046404,31565,Michael Collins PhD,Jonathan42@gmail.com,8180710539
2789339,85246,Darrell Smith,Warren9@gmail.com,6381726254
7628277,94780,Thomas Mercer,Brittany2@gmail.com,8751870624
6073272,60837,Jennifer Sanchez,Melanie8@gmail.com,4850767824
9333876,35284,Vanessa Rodriguez,Matthew55@gmail.com,6836601506
6607052,71996,Christopher Beasley,Samantha41@gmail.com,7457842416
4729358,31269,Kimberly Woods,Brett27@gmail.com,7044004561
2995734,28734,Michael Downs,Michael48@gmail.com,8691901710
8361899,31602,Michael Mueller,William29@gmail.com,9279887153
1998722,45835,Bruce Lee,Lori70@gmail.com,6467431831
4107506,90135,Andrea Jones,Daniel86@gmail.com,1269705678
8257382,91050,Shawn Flores,Jessica34@gmail.com,7388423022
2075523,53257,Taylor Moore,Richard55@gmail.com,2554256070
1390013,36284,Amy Nielsen MD,Albert8@gmail.com,7934776450
2595215,38590,Tammy Reed,Benjamin91@gmail.com,9644629741
7240134,42871,Robert Watkins,Mitchell54@gmail.com,8161587454
3362474,86388,Alyssa Lopez,Billy87@gmail.com,2215378151
4167019,92322,Stephanie Wu,Mark78@gmail.com,9309821692
2900833,47153,Xavier Johnson,Katie3@gmail.com,6684454573
3728222,85635,Cheryl Salinas,Jason98@gmail.com,2846209696
9488833,64215,David Frazier,Heather82@gmail.com,4867587465
8724261,11642,Sheryl Taylor,Rachel62@gmail.com,4626607190
7240001,76545,Jason Mathis,Douglas23@gmail.com,1566264862
3208637,79872,Charlene Farley,Amy14@gmail.com,9928357366
9614403,74553,Sheri Banks,Sharon75@gmail.com,5698130388
9471652,13020,Benjamin Mcguire,Wesley88@gmail.com,3626150262
3759103,16151,Jessica Washington,Lance10@gmail.com,3957390738
3668061,55803,Isaac Jarvis,Mark63@gmail.com,6129740350
9021836,37702,Kara Villarreal,Dale3@gmail.com,9000562704
2158751,74469,Mark Martin,Paul99@gmail.com,4394535902
5421775,89736,Gregory Lane,Courtney58@gmail.com,3615842954
1854586,24634,Susan Silva,Douglas73@gmail.com,6560088641
8234908,86251,Dawn Brown,Timothy84@gmail.com,7499986688
1218572,32336,Logan Williams,David33@gmail.com,6797867988
4914852,49776,Kristen Ramirez,Kayla59@gmail.com,4100566350
1467912,38493,William Mcguire,Ryan84@gmail.com,7189991163
5096878,56608,Paul Davis,Carol51@gmail.com,1004041904
5699432,57475,Nicholas Reyes,Yvette12@gmail.com,8264329646
1815220,96257,Stacey Moore,Mark81@gmail.com,8480056768
9968098,29357,Dave Harrison,Danielle74@gmail.com,8752649466
4297722,78335,Elizabeth Jones,Danielle77@gmail.com,7834529157
5846363,97949,Ryan Martinez,Courtney39@gmail.com,3725848620
7826549,33728,Mrs. Sara Lawrence DDS,Brittany43@gmail.com,9032255644
5599225,21670,Tammy Miranda,Michael53@gmail.com,7386166679
7454772,43914,Erica Romero DDS,Kathleen93@gmail.com,7874546326
3707083,11230,Jennifer Huang,Jesse56@gmail.com,8926207240
3703845,96883,Meghan Lucas,Jimmy9@gmail.com,2016191461
1979043,92537,James Martin,Michael68@gmail.com,2422735226
2364491,57086,David Pennington,Christopher36@gmail.com,3862352461
2411005,26946,Michelle White,Kristi51@gmail.com,4646960953
9089110,85487,George Wyatt,Stephanie21@gmail.com,1005399110
7724535,49307,Bryan Shaw,Eric54@gmail.com,3260917066
4159003,18243,Bethany Harris,Robert66@gmail.com,7329815017
8759851,56517,Danny Munoz,Regina20@gmail.com,5911921015
7514888,58862,Shelia Morris,Sandra13@gmail.com,7205904278
8652889,29327,Rhonda Heath,Brittney14@gmail.com,8025430374
4171333,67997,Kurt Gibson DDS,Andrea90@gmail.com,3660621735
1406312,74445,Anthony Turner,Mark42@gmail.com,4642058686
2430539,44029,Peggy Sandoval,Kristina94@gmail.com,1709114328
3518555,65041,Brian Williams,Matthew17@gmail.com,3264040441
9444104,64725,Charles Townsend,Joseph45@gmail.com,2405136463
8756205,79971,Michael Jones,Mitchell84@gmail.com,4127519271
6816698,70914,Johnny Payne,Reginald95@gmail.com,4140322022
2046035,18941,Melissa Castaneda,Juan29@gmail.com,5044756926
1621155,81966,Lori Cochran,Robert82@gmail.com,6647712169
1342402,23899,Mr. Richard Hernandez,Angela15@gmail.com,7562397508
2739422,23793,James Arellano,Alison15@gmail.com,7679176500
7862386,83104,Emily Johns,Robert17@gmail.com,1725191599
7554005,18743,Richard Harrison,Katherine29@gmail.com,6310216385
3022063,82488,Ryan Smith,Hannah30@gmail.com,8841801067
4900557,45816,Pamela Stephens,Nicole5@gmail.com,5450758527
9546181,18138,Michael Rosales,John52@gmail.com,4303072962
1287554,41639,Lauren Brown,Kenneth63@gmail.com,1664512550
5774390,25841,Lucas Bond,Michael88@gmail.com,3533832825
3266801,47624,Rebecca Ferguson,Lisa89@gmail.com,7946060678
9343010,90917,Dillon Evans,Timothy18@gmail.com,1566670237
8932177,43409,Chris Patel,Patricia93@gmail.com,5513055089
6692018,64851,Brittany Thomas,Steven44@gmail.com,2604437685
3787441,32324,Mr. Jesse Cook MD,Lori79@gmail.com,3328089495
6345376,64841,Stephen Carter,Charles8@gmail.com,4330636145
1578183,79944,Scott Watkins,Jessica4@gmail.com,9251674751
5236331,82909,Vincent Larsen,Matthew97@gmail.com,6585648926
4999121,40500,Kathleen Simon,Holly13@gmail.com,2563325621
6987631,52292,Adrienne Greene,Elizabeth58@gmail.com,8252625531
9717504,57799,Susan Carter,Dale26@gmail.com,2522636686
2592172,83162,Jeanne Smith,Scott32@gmail.com,9167540245
5096720,81423,Mr. Kevin Cook,William45@gmail.com,8435841616
6809628,85651,Vincent Johnson,Jason7@gmail.com,3797837338
7154340,87569,Diana Cabrera,Jessica92@gmail.com,9444742415
3097561,26635,Joel Oconnor,Thomas70@gmail.com,2084210270
2595123,20730,Alexis Johnson,Susan76@gmail.com,5021889981
3089244,93580,Steven Larson,Deborah87@gmail.com,
3037018,81738,Daniel Roberson,Jasmine94@gmail.com,8548554577
8216481,95832,Sara Torres,Patricia52@gmail.com,3743003963
6583093,44855,Denise Schultz,Jeremy44@gmail.com,4248911054
2008221,38121,John Jones,Sara96@gmail.com,3225627032
9072879,34398,Jordan Simmons,John73@gmail.com,4816662437
7901605,14636,Jeremy Ingram,Susan53@gmail.com,6512685197
4624464,14908,Nancy Finley,George24@gmail.com,3481132620
9709387,57737,Sarah Avila,April33@gmail.com,1242148962
3869818,71099,Justin Edwards,Sarah8@gmail.com,5999707786
6840607,85167,Jamie Christensen,Sara13@gmail.com,6842293001
8490396,15095,Kristen Wong,Jennifer68@gmail.com,7124983200
4638263,81121,Linda Bowers,Sean4@gmail.com,4415242776
7901571,86871,Wendy Weiss,Alicia24@gmail.com,3640767268
4006331,79443,Thomas Berry,Amanda21@gmail.com,3262407296
3391268,32227,Jose Vazquez,Shaun83@gmail.com,1805208919
3486867,85278,Andrew Frazier,Natalie48@gmail.com,4612579124
9627245,12427,Ryan Hart,Paul41@gmail.com,7855215507
8374926,43442,Michelle Matthews,Robert61@gmail.com,2492790610
2435703,44292,Marissa Duncan,Edward41@gmail.com,
5829581,97219,Leon Howell,Lori22@gmail.com,3582462202
1073263,43251,Daniel Daniels,Jennifer53@gmail.com,7008050438
7399102,58072,Paul Brown,Noah48@gmail.com,7030115862
7113118,99310,Jessica Rose,Jessica89@gmail.com,3330504207
7938907,13631,James Brown,Kristen6@gmail.com,2546860486
7580927,84790,John Johnson,Jasmine63@gmail.com,6000289535
5625961,22097,Tyler Powell,Bruce62@gmail.com,9890076345
5278030,70377,Dr. Amanda Simmons,Gerald24@gmail.com,6378413047
5922967,24568,Tracy Price,Charles64@gmail.com,7805178448
2400653,21633,April Soto,Dwayne35@gmail.com,2568071264
3114420,19569,Phillip Baker,Alexander32@gmail.com,4210238282
7811667,68340,David Morrison DDS,Robert57@gmail.com,4132030334
8452931,55728,Elizabeth Hudson,Harold40@gmail.com,6452633336
5475797,42497,Kimberly Jones DDS,Donna44@gmail.com,9876610793
3922544,68093,Alice Garrett,Jesse76@gmail.com,2112841838
5828678,30885,Mark Robinson,Kimberly7@gmail.com,3277009671
9452033,26884,Matthew Ball,Richard34@gmail.com,1642494242
3362451,49881,Gary Roth,Kayla40@gmail.com,9297278159
9223365,94532,Larry Cruz,Thomas27@gmail.com,4780893079
9380951,75926,Antonio Crane,Christopher99@gmail.com,8009788557
4676599,16081,David Rivera,Ryan4@gmail.com,3343516314
7105227,28488,Kimberly Knight,Cameron22@gmail.com,5282520276
4233934,50424,Cheryl Martin,Sally61@gmail.com,7588625256
2059981,67811,Tara Holmes,Timothy22@gmail.com,4500725761
7999668,31383,Robin Miller,Virginia67@gmail.com,4938489151
3651375,55902,Connor Merritt,Megan77@gmail.com,5642162511
5793854,47726,Todd Carr,April97@gmail.com,1311361184
5363314,73808,Shannon Gallegos,Sarah8@gmail.com,1599095517
4494826,85555,Gabriel Cochran,Curtis66@gmail.com,3869988693
2102963,27307,James Foley,Gregory43@gmail.com,1713479702
8056617,54848,Matthew Abbott,Jacob67@gmail.com,1836292075
5996666,87087,Henry Nelson,Jessica72@gmail.com,1898423719
3295305,28786,Patty Knight,Jeremy66@gmail.com,9062498189
5551836,15100,Adam White,Bobby72@gmail.com,1700620709
3690607,71059,Zachary Andrews,Amy66@gmail.com,1358563307
3720046,54179,Kathleen Sullivan,Steven70@gmail.com,8897945753
8003065,85007,Tyler May,Deanna79@gmail.com,3863348364
2294307,78798,Victoria Wolfe,Amber31@gmail.com,7084743393
3576831,62783,Cole Gallagher,Kimberly42@gmail.com,5522559499
5441292,33087,Michelle Bailey,Joshua66@gmail.com,4596191272
8713670,62619,Russell Mejia,Kimberly85@gmail.com,3090450088
2895020,36710,Daniel Miller,Samantha29@gmail.com,3693828282
5519483,93815,Melanie Cordova,Billy88@gmail.com,8194590012
8505776,37145,Ricardo Clark,Eric75@gmail.com,6020768998
1747250,80878,Shannon Turner,Aaron84@gmail.com,7284954342
5596381,70954,Christopher Lee,Hannah35@gmail.com,7364376033
7892621,81871,John Lee,John91@gmail.com,7349888910
5208856,12275,Shaun Lewis,Larry66@gmail.com,3724924883
5500719,87628,Holly Maldonado,Kevin92@gmail.com,6271901806
9419369,55909,Lisa Young,Glen86@gmail.com,2602657584
9695595,22507,Tiffany Hernandez,Bruce84@gmail.com,1163588296
8581556,45997,Brandon Becker,Linda73@gmail.com,1904125304
3879762,47414,Maria Wilkins,Alexandra11@gmail.com,6467232872
7518399,56055,Laurie Sullivan,Emily39@gmail.com,2711355152
8565460,73412,Julia White,Jacob70@gmail.com,3249874780
3664506,25923,Sydney Ramirez,William53@gmail.com,3421199782
3861988,16060,Jessica Rodriguez,Matthew16@gmail.com,9907373596
8096103,18895,Barry Welch,Brandon89@gmail.com,1662793427
4731867,52419,Chelsea Walker,Ashley18@gmail.com,2537063471
1565219,13461,Cynthia Chang,Sandy29@gmail.com,4269073926
1820408,40214,Charles Bowen,Steven12@gmail.com,3640415906
7005236,89570,Stephanie Lowe,Leah20@gmail.com,4842357149
5383663,45068,Sarah Sullivan,Mark66@gmail.com,6750609046
5984387,59818,Dana King,Scott44@gmail.com,6520158043
4714249,58530,Frank Burns,Ann86@gmail.com,6181279363
4063070,67392,Casey Thomas,Amanda79@gmail.com,6301788228
9807849,59465,Patrick Morris,Teresa39@gmail.com,2179434807
8309935,39764,Emily Garner,Bryan26@gmail.com,1072242603
5728508,85612,Michael Jones,Tanya63@gmail.com,8617739934
3747775,45772,Andre Peterson,Diane50@gmail.com,4852597953
3007542,43472,David Chavez,Rebecca50@gmail.com,2680783912
6200984,12034,Scott Arnold,Alexander99@gmail.com,8553567711
7453162,78178,Joshua Long,William100@gmail.com,2277912125
8794120,82602,Maria James,Heather94@gmail.com,8185602905
8489531,77887,Sara Simpson,Heather26@gmail.com,1512807125
1231374,99634,Dustin Mcgee,Bobby26@gmail.com,6565963019
2889497,99330,Anne Collins,John20@gmail.com,9958893178
4008986,23711,Samuel Allen,Susan44@gmail.com,3666201606
2295910,14274,Stacy Cunningham,Stephen64@gmail.com,8406376382
8165265,17680,Angela Young,Chad84@gmail.com,9536045060
5393437,58971,Richard Rhodes,Michael48@gmail.com,7251744492
6852571,92895,Andrew Roberts,James30@gmail.com,9372158819
8248008,30738,Melissa Villanueva,Albert17@gmail.com,3864647580
7656003,99411,Samuel Roman,Gina36@gmail.com,6603352378
6401089,57851,Adam Garcia,William71@gmail.com,3261976853
2607027,53721,Jason Ross,Billy73@gmail.com,9006928022
6961576,69837,Lisa Kelley,Erica20@gmail.com,8896831074
1854904,82022,Kimberly Miller,Amanda44@gmail.com,8601023879
3633023,70167,James Miller,Brandi72@gmail.com,2531167568
5748727,66894,Robert Benjamin,Johnathan92@gmail.com,1622092853
5040694,87978,Glenn Adams,Daniel75@gmail.com,9489332333
2575071,56599,Mandy Sanders,Michelle25@gmail.com,6501044412
4876026,50011,Ryan Gonzales,Patrick92@gmail.com,8680263739
9822274,18785,John Hull,Fernando65@gmail.com,2970968402
6044290,74975,Lauren Walker,Leslie43@gmail.com,7735228358
4775280,27302,David Brady,Rebecca95@gmail.com,4077379934
4565278,76077,Nicole Burke,Wanda93@gmail.com,7208534693
7804950,20441,Dustin Santiago,Tiffany63@gmail.com,7400163672
2482618,74712,Margaret Webb,Erica21@gmail.com,7782633701
6529888,85564,Matthew Silva,Dalton87@gmail.com,7861824035
9471912,86947,Michael Armstrong,Maria7@gmail.com,4481265120
1320931,33735,Juan Williams,Wendy95@gmail.com,4779914123
8781783,87088,Courtney Smith,Daniel42@gmail.com,8614945332
6625056,12447,Wesley Casey,Diane78@gmail.com,4010294040
4932683,67127,Christopher Mitchell,Joshua28@gmail.com,6543911485
3919077,69791,Christine Massey,Linda34@gmail.com,3366863826
3189895,52224,Sarah Sharp,Lisa95@gmail.com,6441189010
6326077,19624,Kim Stein,Jerome61@gmail.com,3549504041
2649864,88185,Donald Mendez,Stephanie41@gmail.com,7823320857
1331950,63871,Matthew Daniel,Anthony13@gmail.com,6859561773
3633976,80645,Darlene Brown,Matthew72@gmail.com,9509058993
5691412,98983,Dawn Martinez,Derrick92@gmail.com,6294217814
7998860,40583,Kristin Pearson,James15@gmail.com,8825766505
3882586,20712,Alexis King,Deborah82@gmail.com,1124515767
3640096,71852,Veronica Marshall,Nicole81@gmail.com,4938478255
9831189,11112,Lisa Rios,Eric31@gmail.com,1902420794
2708546,20773,Amy Rojas,Christopher47@gmail.com,7868517173
1052358,91477,Sarah Moore,Mark7@gmail.com,8621892482
1178915,52627,David Frazier,Sara94@gmail.com,3314305682
8218321,51439,Scott Campos,Linda2@gmail.com,8201059839
4272147,57782,Allison Phillips,Phillip53@gmail.com,1622207952
2884903,35663,Karen Matthews DDS,Leslie76@gmail.com,8785717398
1058443,91650,Maria Pruitt,Carol10@gmail.com,3635888843
3230367,93350,Sheila Bowman,Rebecca81@gmail.com,7528460084
6969011,33110,Joseph Johnson,Michelle42@gmail.com,4962345488
5567540,81682,Tony Kane,Lucas54@gmail.com,4797426978
7384226,84724,Kevin Acosta,Stephanie9@gmail.com,7512497052
3020958,14920,Jose Benson,Jason32@gmail.com,5916618341
9968176,58789,Tina Sanford MD,Allison76@gmail.com,8123097540
8291250,53111,Lynn Conley,Robert24@gmail.com,8102314461
8187985,31868,Laura Davis,Andrew67@gmail.com,1399477174
8699640,12524,Kristin Hayden,Carl12@gmail.com,4881565818
9221675,48983,Victoria Barton,Karen15@gmail.com,2087226783
7595766,41583,Natalie Boone,Rebecca47@gmail.com,2227234041
5659876,58823,Sean Wilson,Kevin78@gmail.com,6595058514
2617985,72102,Casey Navarro,Randy62@gmail.com,8351983787
7729556,15002,Gregory Arnold,Jonathan66@gmail.com,8392836059
1843083,90378,James Morris,Kimberly54@gmail.com,3805759650
2854548,67675,Miguel Lindsey,Gerald19@gmail.com,4918087350
8763432,32962,Ashley Brown,Shari97@gmail.com,3035395311
1423507,83980,Amanda Armstrong,Dale43@gmail.com,5183652336
2411564,15123,,Anna28@gmail.com,8193880016
6986691,87802,David Underwood,Jessica71@gmail.com,8491110351
9427220,87898,Vincent Hanson,Laura39@gmail.com,7129031937
9378182,25574,Anne Colon,Alice70@gmail.com,3388060105
8382474,69246,Amy Dennis,Norma100@gmail.com,2524731579
7988959,96860,Raymond Cruz,Victoria74@gmail.com,7833577322
4958571,92895,Carol Rangel,Brian79@gmail.com,4462294723
4640914,13780,Breanna Lucero,Alison25@gmail.com,7029065789
8981983,14614,Robert Brown,Jeffrey28@gmail.com,5438882214
3239318,58725,Jim Smith,Richard91@gmail.com,1298362686
5040391,50468,Erin Brooks,Danielle8@gmail.com,5390527248
6888482,36823,Laura Robinson,Kristie91@gmail.com,7667556582
3582451,54215,Susan Williams,Anthony21@gmail.com,4321613411
8823739,71517,Regina Riddle,Cheryl19@gmail.com,8426475985
3141908,63710,Kathryn Johnson,Carol76@gmail.com,8595983738
6423116,39810,Andrew Brennan,Alexander91@gmail.com,9303445802
7818242,42553,Christopher Chen,Michelle63@gmail.com,5671966414
4438592,12000,Michael Garcia,Michael66@gmail.com,7631384409
1256702,72533,Mr. Philip Paul DDS,Barry67@gmail.com,9024538769
1341243,84063,John Patterson,Victoria43@gmail.com,7812672816
3305361,53676,Emily Bennett,Thomas79@gmail.com,4166608516
6301309,45497,Kelsey Hammond,Tammy79@gmail.com,6618844960
3350340,11760,Amanda Robertson,Patrick38@gmail.com,7000722140
5573787,64744,Kathryn Powell,Mark66@gmail.com,4052479910
7684224,44838,Mr. Robert Clark,Taylor19@gmail.com,6188955555
1277534,26796,Pamela Page,Jessica72@gmail.com,8784103590
9713537,38031,Lauren White,Angela21@gmail.com,3941114730
8936789,82907,Kristie Jackson,Jeffrey89@gmail.com,6237472567
6392354,99513,Brandon Prince,Ryan55@gmail.com,9685930914
4497271,51543,Jeremiah Thomas,Gina1@gmail.com,6680982452
6856451,29822,Tony Smith,Amy79@gmail.com,3190359666
4887313,55835,Amy West,Austin57@gmail.com,5614297929
2644636,35978,Bryan Smith,Jessica26@gmail.com,2021130836
5467238,45039,Robert Ellis,Kelsey14@gmail.com,7549516081
8404146,13331,Kari Clark,Lisa92@gmail.com,2255697968
2108322,90474,Mr. Mark Craig,John48@gmail.com,5320580942
8635763,77404,Logan Rice,Lucas91@gmail.com,6678820239
9796056,45823,Michael Stevens,Crystal12@gmail.com,1957140068
5802389,83827,Whitney Davis,Robert34@gmail.com,8451932662
7945614,89365,Robin Mann,Lisa64@gmail.com,8399795425
3832514,98864,Nancy Hoffman,Caitlin48@gmail.com,6130523050
3029799,74134,Jason Hernandez,Jeremy48@gmail.com,9136203598
4860271,88512,Mary Valenzuela,Steven69@gmail.com,6668730774
6272498,94715,Luis Johns,April46@gmail.com,2577917114
7414991,89392,Richard King,Melissa18@gmail.com,9078513349
1649896,17484,Tracy Stanley,Larry87@gmail.com,7634238365
3180265,94358,Keith Martinez,Chelsea91@gmail.com,8979667620
4012291,21413,Ashley Johnson,Andrew29@gmail.com,4424614975
5650785,31557,Shannon Harvey,James27@gmail.com,6171714164
2434005,47681,Jacqueline Mitchell,James76@gmail.com,3312891992
2993563,58751,David Jordan,Adam22@gmail.com,7851042481
4360406,88285,Angel Davis,David69@gmail.com,2308190619
2802019,79593,David Morton,Sabrina42@gmail.com,1666917261
9357246,33952,Shari Anderson,Gabrielle31@gmail.com,2395377098
7264212,24642,Rebecca Crawford DVM,Michelle92@gmail.com,9435951744
3792075,56097,Yolanda Perez,Melissa16@gmail.com,8126767136
5080358,58442,Thomas Wilcox,Sylvia32@gmail.com,3074353809
7477969,37397,Thomas Robles,Becky87@gmail.com,8367589966
4499498,96135,Beth Anderson PhD,Tristan16@gmail.com,5253760576
2722988,98409,Natasha Lopez,Cynthia69@gmail.com,4681880871
3884513,76738,Shane Goodwin,Lawrence31@gmail.com,9772097732
4539342,84831,Paul Smith,Colleen29@gmail.com,4009081892
7357676,44620,Shannon Cuevas,Kelly17@gmail.com,6473141359
7446340,36650,Adam Larson,James32@gmail.com,2322088019
5921685,25608,Jason Morris,Isaac78@gmail.com,4522805606
7623655,95308,Amy Lee,Jose12@gmail.com,5045465085
7674196,24952,Bruce Choi,Grace24@gmail.com,6598654553
1591606,35805,Lisa Taylor,Ronald17@gmail.com,5519366057
2090738,59043,Danielle Phillips,Kendra79@gmail.com,2736280910
5865379,43615,Nathaniel Ruiz,Julie19@gmail.com,8768404604
8072750,57158,Melinda Little,Michael22@gmail.com,6388980918
9136327,65384,Brianna Bautista,Edward61@gmail.com,6988481240
7734192,18312,Teresa Bennett,Wanda22@gmail.com,1339366076
8189744,28067,Jamie Gay,Charles76@gmail.com,9494580490
1184722,47282,Sydney Harris,Kim20@gmail.com,8017940003
3179668,50892,Mr. Richard Olson PhD,Tim88@gmail.com,9000044631
8959702,34967,Christine Morrow,Justin25@gmail.com,7363339455
6789841,33828,Thomas Costa,Anthony23@gmail.com,6974325446
5790104,81031,Jack Brady,Wayne46@gmail.com,7649219950
7895386,40826,Connie Hensley,Derrick45@gmail.com,3212874077
7622343,65644,Robert Smith,Barbara74@gmail.com,4480732881
6048917,24466,Dr. Erik Williams,Heather69@gmail.com,8851272661
1734988,81771,Sarah Valdez,Justin13@gmail.com,8074860806
2301650,40587,Alexis Wolf,Steven29@gmail.com,9513315318
1787004,13688,Sally Price,Kelly92@gmail.com,7581019112
6845148,13111,Robin Ingram,Stephen55@gmail.com,1258826119
4202175,14495,Emily Frazier,Joshua84@gmail.com,5748723815
3074720,30006,Peter Freeman,Nathan47@gmail.com,5225270404
8306249,98371,John Cooper,Ryan20@gmail.com,2199777738
7389584,23096,Erica Callahan,Benjamin39@gmail.com,5410480264
6052277,32704,Ashley Williams,Michael85@gmail.com,7074645157
9372705,25860,Hannah Shaw DDS,Kevin72@gmail.com,7028938452
6708094,49664,Diane Wagner,Michael66@gmail.com,8695911653
1372774,77920,Eric Jones,Tiffany54@gmail.com,9752968096
7754119,71189,Raymond Weaver,Alicia29@gmail.com,3652681935
1317699,24084,Shannon Lam,Jeff70@gmail.com,7615566193
6177371,35746,Jessica Marks,Kimberly43@gmail.com,8255526850
3599692,92831,Joseph Hahn,Patricia11@gmail.com,3682932874
8794921,27169,Eric Williams,Nathan23@gmail.com,6550422491
8368518,28028,Brooke Berger,Nancy79@gmail.com,9050971467
1303303,18524,Kelly Lynch,Jennifer55@gmail.com,9057416216
1452664,72912,Patricia Perez,Pamela59@gmail.com,8789289469
7356151,55465,Kathleen Mitchell,Sarah7@gmail.com,8473582072
8658229,63989,Christian Castillo,Monica5@gmail.com,6714139308
1499622,66982,Jeremy French,Jonathan99@gmail.com,2703881892
7072166,91789,Danielle Neal,Jose68@gmail.com,8979676883
4537787,54568,William Mclean,Jesse65@gmail.com,3446415919
9792708,30938,Carolyn Murphy,Joe11@gmail.com,4136737968
3562028,53550,Sarah Hughes,Michael46@gmail.com,8731240370
3839347,31157,Jeffrey Bailey,Kyle57@gmail.com,1887076214
3767434,28061,James Murphy,Brian10@gmail.com,8198032152
1090616,63328,Victoria Washington,Andrea64@gmail.com,3950130053
8822192,61942,Jeremy Skinner,Ruben97@gmail.com,3732056838
8909853,45241,Jordan Yates,Jason99@gmail.com,8457624101
6645614,80818,Gina Haynes,Carmen5@gmail.com,7118567449
9737327,75081,John Obrien,Dana51@gmail.com,1346834291
9789633,65746,Shelby Mcdaniel,Sarah1@gmail.com,7682594260
6797491,15772,Robin Middleton,Michael26@gmail.com,2897251240
7936760,89821,Matthew Curtis,Debra77@gmail.com,6488816279
1923752,96820,Brett Quinn,Deanna16@gmail.com,1808723986
7137072,14436,Molly Greene,Cody38@gmail.com,6429069521
1531178,99169,Amanda Alexander,Brian49@gmail.com,9228319311
3306301,34214,Kimberly Thomas,Travis29@gmail.com,8650579051
4663655,62228,Brian Mitchell,Adriana36@gmail.com,6037213570
8679107,45881,Mary White,Mary68@gmail.com,2787718167
7098174,52656,Elizabeth Francis,Henry39@gmail.com,5419623361
6388429,80825,Ryan Cunningham,Benjamin29@gmail.com,1637395903
8051798,68582,Michelle Snow,Carol31@gmail.com,6282825074
9321981,32277,Richard Lynn,Scott78@gmail.com,6923311554
5077463,20138,Shannon Vazquez,Andrea40@gmail.com,6099518929
9135278,79892,Ethan Byrd,Christine58@gmail.com,3461963590
3526415,27733,Vanessa Sherman,Corey81@gmail.com,7854004937
8399475,18467,Mary Mcintyre,Jennifer69@gmail.com,1106765082
1057752,12384,Robert Burton,Kathy89@gmail.com,9619599604
6241368,48757,Kim Sims,Joseph90@gmail.com,6924612813
1687424,45829,Mallory Jones,Lauren8@gmail.com,9024454072
9613173,87515,Mary Jenkins,Paul35@gmail.com,8857942473
7136387,68829,Kenneth Miller,Alex28@gmail.com,5110157970
5544128,20661,Trevor Cameron,Ashley80@gmail.com,4690136523
5388350,95587,Monique Dunn,Tim76@gmail.com,6355840690
1746693,70423,Ernest Miller,Joseph84@gmail.com,3220933625
7222174,56302,Robert Osborn,William50@gmail.com,9989258789
7212897,18588,Jessica Hansen,Sierra19@gmail.com,8559947745
5643104,10369,Jimmy Dean,Derek2@gmail.com,2144851178
9062628,57615,Vincent Reed,Monica90@gmail.com,5015264873
4485582,14152,Jamie Collins,Tyler77@gmail.com,5419581422
1120562,89670,Tim Black,Elizabeth62@gmail.com,1861338151
9413235,86391,Elijah Vazquez,Nancy31@gmail.com,5586132694
5748382,66880,Megan Krueger,David82@gmail.com,2787057990
8517877,71724,Shawn Ortiz,Lisa70@gmail.com,9801054786
8388466,73665,Shelby Anderson,Rachel14@gmail.com,4447209196
8679715,94794,Elizabeth Bell,James93@gmail.com,8494603834
8308086,60406,Brenda Martin,Sarah80@gmail.com,1149843419
8626469,99727,James Reed,Tonya100@gmail.com,5121673226
3592855,59774,Dawn Frey,Stephanie98@gmail.com,7529805566
6097368,85861,Denise Hunter,Brian45@gmail.com,5836302238
1639136,90317,Sandra Adams,Charles12@gmail.com,3005643628
5337778,29620,Chase Gray,Tyler79@gmail.com,2758327475
7852616,11843,Krista Wolfe,Regina89@gmail.com,8020400656
1419793,90345,Anthony Lee,Anne81@gmail.com,1640572157
5610402,11100,Rachel Howard,Christian40@gmail.com,3679552022
7787181,42961,Steven Bauer,Christopher72@gmail.com,4381569959
9778096,24468,Patrick Clarke,Tammy51@gmail.com,8561207823
4486805,10828,Alicia Nelson,Julia18@gmail.com,4765165841
7769395,16495,Alexander Smith,Cynthia49@gmail.com,2722225983
5454177,48674,Adrian Vance,George54@gmail.com,8794393094
3601644,97766,John Rodriguez,Latoya89@gmail.com,3390512209
9333460,11856,Stacy Jones,Kimberly8@gmail.com,7925300452
7453608,35936,Jacqueline Rivera,Alexis35@gmail.com,8331235874
7880421,63795,Jeffrey Hubbard,Anthony99@gmail.com,8838149072
4116947,12712,Sally Preston,Jake27@gmail.com,1735624898
7793774,93245,Zachary Carr,Meredith92@gmail.com,3891444246
9834260,24143,Joshua Munoz,Brandon61@gmail.com,8996227136
4292591,55149,Christopher Brown,Jacqueline36@gmail.com,3071112880
5202225,60372,Sarah Brown,Jonathan59@gmail.com,8209155842
8853289,16283,Todd Austin,Samantha39@gmail.com,1211939422
3757802,94084,Joseph Simmons,Jimmy78@gmail.com,4682972315
3597968,61595,Monique Moreno,Jerry89@gmail.com,3924506966
2134032,61471,Julie Shannon,Dana81@gmail.com,9887860848
2871613,64335,Rebecca Hicks,Roberta64@gmail.com,6524131628
1151689,29232,Ashley Yates,Glenda3@gmail.com,3520256556
6948534,11375,Tracy Christensen,Mark39@gmail.com,9236317331
6386292,54827,Angela Thompson,Ann85@gmail.com,8408568167
9979474,63479,Andrew Bauer,Michael67@gmail.com,4139937460
7018359,41675,Lauren Foster,Phillip55@gmail.com,5921301376
3790542,21844,Joshua Rodriguez,Andrew15@gmail.com,1375416412
1040763,58892,Jessica Allen,Darlene89@gmail.com,4852247078
2139982,60959,Melissa Ballard,Sarah79@gmail.com,3961018440
8953892,59163,Janet Bradford,James100@gmail.com,6894243969
2814571,49108,Andrew Herring,Michael42@gmail.com,8326806872
9088067,20209,Ashley Norman,Alex73@gmail.com,3578302822
7801643,65027,Aimee Davis,Peter21@gmail.com,3637289681
7172040,11887,Chad Bailey,Matthew71@gmail.com,1684526746
7419515,70202,Kim Collier,Heather35@gmail.com,7369380828
2758473,47265,Jeremy Garcia,Sarah57@gmail.com,5610582836
5490334,33094,Alexander Griffin,Justin95@gmail.com,2592377240
9423782,87152,Patrick Perez,Sarah54@gmail.com,4339593958
6153728,96454,David Gibson,Lisa40@gmail.com,6231924121
9099977,69987,Christopher Gutierrez,Kim50@gmail.com,9290721225
9281841,19058,Eddie Sharp,Joseph38@gmail.com,8748506242
4031427,47593,Francisco Silva,Chad97@gmail.com,7024302824
3565015,43239,Sara Williams,Luis21@gmail.com,2887223881
8766770,40681,Kristin Ponce,Carrie50@gmail.com,1084094177
2611796,63566,Amanda Baldwin,Curtis24@gmail.com,2969584965
2000240,13006,Melissa Pace,Laurie5@gmail.com,7045288448
7640517,32031,Susan Nelson,Laura37@gmail.com,2313304494
6393960,83232,Michael Shepherd,Kimberly25@gmail.com,7826109175
5704997,10466,Christine Mendoza,Bill62@gmail.com,5073863058
7578553,60601,Daniel Ortiz,Christine91@gmail.com,6433319679
6741033,47030,Lisa Boyd,Monica19@gmail.com,1526271785
7053561,81386,Bryan Brandt,Ruth27@gmail.com,3661533461
4800689,77131,Thomas Jacobs,Stephanie76@gmail.com,6988473530
6008864,79918,Tonya Norman,Melissa56@gmail.com,8438153742
1634151,29262,Amy Johnson,Jessica36@gmail.com,5491702767
1491319,52509,Shelley Nelson,Julie44@gmail.com,8498667578
1953649,14899,Ashley Rice,Anthony17@gmail.com,7014978207
2903323,42811,Connor Villa,Ruth84@gmail.com,6416030147
5537219,80647,Katelyn Powell,Timothy17@gmail.com,5339675514
5326740,63195,David Myers,John71@gmail.com,5391340479
6932145,75038,Jamie Martinez,Joseph26@gmail.com,6632561150
1367785,27523,Vicki Bell,Jennifer77@gmail.com,1774344282
1567778,97778,Mary Kim,Stephen23@gmail.com,2413449341
5470136,15063,Bruce Young,Joseph47@gmail.com,1629698268
3104650,33746,Ana Thomas,Valerie52@gmail.com,5991535564
4905577,27960,Joel Randall,Andrew30@gmail.com,2244304961
7203308,47619,Jennifer King,Donald16@gmail.com,4986579754
6062052,11187,Elizabeth Potts,Kimberly21@gmail.com,6900829858
3406634,58886,Joseph Dalton,John36@gmail.com,3143533204
4212985,51721,Erin Mcdaniel,Kevin22@gmail.com,3191308290
9232506,86182,Brandon Pierce,Cheryl59@gmail.com,4622056735
6953891,43376,Katherine Morgan,Katherine47@gmail.com,8274154118
8914173,42387,James Bailey,Melinda70@gmail.com,1001894023
1024434,56128,Jacob Combs,Brian75@gmail.com,4505030486
8655688,35742,Emily King,Kyle42@gmail.com,1153522192
9771645,48090,Aaron Lawrence,Julie67@gmail.com,6868658142
5494692,40010,David Huffman,Bryce37@gmail.com,1004182476
6581499,92231,William Lewis,Justin38@gmail.com,6632870277
1997316,30484,Ryan Hernandez,Emma44@gmail.com,7709442269
2312330,53647,Jacqueline Bishop,Todd90@gmail.com,1200681540
5603260,89537,Carl Smith,Rachel23@gmail.com,3322041107
2229357,19423,Samantha Lopez,Mallory90@gmail.com,4204339989
2611976,13542,Brandy Reynolds,Jason61@gmail.com,5378372784
5163253,99859,Linda Lee,Donna62@gmail.com,7836362087
4486222,55979,Joseph Gutierrez,John33@gmail.com,2071796270
6153914,93414,Christopher Perez,Samantha73@gmail.com,5671463010
3742945,20673,Jason Cline,David53@gmail.com,6016049295
6934900,17677,Zachary Ramirez,John96@gmail.com,8005764104
6753237,95546,Carolyn Smith,Garrett27@gmail.com,3395528253
5779781,70520,Ms. Elizabeth Pratt,Eric70@gmail.com,1952113318
1039499,26154,Cynthia Grant,Christopher6@gmail.com,1560721071
5778284,65786,Rachel Jackson,Jeffrey71@gmail.com,9182362828
4210029,35896,Nicole Christian DDS,Justin31@gmail.com,1201995731
6209839,30099,Amber Richardson,Julie14@gmail.com,3768596167
7610612,54284,Shannon Lewis,Jessica51@gmail.com,3663815990
5513575,67967,Steven Lopez,Anthony32@gmail.com,7002448606
7016662,74441,Philip Ayers,Stephen69@gmail.com,9470837101
3961680,60842,Thomas Matthews,Jennifer72@gmail.com,9161702286
5639121,92350,Eric Bolton,Adam71@gmail.com,8874107464
3431315,71709,Deborah Davies,Joshua20@gmail.com,8917166236
6181570,71192,Kyle Allen,Erica28@gmail.com,1125283182
3136479,49679,Brandon Cox,Peter69@gmail.com,8208634806
3063848,83371,Linda Tapia,Christopher31@gmail.com,6480695408
3454125,93380,Johnny Alexander,Alan43@gmail.com,6007369361
7413030,24221,Thomas Gardner,Michael71@gmail.com,4153162492
7194992,86991,Michael Guerra,Stanley70@gmail.com,7122266306
9845465,60413,Timothy Farley,Laura97@gmail.com,7116372561
8931746,60720,Virginia Benson,Jennifer62@gmail.com,8521730019
7639111,94519,Jenna Lawrence,Brandon62@gmail.com,7830250873
5357507,14519,Jennifer Stone,Lisa70@gmail.com,6448497040
5183639,21113,Karen Stone,Cody92@gmail.com,9499697881
2720971,32941,Patrick Aguilar,Patrick51@gmail.com,2072185133
6513578,54936,Katelyn Calderon,Sylvia72@gmail.com,1133064458
6502745,70446,Brian Parker,Jessica11@gmail.com,1073784655
4146052,94595,Chad Brooks,Allison4@gmail.com,4056536955
8787449,82469,Tina Durham,Steven45@gmail.com,6976152893
2009677,41880,David Miranda,Lauren36@gmail.com,2405468698
4901350,73898,Michael Robinson,Linda57@gmail.com,8057903321
9949130,96993,Charles Massey,Caitlyn25@gmail.com,9583894166
1340138,74743,Catherine Johnston,Peter63@gmail.com,3447277538
4213460,71468,Angela Martin,Justin40@gmail.com,1987130834
9566746,64002,Robert Diaz,Nicholas92@gmail.com,1373769999
3233348,51188,Raymond Brown,Brittany62@gmail.com,3018797852
1898295,87534,Stephanie Boyd,Randall19@gmail.com,9669764555
8084777,40859,Derrick Boyle,Amanda100@gmail.com,8676034001
2854944,13525,Stephen Casey,Peter92@gmail.com,4786027036
7346811,25576,Brian Collins,Mindy54@gmail.com,6442350036
3745365,38257,Cody Abbott,Tony74@gmail.com,9673953595
7850862,47491,Patrick Owens,Darlene49@gmail.com,1184811485
1976637,27134,Kelly Chavez,Heather10@gmail.com,3842334842
5668090,52570,Isaac Gray,Kevin44@gmail.com,5206109824
6777607,91694,Ryan Paul,Jessica31@gmail.com,4907442297
1445164,82561,Carol Lopez,Chris15@gmail.com,8926274318
5355960,13153,Elizabeth Smith,Molly79@gmail.com,9542331141
1710724,89988,William Smith,Anthony23@gmail.com,9379978610
6708184,27264,Vincent Beard,Dana57@gmail.com,4780657935
3099370,52499,David Daniel,Katie51@gmail.com,4168854273
1101594,55554,Gregory Carpenter,Timothy67@gmail.com,6497024888
8032195,39087,Madeline Snyder,Patrick58@gmail.com,2098286535
4523015,99381,Dr. Melody Weiss,Kelly95@gmail.com,9261199017
8699782,73749,Garrett Lawson,April86@gmail.com,4878376480
8918868,31839,Robin Walls,Janice32@gmail.com,8292698822
2372279,27838,Dr. Wayne Clark,Eduardo44@gmail.com,1310983074
8318915,25044,Karen Love,Erin10@gmail.com,7204839766
2112887,63123,Stephanie Lozano,Alexandria26@gmail.com,5192952198
2040356,39485,Cynthia Miller,John89@gmail.com,3222165231
2373499,18792,James Rodriguez,Latasha48@gmail.com,5881297661
2316563,34526,Paul Randolph,Barbara83@gmail.com,3351406055
2662027,25383,Dr. Ana Haley,Kara26@gmail.com,9447521991
2478845,19828,Joseph Ortiz,Jean56@gmail.com,2532009377
5226575,71129,Jessica Moore,Anthony83@gmail.com,3869620366
6161729,85375,Michael Palmer,Michael72@gmail.com,1740295256
2741135,25201,Emily Miller,Mary32@gmail.com,9270134298
7852660,14331,Felicia Sellers,James88@gmail.com,2925964006
4288332,85830,Mallory Fernandez,Stephanie60@gmail.com,6169542944
2112696,12236,Madison Green MD,Thomas28@gmail.com,8313775672
4874628,21215,Jacqueline Robles,Samuel99@gmail.com,7347302834
3621830,21885,Michelle Hamilton,Ashley6@gmail.com,3851367802
6238564,65127,Diane Ford,Diane56@gmail.com,9869381393
5409732,26524,Rebecca Dixon,Jason79@gmail.com,6552992525
2399061,68911,Mark Francis,Regina91@gmail.com,2230278611
1377939,94019,Adrian Briggs,Patrick66@gmail.com,5192371751
8715958,96928,Kelsey Wilson,Ronald9@gmail.com,3619381177
8296835,18609,Tyler Roberts,Brandon75@gmail.com,6542868091
1173794,66202,Ashley Ramos,Antonio66@gmail.com,6123270156
8433107,82971,Mathew Simmons,Lauren24@gmail.com,2066696814
7548907,84099,Cynthia Mann,Julia23@gmail.com,1395279480
8400880,76079,Kristopher Johnson,Katie69@gmail.com,9729406715
1547035,25009,Lisa Maynard,Danielle64@gmail.com,
1481930,54503,Natalie Chambers,Brittany13@gmail.com,7351684914
8287781,82945,Edward Foster,Brianna94@gmail.com,5800147493
5817537,56487,Seth Villarreal,Ashley55@gmail.com,8166075168
8323235,97522,Ricky Pham,Curtis42@gmail.com,4598569624
5073610,17803,Keith Campbell,David60@gmail.com,5741360905
5128521,16308,Matthew Phillips,Bradley99@gmail.com,6439733268
7184016,88435,Sherri Ross,Allison45@gmail.com,7292700764
9023195,19488,Olivia Nguyen,Lucas99@gmail.com,2095198027
4851262,84343,Stacy Morgan,Tyler91@gmail.com,5918723647
8351214,85271,Kim Jones,Krista23@gmail.com,6871090310
9878841,55134,Kathryn Johnson,Mary59@gmail.com,5043715668
5830533,57492,Melissa Mccormick,Jason80@gmail.com,4950766807
2022916,49985,Richard Clark,Jonathan85@gmail.com,6693356213
9535638,20821,Sarah Ward,Karen37@gmail.com,4871081394
2377581,19361,Thomas Williams,Sarah86@gmail.com,4050819062
7177852,42839,Amy Thompson,Wendy41@gmail.com,2551716368
8193470,14087,Eduardo Rhodes,Jennifer70@gmail.com,7216658763
5448292,79850,Jason Hall,Melissa54@gmail.com,5178210376
9954819,68874,Robert Miller,Anne98@gmail.com,7391388693
2474541,20754,Randy Everett,Dale25@gmail.com,1066966510
5809523,10931,Luis Bradshaw,Joseph32@gmail.com,1792850490
8081582,27914,Mrs. Elizabeth Phillips MD,Jesus51@gmail.com,1272295641
3493629,32166,Ricky Williams,Alison34@gmail.com,8022398858
3709039,47274,Jeremy Vasquez,Cassandra1@gmail.com,1250512666
8884205,52736,Alyssa Hardy,Robert53@gmail.com,6201238607
2623606,62605,Angela Thompson,Elizabeth55@gmail.com,3418690250
6410571,84519,Peter Berg,Sandra54@gmail.com,8437248547
3999517,81611,Daniel Bright,Lauren37@gmail.com,8232001034
9049668,89786,Aaron Gonzalez MD,Sarah99@gmail.com,8766845945
3405021,85730,Leah Ramos,Amanda45@gmail.com,6708570367
2595469,74071,Eric Mendez,John9@gmail.com,5205168556
8526508,16114,Crystal Payne,Elizabeth2@gmail.com,4015991180
3826550,95343,Ariel Mcbride,Amber64@gmail.com,8083497016
1610408,44630,James Miller,Allison20@gmail.com,2785106679
3867608,32572,Melissa Juarez,Henry61@gmail.com,3672732707
1149807,71002,Robert Wyatt,Kathy50@gmail.com,4799934904
5179070,32382,Laura Fuller,Austin72@gmail.com,8434399754
8053353,19228,Elizabeth Barton,Brian10@gmail.com,2078105975
5154575,50802,Joan Cherry,Christine61@gmail.com,9235423531
5557390,14750,Gina Kelley,Kelsey23@gmail.com,4378263321
5411402,26268,Angela Whitney,Kara6@gmail.com,3335437942
9309426,37962,Adam Shepard,Frank7@gmail.com,3473769703
2004709,77024,Ashley Snyder,Rhonda61@gmail.com,7028014089
3095351,20291,Paula Frank,Timothy30@gmail.com,5468583662
9532966,15132,Kenneth Snow,Jared47@gmail.com,1141879469
2785814,54956,Sandra Moreno,Maria43@gmail.com,3166226711
8770834,70982,Timothy Villa,Sherry19@gmail.com,8118965327
2224366,72957,Julie Grant,Emma95@gmail.com,2073389559
8028905,12082,Bradley Vasquez,Melissa70@gmail.com,4066034348
6877636,31820,Ann Blanchard,Randy25@gmail.com,4274923370
4008043,78992,David King,Carla27@gmail.com,7162848337
4691802,97042,Pamela Johnson,James25@gmail.com,5159068259
4902089,90467,Victoria Miller,Joshua58@gmail.com,3444888742
6465678,59727,Brett Gray,Sarah75@gmail.com,5812736557
2783017,16192,David Ray,Patricia85@gmail.com,1406576806
4775391,48194,Jason Parrish,Michael96@gmail.com,5175647873
3701827,50385,Sara Campbell,Kaitlyn30@gmail.com,6666274959
1688755,79633,Julie Anderson,Dustin65@gmail.com,9413212213
7180219,44164,Cynthia Rodriguez,Karen77@gmail.com,2574684372
3022568,25985,Angela Sanchez,Kyle85@gmail.com,8601887673
5238314,39686,Timothy Luna,David18@gmail.com,3586895688
5375630,22581,Carol Turner,Deanna54@gmail.com,3299285076
5796782,99339,Tonya Charles,Jason44@gmail.com,6846153449
7885511,47515,Dustin Johnson,Christine77@gmail.com,5384996656
3654695,89418,Edward Mckee,Jessica13@gmail.com,7569940137
7300448,84594,Jeremy Brown,Eric55@gmail.com,4925856494
7329051,47295,Steven Ferguson,Kayla43@gmail.com,8271558114
3379981,80280,John Cuevas,Priscilla22@gmail.com,5151955494
9922120,50607,Katherine King,Benjamin97@gmail.com,9106712270
3124046,63770,Kevin Mata,Sharon19@gmail.com,7072985059
7965772,70717,Brian Perez,Jason28@gmail.com,9378676383
4566947,37189,Christina Scott,Rachel27@gmail.com,6344082385
7475786,96159,Brent Whitaker,Jennifer78@gmail.com,8395817819
5956598,74548,John Smith,Mary10@gmail.com,7658901763
5412722,65269,Devin Stanley,Elizabeth94@gmail.com,1778107993
9868813,84202,Terry Wright,Angela25@gmail.com,2126625538
1137884,11336,Mr. Nicholas Strong,David29@gmail.com,1462443603
4505457,86377,Robert Schneider,David6@gmail.com,1594330076
1682073,75158,Crystal Mason,Carrie95@gmail.com,1593510210
7802249,81708,Shannon Ayers,Gerald24@gmail.com,9397091371
3421993,35653,Joseph Anderson,Christine30@gmail.com,8311433945
1374864,89321,Rachel Greene,Todd57@gmail.com,1197942950
5868688,79315,Sandra Coleman,Brenda51@gmail.com,3946814263
4535644,75433,Ricky Mcdaniel,Daniel33@gmail.com,6538559615
2827516,46122,Alexis Gordon,Craig97@gmail.com,6182384495
3060921,65336,Jose Chavez,Jason32@gmail.com,1915843025
9170949,25054,Anthony Ibarra,Lynn55@gmail.com,1786085893
1346638,15814,Jeremiah Williams,Megan25@gmail.com,9159024651
6938567,27872,Anna Perez,Jonathan65@gmail.com,2122878352
8183530,61104,Chloe Robinson,Mark78@gmail.com,1004347630
3019543,42184,Patricia Taylor,Amy51@gmail.com,3133719486
7223443,63155,Jordan Harris,Rachel69@gmail.com,4589114254
6983867,25508,Anthony Mahoney,Adrienne66@gmail.com,9857129642
5641022,20996,Wendy Murray,Melanie61@gmail.com,6304791641
8541358,34883,Amanda White,Valerie94@gmail.com,7839046179
1604056,98317,Natalie Pugh,Carlos5@gmail.com,4561879857
5180861,67599,John Perry,Teresa4@gmail.com,3076539693
4839291,13556,Karen Barrera,Joshua32@gmail.com,6470406553
4177825,22998,Amanda Robertson,Shirley93@gmail.com,2003308532
2619172,12009,Briana Mack,Eric36@gmail.com,6709299640
8497065,49517,David Brown,Betty86@gmail.com,6489790183
3014527,82767,Tiffany Mcdaniel,John63@gmail.com,1224927886
1524837,43804,Justin Bishop,Marc39@gmail.com,7431876946
9727679,30344,Mr. Mark Smith,Travis15@gmail.com,4419597747
2703869,83573,Kurt Hampton,Tina61@gmail.com,8937486961
6482624,91596,Earl Nguyen,Andrew31@gmail.com,7267219708
8611362,81345,Amanda Odom,John59@gmail.com,4695917120
2968765,93122,Crystal Martinez,Laurie49@gmail.com,2273605437
1154591,95175,Rhonda Cox,Matthew23@gmail.com,7582862832
8892775,49386,Judith Ballard,Kyle23@gmail.com,3153964401
1607830,26840,Dawn Lee,Matthew16@gmail.com,2404537153
8574745,43223,Stacy Evans,Antonio4@gmail.com,6709274029
2205022,12349,Russell Leonard,Kathleen76@gmail.com,3708429346
8233430,31735,Edward Santana,Aaron73@gmail.com,1120380534
3623542,80975,Mitchell Rowe,Amber2@gmail.com,2264048166
2439325,14421,Kristin Pham,Lisa28@gmail.com,2379733762
6630693,41847,Devin Willis,Austin3@gmail.com,7838210892
6969495,10502,Christy Fitzgerald,Marie15@gmail.com,2815867385
5472268,90698,Dustin Bolton,Matthew51@gmail.com,3098573268
9923962,33515,Cody Kirk,Alex80@gmail.com,4420708823
2221399,49237,Cassandra Oconnor,Michele57@gmail.com,9401341071
7942109,41307,Samuel Medina,Michael55@gmail.com,9805465964
9864424,70683,Deborah Powell,John17@gmail.com,3418624745
9675218,56023,Jeremy Smith,Patrick61@gmail.com,6305297802
1663594,86117,Susan Harrison,Lauren43@gmail.com,2790836920
6064645,40426,Jennifer Guzman,Lisa59@gmail.com,9220868515
9198776,88464,Karen Cooper,Damon14@gmail.com,9129982590
3371045,19437,Jennifer Ward,Nicholas58@gmail.com,2035279692
7899275,37769,Aaron Price,Elizabeth71@gmail.com,7043527128
6995746,38413,Ricky Jenkins,Linda57@gmail.com,5613538714
5115745,30356,David Arnold,Tonya5@gmail.com,6870874793
3128062,16093,Juan Williams,Kevin71@gmail.com,3708471548
4978020,61398,Kyle Riley,Laurie81@gmail.com,7402974308
7777026,84544,Brian Bell,April40@gmail.com,8701450890
6608883,49336,Adrienne Wright,Mary39@gmail.com,8168035093
2013629,60838,Stacy Blake,Michelle36@gmail.com,8365876861
4405880,97220,Ashley Martin,Thomas74@gmail.com,9163578347
5840016,57009,Lindsey Howard,Kevin53@gmail.com,3204004109
1116794,96821,James Scott,Tamara68@gmail.com,2955142059
7213684,21843,Dominique Alexander,Eddie100@gmail.com,8789964868
8742710,96737,Robert Gray,Robert96@gmail.com,7570056971
4870551,11033,Jake Stark,Angela54@gmail.com,2279934746
2215784,64224,Alexander Hunter,Joshua54@gmail.com,9700735892
6324823,79889,Steven Mitchell,Tiffany69@gmail.com,1471909732
8394118,86947,Ronald Luna,Kenneth98@gmail.com,9086361560
4670718,66587,Ruth Caldwell,Jonathan100@gmail.com,7795775465
7502723,86482,Thomas Mata,Riley69@gmail.com,2582395451
6342650,87990,Lauren Miller,Jasmine93@gmail.com,7784739088
7700928,12585,Harold Mueller,Andrew6@gmail.com,7036915732
8424317,72467,Melissa Hardin,Christopher17@gmail.com,7847892206
8407763,18809,Linda Morales,Christopher55@gmail.com,7378632331
1152171,88319,Matthew Hughes,Robin53@gmail.com,8440183540
2522611,58450,Ralph Snyder,Lindsey42@gmail.com,3563639847
6155364,96491,Brian Robertson,Elizabeth74@gmail.com,7893214246
8845390,63463,Richard Giles,Joseph34@gmail.com,4428982575
6584270,89181,Amber Ibarra,Christine50@gmail.com,4294656158
8116601,44059,Todd Mueller,Ashley49@gmail.com,5626354267
4389563,32282,Jack King,Jennifer63@gmail.com,9916587523
4818554,20295,Allen Jones,Michael24@gmail.com,7803860059
2889048,56076,Daniel Brooks DDS,Jenna30@gmail.com,9500337670
4288686,23184,Jacob Marks,Jonathan73@gmail.com,1070445866
4103332,59018,Peter Moreno,Jennifer91@gmail.com,7013947081
6758271,46241,Jonathan Jacobs,Jonathan69@gmail.com,2505768785
7807816,48591,Amanda Holmes,Andrew68@gmail.com,3231268400
5102101,99388,Angela Sanchez,Justin58@gmail.com,3101968406
1447109,87762,Stuart Barnes,Jeffrey74@gmail.com,7175838671
9477721,54364,Stacey Kramer,Elizabeth12@gmail.com,3282529503
5166296,67870,Lisa Dixon,Amy50@gmail.com,6859400291
3683700,52018,Mike Jenkins,Brandon67@gmail.com,6041309770
1599637,56288,Theresa Carpenter,Teresa35@gmail.com,5102941583
7212374,15259,Gregory Jackson,Lawrence56@gmail.com,7006837772
6910607,29006,Crystal Williams,Vanessa93@gmail.com,4301240907
5659769,96725,Dennis Harris,Noah56@gmail.com,3337428544
9658032,58240,Beverly Vasquez,Carlos74@gmail.com,7654047361
2874598,62592,Cindy Hernandez,Robert100@gmail.com,6517316676
6598145,23617,Christopher Kim,Amy63@gmail.com,3574278267
1730653,48835,Sara Gutierrez,Marcus21@gmail.com,3181510065
7908971,99293,Cassandra Jacobson,Ryan65@gmail.com,9516324674
9932947,39080,Jenna Edwards,John14@gmail.com,7437394019
6112762,61992,Devin Davis,Andrea4@gmail.com,3596746541
2651887,84237,Nathaniel Branch,Stacy43@gmail.com,9153278862
2187732,65719,Christopher Burch,Richard94@gmail.com,6400813330
5506730,24273,Dustin Cooper,Christopher47@gmail.com,2931806943
8055017,56435,Ashley Flowers,Kendra10@gmail.com,2287155735
7376333,26205,Chelsea Johnson,John11@gmail.com,3554260797
2384371,12634,Brittany Davis,Maria86@gmail.com,9565318896
5370249,67710,Valerie Bailey,Daniel34@gmail.com,6001537172
2832608,58268,Michael Sawyer,Julie99@gmail.com,4152841533
8763094,29977,Devon Rodriguez,Robert71@gmail.com,6057758913
2239561,78026,Jordan Steele,Alicia6@gmail.com,5436312474
4282674,70687,Eric Lamb,Terri56@gmail.com,4377410374
4873401,48168,Judith Johnson,Diane48@gmail.com,6806724190
2521886,25301,Jesse Curtis,Kathryn90@gmail.com,7726177367
8426062,36212,William Rodriguez,Lauren27@gmail.com,8560215270
7532649,25346,Carl Ward,Charles80@gmail.com,3284739199
2022668,67015,Jacqueline Bailey,Thomas65@gmail.com,3871204857
8042942,59605,Denise Ward,Stephen49@gmail.com,6270417014
1936534,31073,Ryan Kennedy,Karina15@gmail.com,3361338823
1566166,26863,Robert Schultz,Jessica58@gmail.com,6524728856
1948636,51163,James Miller,Nancy72@gmail.com,8441279118
2106352,53783,Thomas Bell,Anthony30@gmail.com,6509471297
1778046,34377,Sara Livingston,Shaun29@gmail.com,2525001565
5844191,50374,Michael Smith,Gina74@gmail.com,6090988565
8244507,31324,Daniel Kemp,James98@gmail.com,5834524555
1147892,67832,Melinda Phillips,Shelby64@gmail.com,5712581144
9516353,70662,Angela Ali,Tammy54@gmail.com,4055627469
9322298,93008,Jill Wiley,Janet41@gmail.com,7579586292
1694287,78504,Matthew Conway,Amanda72@gmail.com,5279793511
9434052,42659,Stephanie Lynn,Sheryl58@gmail.com,3120921334
6042476,70580,Laura Cunningham,Nicole76@gmail.com,5390365635
6153027,10283,Mary Anthony,Stephanie24@gmail.com,5449586211
4394442,90311,Mckenzie Miller,Krista4@gmail.com,3385775207
1900672,24018,Jamie Martin,Kevin70@gmail.com,7400633340
7851583,63360,Patricia Huffman,April78@gmail.com,1804400925
8619205,98754,Carrie Martin,Carrie28@gmail.com,5263481579
5691398,43003,Patricia Bell,Casey99@gmail.com,9290888016
1960637,84259,Ryan Smith,David50@gmail.com,4686478549
3588353,91751,Amy Brown,Taylor51@gmail.com,8757844702
1245612,43683,Victoria Wiggins,Anthony78@gmail.com,5765366656
1331170,55023,Shawn Ayers,Christopher17@gmail.com,1297556122
2968919,13118,Diana Calhoun,Laura48@gmail.com,7885231935
6482502,70663,Madison Fritz,Diana98@gmail.com,3474115046
8133080,32070,Melissa Rasmussen,Jeffrey54@gmail.com,3184608742
5713184,77359,Lisa Jacobson,Robin13@gmail.com,3535852701
3600805,55636,James Baker,Karla35@gmail.com,6781370437
5020060,24213,Manuel Cole,Edwin44@gmail.com,4709485708
5496195,70887,Sheila Barker,Jesse59@gmail.com,4623234705
5450853,22536,Dennis Andrade,Nancy57@gmail.com,6210419385
6005431,86463,Roberta Brown,Gerald61@gmail.com,5860199213
4006533,79638,Sheryl Solis,Brittany14@gmail.com,1903077223
5250743,16427,Michael Perez,Diane80@gmail.com,8769463461
9992700,33503,Thomas Morgan,Thomas61@gmail.com,4760438387
8202159,51537,Rebekah Walker,Luke54@gmail.com,8897237591
9788251,68444,Bianca Conner,Brandon71@gmail.com,1704702945
6023016,86660,William Fowler,Mark99@gmail.com,2603491990
4192022,99424,Raymond Moore,Michael79@gmail.com,4267711312
6037560,36547,Christopher Freeman,James39@gmail.com,4404998538
7605284,14489,Dr. Brandon Cohen,Rebecca23@gmail.com,3810210077
1845125,81387,James Coleman,Lisa13@gmail.com,7374919041
2810072,38411,Alexander Conley,Kathryn28@gmail.com,4230676933
7137352,51791,Cameron Perez,Sandra95@gmail.com,7615809044
5932403,67138,Laura Mooney,Heather63@gmail.com,1786097852
6287327,21373,Brian Walker,Bradley51@gmail.com,7596573450
8917555,53630,Jason Chavez,Brandi29@gmail.com,8309319455
3177003,18754,Raymond Campos,Michelle43@gmail.com,8317381043
5965551,98948,Alejandro Perry,Xavier35@gmail.com,2889440806
9465965,47834,Tracy Young,John46@gmail.com,1296634310
3377524,90656,Dana Terrell,Benjamin19@gmail.com,4811836485
1524961,67246,Daniel Sawyer,Allen47@gmail.com,1554136456
9064713,71758,Joy Dennis,Robert85@gmail.com,1279976861
2729219,38428,Linda Pratt,Eduardo4@gmail.com,7764684827
1489035,15621,Ronald Goodwin,Shannon87@gmail.com,1452251378
4108046,20235,Heather Meza,Lori100@gmail.com,8465840275
1593399,24213,Kristin Griffin,Beverly92@gmail.com,9404638239
2076864,85836,Isabel Hodge,Pamela2@gmail.com,1704563703
5971099,74712,Kevin Wong,Barbara27@gmail.com,8449716957
9353141,31346,Donna Wright,Sergio96@gmail.com,1608769329
2828726,14914,John Mack,Shawn94@gmail.com,1638221942
3335429,54174,Garrett Warner,April89@gmail.com,4604093327
7489931,97112,Elizabeth Miller,James100@gmail.com,3035502301
5257862,68402,Brittany Hendrix,Johnny43@gmail.com,2339928316
2902805,33341,Nicole Powell,,9555026607
9658818,90454,Kevin Kennedy,Shelly83@gmail.com,1930965720
9545249,45907,Laura Kelly,Charles65@gmail.com,1265972869
4384779,76091,Lorraine Todd,Erica23@gmail.com,4684001976
5531070,82728,Brooke Williams,Shawn32@gmail.com,8538320238
4514163,20609,Andrew Flowers,Timothy82@gmail.com,4463405250
1918618,31162,Darryl Bennett,Matthew99@gmail.com,5766722275
6851554,21366,Jason Mendez,Daryl44@gmail.com,4492081686
9923424,95792,Kathy Boyd,Adrienne84@gmail.com,3989697675
2438954,63814,Stephanie Franklin,Kyle66@gmail.com,7695834524
2344308,18192,Cory Walter,Jamie28@gmail.com,3779481602
2911945,73589,David Thomas,Bryan61@gmail.com,5714161257
2322638,37249,Mr. Charles Scott,Joseph46@gmail.com,3464624955
4648065,46355,Mallory Pittman,Justin80@gmail.com,4785734870
9440513,88136,Tonya Rogers,Karen18@gmail.com,3592727069
2109523,38111,Ellen Mcdaniel,Jacqueline5@gmail.com,7911784639
2315009,91404,Rachel Adams,David8@gmail.com,3173548196
2742199,48957,Tara Jackson,Nancy47@gmail.com,3499551097
8083876,94858,Terry Williams,Robert49@gmail.com,7210760950
6655093,34785,Susan Hunt,Lisa64@gmail.com,6858972479
5116569,41684,Dr. Cheryl Duran,Daniel24@gmail.com,7055229898
4609144,57769,Jamie Taylor,Richard4@gmail.com,2988470241
1877355,70960,Christian Friedman,Heather37@gmail.com,3834275330
6438181,84662,Andrea Ortiz,Donald90@gmail.com,8663293924
5913799,50983,Jason Schultz,Jeffrey23@gmail.com,5311978383
6925132,18069,Maria Taylor,Stacy10@gmail.com,1861860326
3999475,45621,Joshua Smith,Jamie80@gmail.com,6330981812
2359955,49682,Susan Brown,Jason6@gmail.com,7162049161
9898496,37483,Jessica Scott,Linda38@gmail.com,3939453951
4529261,39805,Kathryn Rice,Ian6@gmail.com,4753909896
9448702,75406,John Moore,Kristin30@gmail.com,2992356538
9346895,82009,Dylan Bentley,Keith97@gmail.com,1015877572
2917551,48921,Sandra Diaz,Diana23@gmail.com,6458725358
6214723,72951,Heidi Henderson,Kyle94@gmail.com,3909087001
3997948,75504,Linda Taylor,April70@gmail.com,3539098813
4302111,26123,Alex Hansen,Lawrence13@gmail.com,8393724960
9363894,94019,Timothy Diaz,Jared86@gmail.com,8469845943
5259837,44302,Jacqueline Fischer,Pamela67@gmail.com,7867330166
9560166,44900,Derek Powell,Betty89@gmail.com,8173623852
8073706,97227,James Mora,Kendra74@gmail.com,7290704140
2342444,55668,Michelle Arroyo,Tony21@gmail.com,7691305816
7782660,72574,Grace Schmidt,Heidi44@gmail.com,9139033267
9992116,75569,Michael Davis,Russell73@gmail.com,4210112328
7405808,71565,Richard Rivera,Joseph88@gmail.com,4069718645
7698636,23636,Edward Mendoza,Susan62@gmail.com,9174326301
2396584,73206,Tiffany Cox,Chris9@gmail.com,2063955358
4591025,85579,Paul Phillips,Christian83@gmail.com,6224020713
7699369,32443,Dr. Jonathan Andrews,Danielle9@gmail.com,1030708183
7057073,10028,Theresa Nielsen,Morgan71@gmail.com,5255953398
7341304,16553,Beth Martin,Alicia61@gmail.com,8412095090
2483962,31779,Steven Scott,Robert64@gmail.com,7464474857
8887661,21238,Danielle Chavez,Hannah42@gmail.com,1792755561
1430850,70490,Kenneth Donaldson,Laura83@gmail.com,6640070740
9113335,48306,Daniel Morgan,Tiffany98@gmail.com,4854097609
7807096,39858,Albert Sanchez,Marie70@gmail.com,2319352978
6931511,10687,Matthew Bryant,Joel47@gmail.com,2061127228
2349799,71319,Erika Newman,Tina90@gmail.com,8420387145
7161248,21093,Christopher White,Donald24@gmail.com,4962331403
7636268,25219,Christine Larson,Andrew94@gmail.com,9808673879
8334348,37650,Melissa Anthony,Sabrina39@gmail.com,6260263771
2648846,12693,Leslie Flynn,Calvin33@gmail.com,3465700031
1129797,42389,Nancy Kane,Laura34@gmail.com,9529056386
9578272,22378,Melissa Carr,Brittney26@gmail.com,9486796084
2162003,79306,Andrew Johnson,Peter16@gmail.com,2027516934
,75193,Matthew Vang,Heather48@gmail.com,6545375244
1959251,58337,Carrie Freeman,Justin17@gmail.com,8453826670
8063935,86109,Sally Allen,David48@gmail.com,6294859843
3837265,66182,Derek Nicholson,Joseph69@gmail.com,6043868059
3189034,42979,Keith Escobar,Jason45@gmail.com,1966937036
3932175,95405,Timothy Ramos,Robert67@gmail.com,9516686487
9681601,37492,Mikayla Robinson,Jennifer64@gmail.com,3984772542
7758407,95072,Jeffrey Howard,Richard96@gmail.com,9680904564
3824987,76891,Shirley Lynch,Mitchell71@gmail.com,2186806287
2290129,46030,Kimberly Garcia PhD,Christopher6@gmail.com,4670552137
4411917,14912,Lisa Smith,Robert12@gmail.com,4554937014
9235759,41615,Anthony Ballard,Mia9@gmail.com,9597269831
5263546,72069,Alicia Solis,Mary73@gmail.com,3911647176
2685411,98322,Amanda Olson,Stephanie41@gmail.com,4406245420
3454597,74412,Amanda Ross,Tracy73@gmail.com,7366436034
3608140,10302,Amber Williams,Michael57@gmail.com,3103739847
3219022,85890,David Farrell,Pamela98@gmail.com,7859885298
4798706,59232,Martin Porter,Daniel33@gmail.com,2843879821
9686176,46437,Randy Washington,Lori3@gmail.com,4724535068
8955764,76512,Yolanda Gordon,Brian20@gmail.com,7970742798
6795583,68410,Susan Moore,Christopher33@gmail.com,9844651103
1040932,40146,Marissa Conley,Elizabeth35@gmail.com,5417152949
6920152,43790,Amanda Gallegos,Daniel62@gmail.com,1003106492
1588880,85924,Sarah Cook,Christian4@gmail.com,5881289636
8210154,19015,Jessica Ferguson,Antonio4@gmail.com,5346092421
2696932,52283,Guy Davis,Christopher49@gmail.com,7303560105
6948732,89146,William Harper,Carrie26@gmail.com,3710065756
2716426,89259,Lance Haney,Eddie80@gmail.com,1640306353
9459456,46882,Cynthia Williams,Laurie61@gmail.com,7952096414
9423260,48545,Diana Thomas,Karen83@gmail.com,6460087430
6332201,62383,Tina Jones,Paul47@gmail.com,5766618345
9120956,13709,Steven Bell,Edward79@gmail.com,7398284911
3954599,89931,Elizabeth Williamson,Benjamin50@gmail.com,2311699978
7447391,69293,Timothy Mitchell,Kevin75@gmail.com,9730100365
3151321,82587,Tommy Oliver,Brooke65@gmail.com,9454199084
5050778,16842,Richard Griffin,Lauren40@gmail.com,3822512763
3153802,45400,Lisa Alexander,Samuel6@gmail.com,5860536244
8155000,46611,Greg Larson Jr.,Sean28@gmail.com,2087958753
7263635,50515,Vanessa Barker,Gary67@gmail.com,2368655401
9155627,43916,Gloria Campbell,Pamela75@gmail.com,7646257524
1990967,50501,Jennifer Martinez,Ryan36@gmail.com,5038317464
4465959,75240,Danielle Grant,James19@gmail.com,3155955319
4110445,87215,Benjamin Edwards,Matthew63@gmail.com,8791116004
7107598,87068,Erik Rogers,Tiffany65@gmail.com,1571086283
9469130,14883,Aaron Armstrong,Roger7@gmail.com,8943096660
6365433,88924,Maureen Kelley,Dustin39@gmail.com,6719887746
7429260,14236,Kelly James,Carrie45@gmail.com,3994762998
7681985,84915,Patricia Garcia,Robert50@gmail.com,7870755268
3437576,14841,Tammy Griffith,Christopher80@gmail.com,2027626930
5799027,69481,Jose Richardson,Larry49@gmail.com,1843725722
6592641,10001,Miss Kristen Ingram,Robert93@gmail.com,5583788499
7943668,84714,Mark Wilson,Meredith76@gmail.com,2430250786
7054024,66579,Jordan Montes,Christina70@gmail.com,2951654992
2339274,10902,Jessica Moore,Devin5@gmail.com,7725615389
1196161,59295,Rebecca Ramsey,Matthew40@gmail.com,9653427407
7352727,80339,Caitlin Sandoval,Ryan26@gmail.com,6071634207
2001177,85486,Victoria Barrett,Aaron88@gmail.com,2063497891
7246523,86530,Brandon Carter,Tracey100@gmail.com,1850253993
7897190,53313,Charles Whitney,Anthony19@gmail.com,7861050981
6027329,26491,Benjamin Fischer,Marcus47@gmail.com,4092123283
1524246,96486,Beverly Castillo,Jennifer56@gmail.com,7013735510
9812923,75822,Tonya Bishop,Raymond12@gmail.com,5475384380
8139036,21098,Stephanie Vance,Marissa35@gmail.com,3537680682
2232291,92818,Diana Nichols,Lisa86@gmail.com,7541435237
9019112,19790,Rebecca Hernandez,Susan50@gmail.com,2504128083
3560016,90925,Angela Carson,Lisa100@gmail.com,7679905985
3602848,54985,Kelly Wells,Nathan90@gmail.com,4420838447
2100603,11021,John Hoffman,Sierra66@gmail.com,7132185166
5494604,92712,Tracy Morales,Kaitlyn24@gmail.com,3321185792
2355099,78956,Nicholas Edwards,Wayne79@gmail.com,2238827166
3928641,63793,Brenda James,Brenda52@gmail.com,8943032581
6492688,12654,Mike Alvarado,Edward90@gmail.com,2383029082
5399075,22705,Michelle Heath,Courtney62@gmail.com,2782161273
1379947,58442,Virginia Garcia,Jeffrey57@gmail.com,9060961003
8068718,13296,Kara Wong,Alexander44@gmail.com,1608378495
6948082,58934,Tina Maldonado,Jill48@gmail.com,7278249162
2611208,34301,Janice Welch,Joseph43@gmail.com,3310775344
9587141,60892,John Walker,Daniel67@gmail.com,2544386128
6908180,92930,Brandon Alexander,Danielle30@gmail.com,2027988547
6511356,13637,Jessica Obrien,Claudia75@gmail.com,5665902858
5702756,88866,James Marshall,Joseph43@gmail.com,7458539612
9080983,64606,Leslie Fields MD,Leslie13@gmail.com,3771036030
3157308,58826,Charles Santiago,Jerry16@gmail.com,6743312767
2034965,96679,Kevin Wood,Nicole46@gmail.com,2083046646
9494767,77512,Angel Herrera,Rachel67@gmail.com,5876162035
5528416,54545,Carol Elliott,Timothy19@gmail.com,7971960272
5443110,90585,Claudia Wright,Thomas34@gmail.com,5176434889
9115796,20256,Scott Brady,Andrew81@gmail.com,8222277715
1211583,72803,Richard Ballard,Sarah68@gmail.com,5852024118
2337129,83134,Kenneth Miller,Ashley44@gmail.com,2949292006
5322968,53787,Jeremy Johnston,Larry62@gmail.com,2443881766
7791163,82779,Matthew Murphy,Kathryn53@gmail.com,7527598148
1446998,83204,Christy Hughes DDS,Andrew71@gmail.com,3340108929
6368962,99771,Brooke Torres,Kevin69@gmail.com,6479794177
9486092,24003,Kevin Morrow,Timothy100@gmail.com,7215669091
4847612,96290,Stephanie Medina,Jeffrey97@gmail.com,1866377371
4522560,64412,Brittany Daniel,Gabrielle33@gmail.com,2148433126
6389541,18192,Megan Reed,Larry98@gmail.com,6953248385
3454256,91607,Denise Mercado,Laura39@gmail.com,2611172273
4348510,57571,Danielle Wolf,Michael8@gmail.com,2940574921
3004436,77453,Joe Harris,Shane31@gmail.com,2015053373
4644726,51950,Ashley Sherman,Anthony70@gmail.com,3306776767
5864388,78888,Mary Mendez,April31@gmail.com,4858183727
5570257,23463,Manuel Cox,Jennifer12@gmail.com,5854832182
3076353,86940,Michelle Ramsey,Shannon87@gmail.com,8960482012
3409396,97773,Daniel Parker,Jacqueline14@gmail.com,2884358143
9268731,33034,Hannah Wright,Tristan29@gmail.com,9640912114
7378145,48112,Brian Kirk,Jared52@gmail.com,9404541218
7400754,83874,Laurie Bowman,Kelly28@gmail.com,6735502418
4838982,66825,Amber Valentine,Ann32@gmail.com,2780626239
8879252,11898,Lynn Garcia,Ashley58@gmail.com,9784063296
8923342,35598,Julia Myers,Jessica49@gmail.com,3252694475
4043756,12347,Michael Rivera,Kyle55@gmail.com,6839902771
5765915,59490,Jacqueline Ward,Allen96@gmail.com,8239944243
6647527,65957,Dr. Stacy Duran,Scott17@gmail.com,4310333571
7949955,61429,Melinda White,Elizabeth12@gmail.com,9761982443
,98435,Lisa Barrett,Amanda88@gmail.com,1459051850
5114607,88222,Andrew Bonilla,Edward89@gmail.com,5117774120
3350179,80022,Debra Hill,Johnny12@gmail.com,8890332626
4859435,38630,Rachel Cardenas,Melissa6@gmail.com,1275599445
6520607,76766,Andrea Smith,Joshua63@gmail.com,9205206924
9717258,68936,Carolyn Smith,Karen89@gmail.com,2892764736
6398862,56320,Jessica Warner,Ronnie84@gmail.com,7591260712
2879169,48960,Donald Thompson,Michael36@gmail.com,2705855725
4806999,25770,Edwin Anderson,Raymond54@gmail.com,1248780049
2307396,45936,Ryan Rhodes,Melinda45@gmail.com,2002784379
3101506,88886,Erin Brooks,Ashley21@gmail.com,2123008377
2774095,31281,Mikayla Shelton,James42@gmail.com,2840258933
3056112,41665,Roy Lopez,Evan92@gmail.com,4236080194
4603528,75244,David Petersen,Amy72@gmail.com,4006923202
2513011,60840,Ryan Williams,Tiffany69@gmail.com,3833070274
9735923,52990,Aaron Strickland,Charles13@gmail.com,9427016237
8490281,54596,Jill Hill,Teresa80@gmail.com,1318784635
9881735,66272,Bonnie Juarez,Rachel61@gmail.com,1079311733
5778276,72578,Alison Edwards MD,Benjamin18@gmail.com,4863292107
1789688,93483,Justin Willis,Jonathan28@gmail.com,8743595669
6560670,34031,Misty Mcfarland,Michael31@gmail.com,5138833534
5116871,73326,Clifford Wright,Casey88@gmail.com,6594144236
4812812,84704,Michael Smith,Julie57@gmail.com,4394253741
4523643,21094,Kevin Greene,David31@gmail.com,5772144654
7341703,47084,Lisa Glover,Amanda82@gmail.com,3199533325
1419915,88500,Brandy Carson,Randy71@gmail.com,2623774740
1844766,71343,Andrew Oneal,Linda69@gmail.com,3230742842
5949200,18462,Justin Oconnor,Vanessa11@gmail.com,7028690493
1414223,65697,Lindsey Obrien,Danielle83@gmail.com,1567442934
5435236,33128,Veronica Bautista DVM,Chelsea88@gmail.com,1075262521
1356486,53394,Jason Moore,Donna48@gmail.com,1108574178
3303725,82637,Mrs. Brenda Carey,Amy100@gmail.com,2560459894
4815878,61520,Ashley Garrison,Laura31@gmail.com,5069414995
2684626,99951,Erika Vance,Brett93@gmail.com,5972351152
7390352,59716,Andrew Underwood,Nicole91@gmail.com,9303569483
2097022,21750,Taylor Nguyen,Alexandra97@gmail.com,9192188015
1536483,26626,Ricky Gonzales,Lisa44@gmail.com,4840191823
1287413,20575,Linda Lopez,Joseph90@gmail.com,1321585806
5231484,28370,Ashley Price,Jason67@gmail.com,1040399629
6650291,62142,Amy Wilson,David43@gmail.com,1972305036
3286806,23854,Maria Davis,Alan47@gmail.com,2029418128
7471869,62580,Jamie Smith,Sara45@gmail.com,3963030022
4695216,16359,Michele Dennis,Joyce67@gmail.com,8408622395
1164920,72988,Diane Hogan,Paul40@gmail.com,1913375920
9899770,84797,Joel Rodriguez,Robert17@gmail.com,8273661253
8195719,41165,Benjamin Ward,Stacey35@gmail.com,1296628845
3109109,37169,Dawn Morgan,Natalie92@gmail.com,5565374173
7312312,86110,Timothy Harris,William90@gmail.com,8135161472
8659287,79401,Laura Shaw,Heather27@gmail.com,1373432605
5389680,19012,Alexander Jenkins,Dustin75@gmail.com,2186711493
8171698,24462,Danielle Poole,John28@gmail.com,8998586251
1355329,73307,Mark Miranda,Heather20@gmail.com,1340850579
5889122,46930,Kevin Cox,Catherine30@gmail.com,5330647170
8049247,66742,Heather Mendoza,Brianna40@gmail.com,9669368502
5189716,71727,Lindsay Ramos,Richard35@gmail.com,4905564236
5008961,29927,,Brian82@gmail.com,8018258173
8851089,92598,John Lee,Danielle52@gmail.com,6847892422
3619112,40429,Robert Perry,Tracy64@gmail.com,7476113182
9397884,27118,Elizabeth White,Jennifer15@gmail.com,2921885785
3762570,37018,Jeremy Knight,Sean96@gmail.com,9537192918
1738731,88994,Amber Cortez,Tiffany7@gmail.com,3324953056
1171128,59937,Sarah Webb,Kelsey98@gmail.com,8527999445
9938683,66682,Sean Fernandez,Jesse64@gmail.com,7662922206
3583099,99590,Brett Burnett,Matthew52@gmail.com,4098978009
1917755,64151,Craig Smith,Veronica69@gmail.com,3941678273
7664652,63605,Amanda Gonzalez,Jonathan5@gmail.com,2925171820
1968840,40965,Mason Acosta,Annette3@gmail.com,8897069575
9374854,50957,Paula Lloyd,Timothy16@gmail.com,6670706983
5364682,55099,Brenda Reynolds,Joseph24@gmail.com,1874774269
7766774,56863,Travis Valenzuela,David39@gmail.com,7330157427
7201318,95834,Jason Nelson,Steve84@gmail.com,1209251242
1147838,56393,Blake Conway,Michael60@gmail.com,1221117461
8889325,59689,Timothy Snyder,Christopher38@gmail.com,8994263241
9729342,90800,Brad Ortega,Ronnie69@gmail.com,4161624584
2684412,77273,Brad Zavala,Adrienne76@gmail.com,9812206223
6946563,12252,Deborah Harris,Cassandra27@gmail.com,7095855683
6902105,12881,Veronica Patterson,Nicholas71@gmail.com,6460166501
7892842,56880,Terry Washington,Ann52@gmail.com,5042912305
6205863,38198,Yvonne Lee,Mark19@gmail.com,4629256562
6111341,18311,Justin Smith,Todd85@gmail.com,8414426837
1467699,69225,Wendy Foster,Patricia29@gmail.com,7148002579
6639034,37712,Rebecca Odom,David59@gmail.com,1462689653
2350906,99053,Alexander Clarke,Jennifer23@gmail.com,7462780976
6657545,27409,Rebecca Harrington,Madison98@gmail.com,1730717781
4341231,39300,Frederick Walker,Ryan29@gmail.com,9621947662
7230187,62373,Shawn Mcguire,Brittany67@gmail.com,3610300999
1818488,97542,Jose Green,John98@gmail.com,7393859154
2682053,16233,Crystal Villanueva,Sandra61@gmail.com,8956922771
2900523,88679,Michael Brown,Corey91@gmail.com,6366291823
3999556,86748,Nicole Roberts,Monica34@gmail.com,9307399150
8053253,71638,Lisa Rich,Kimberly85@gmail.com,7880958244
1352222,51813,Michelle Powers,Benjamin12@gmail.com,5066903123
5638559,71335,Andrea Rodriguez,Thomas37@gmail.com,6686501719
9069612,91215,Kimberly Cox,Alyssa75@gmail.com,7419884730
4403091,61147,Madeline Perez,Kristin72@gmail.com,1741449289
8234573,34993,Natalie Hernandez,Alejandro40@gmail.com,7078762494
7623639,21713,Brooke Johnson,Alison3@gmail.com,1383212835
3321397,88441,Peter West,James26@gmail.com,4091287065
1169240,22313,Alejandro Hoover,Jorge59@gmail.com,7764087637
3323689,30192,Joshua Campbell,Jennifer98@gmail.com,1267902070
9017265,81846,Patrick Torres,Brandon11@gmail.com,1982089282
8317248,36073,Laura Martinez,Amy16@gmail.com,5984247043
8260408,16400,Donald Haynes,Hannah79@gmail.com,6707133759
8896976,77628,Sarah Mcintyre,Robert1@gmail.com,9339342436
3402998,39266,Darrell Cervantes,Robert67@gmail.com,2789479002
9599028,68194,Cody Reese,Alexandra100@gmail.com,6462863832
9751976,15692,Scott Todd,Raymond37@gmail.com,8513027604
7599093,60840,Margaret Smith,Kelly1@gmail.com,8105997361
2203078,89176,Jennifer Spencer,Katie20@gmail.com,7316407338
5582600,92444,Christopher Ryan,Matthew43@gmail.com,5517010844
8495235,44265,Melissa Neal,Tara82@gmail.com,8963798190
2843482,90597,Lawrence Simpson,Teresa79@gmail.com,5558409354
5118331,88109,Jacob Murray,Wayne82@gmail.com,3911140899
1573482,53193,Cory Sullivan,Keith13@gmail.com,4287837959
4038256,57287,Brandon Watson,Matthew14@gmail.com,6197187492
1923284,68575,Caitlin Washington,James100@gmail.com,6830750305
2470387,68348,Heather Gonzalez,Brent34@gmail.com,4428527512
3022067,43957,Linda Hill,Shannon88@gmail.com,3610472873
4916589,85140,William Kramer,Richard86@gmail.com,9674965739
6848955,70648,Shane Flores,Sean13@gmail.com,7561697881
4836320,34678,Michele Gay,Jeff59@gmail.com,4100074378
3351023,90755,Timothy Daniels,Matthew35@gmail.com,2325554051
2775536,91953,Ricky Haney,Austin29@gmail.com,6289087634
4826067,37237,Steven Odom,Justin22@gmail.com,6823356633
4772320,20391,Morgan Chase,Tyler31@gmail.com,9731223057
4141803,76398,Latoya Hancock,John20@gmail.com,2472679828
4155135,97851,Wesley Tran,Leah63@gmail.com,3491713536
4146833,58980,Christopher Silva,Richard3@gmail.com,1549810519
2520521,18789,Joseph Cox,Dakota45@gmail.com,4892792308
3890800,91499,Nicholas Rodriguez,Amanda44@gmail.com,2755789898
8628819,50109,Amanda Wood,John22@gmail.com,9093448943
4571289,25860,Cathy Macias,Russell52@gmail.com,4348358442
5109913,73856,Darren Garcia,Dan88@gmail.com,5822550679
2472285,26029,John Burke,Richard30@gmail.com,7619762182
4740431,75185,Brenda Stewart,Kathleen83@gmail.com,5099582556
8127802,45889,Isaiah Galvan,Karen21@gmail.com,9068490775
3505883,87988,Daniel Cross,Travis1@gmail.com,3447214107
5546220,48178,Madison Wilson,Gina48@gmail.com,9582987635
4327083,98487,David Clark,Tiffany14@gmail.com,6084435970
5654499,78936,Sara Hernandez,Gary72@gmail.com,4033929880
3610849,40037,Mark Beck,James86@gmail.com,2215809746
3590600,81014,Teresa Santos,Stacy85@gmail.com,4942030394
6718046,86058,Carmen Hoffman,Joshua100@gmail.com,9347171903
1539202,23831,Gary Sullivan,David8@gmail.com,7277977452
7920431,97158,David Johnson,Ernest36@gmail.com,2587601321
6057525,58368,Javier Villa,David81@gmail.com,6425149549
8831495,32931,Victoria Mcintyre,Wesley58@gmail.com,6982184056
5982741,90511,Ronald Hernandez,Andrew31@gmail.com,8109933624
7650792,29153,Marcus Villanueva,Tiffany51@gmail.com,5372541281
9680627,69833,Joshua Singh,Carl40@gmail.com,4658623019
5981715,69274,Kelly Green,Erin43@gmail.com,1219010564
7190761,35477,Sheri Johnson,Donald44@gmail.com,7185831605
4219878,56665,Frank Swanson,Carol64@gmail.com,6891628986
8724473,88749,Craig Howell,Amy15@gmail.com,9469332546
9402313,10358,Tina Marquez,Barbara21@gmail.com,5849980715
7907188,79602,Tamara Chan,Andrea93@gmail.com,9299609663
2422686,12889,Bryan Hopkins,Danielle23@gmail.com,3973802336
7409287,86881,Eric Chavez,Charles17@gmail.com,8445004229
7960535,88662,Ryan Estrada,Anthony77@gmail.com,1815908559
6224426,58061,John Davis,Gregory87@gmail.com,7394514594
5951382,72676,Cynthia Wright,David40@gmail.com,4180536405
5448121,92212,Jennifer Johnson DDS,Jason59@gmail.com,3397879956
7375325,28556,Betty Stein,Robert14@gmail.com,7613755855
5179054,22603,Kelly Wolfe,Gary6@gmail.com,2018502558
9501454,82093,Larry Fox II,Connor10@gmail.com,5714750644
8599033,26766,Jennifer Wilkerson,Heather73@gmail.com,6807668611
8618702,48729,Reginald Allen,Jennifer18@gmail.com,3119404356
6245435,43246,Sharon Hale,Kelly73@gmail.com,2563967787
6554574,45927,Sabrina Dunlap,Zachary67@gmail.com,4469222285
3582115,51487,Adam Hernandez,Jeffrey80@gmail.com,4793610568
5201079,38828,Todd Wyatt,George24@gmail.com,1904150211
2203935,38404,Denise Johnson,Phyllis4@gmail.com,4680972783
2460853,29390,Mr. John Mcneil,Timothy45@gmail.com,4212369849
6335570,15813,Kelsey Smith,Robert81@gmail.com,9834159336
7657282,85715,Brittany Day,Julie49@gmail.com,8288690828
6205539,40029,David Robinson,Stephanie23@gmail.com,7688833673
2087623,92948,Elizabeth Patel,Brian75@gmail.com,8141775333
4073808,71505,Robert Rose,Chris48@gmail.com,2173481389
8984017,70774,Aaron Nelson,Hannah30@gmail.com,5773073644
5861250,13029,Sara Tyler,Katelyn83@gmail.com,5541676657
5452556,61303,Adam Giles,Karen93@gmail.com,5346172926
3584692,34736,Shannon Ramos,James9@gmail.com,9712168577
7932519,89506,Pamela Tyler,Tony5@gmail.com,3955138972
7597711,47479,Kelly Miller,Katelyn24@gmail.com,6305146947
1406338,19126,Amanda Levy,Colleen58@gmail.com,1090828005
3610330,62321,Joseph Gilbert,John34@gmail.com,3479540233
6917254,27555,Brandi Luna,Bonnie48@gmail.com,3934575904
3923046,69201,Michelle Bowers,Ashley68@gmail.com,8707888822
4771010,32865,Michael Meyer,Victoria34@gmail.com,2327590009
3295656,66998,Brent Davis,Kathy83@gmail.com,9678079973
9783576,17378,Scott Griffin,Joseph45@gmail.com,7392984144
4779501,48253,Sue Phelps,Victoria47@gmail.com,4272824850
7758754,88868,Scott Lambert,Eddie7@gmail.com,4313819648
5975668,10844,Charles Underwood,Wesley31@gmail.com,3330791777
4875512,27222,Miranda Johnson,Priscilla29@gmail.com,4599051932
5539838,95415,Scott Rodriguez,Amy53@gmail.com,2882427790
8072902,22902,Eugene Malone,John48@gmail.com,6656188371
7837405,64720,Shane Pratt,Melissa63@gmail.com,6240344569
7919268,75744,Gina Taylor,Heidi62@gmail.com,5801026545
8612688,21102,Heather Bradshaw,Troy11@gmail.com,1646420689
3766772,65397,Meghan Byrd,Kevin43@gmail.com,7254787926
3532924,67615,John Cook,Ashley24@gmail.com,2037179482
6094043,50805,Matthew Smith,Alex45@gmail.com,2181277167
8063343,11540,Jacob Kramer,Ashley60@gmail.com,1274132257
5639214,68712,Edward Lopez,Kristen29@gmail.com,3230765330
6650578,17617,Vanessa Bennett,Michael97@gmail.com,3441659944
1400643,16675,Kenneth Jones,Rickey52@gmail.com,4394169729
8854897,96611,Melissa Willis,Amy99@gmail.com,6215162738
2293101,52714,Amanda Freeman,Amanda84@gmail.com,1450780568
3253295,50709,Mark Bernard,Julie3@gmail.com,3600559957
5009415,18140,Rick Moore,Deborah53@gmail.com,9019771973
4073195,47274,Lisa Brown,Todd52@gmail.com,1051175202
4746902,46839,Sheila Moon,Jennifer34@gmail.com,9094269157
5620526,50609,Kelli Bryant,Christina97@gmail.com,9251037405
8102346,27315,Rebecca Church,Scott15@gmail.com,2128434371
6053464,77880,Joshua Williams,Elizabeth18@gmail.com,5717588143
6336754,89848,Angela Martinez,Shelby51@gmail.com,6736184723
4783151,42759,Hannah Henderson,Justin91@gmail.com,6844669028
4083948,51150,Maureen Holmes,Lindsay85@gmail.com,2267474407
6842553,26705,Joyce Martin,Tina87@gmail.com,7402521765
8171677,53194,Jenna Ruiz,Angel45@gmail.com,4490834685
9536973,74500,Laura Wilson,April16@gmail.com,6152161902
4241402,53286,Ashley Bailey,Ashley17@gmail.com,4307687480
1558794,85554,Sean Jackson,April89@gmail.com,4807172576
9455060,57257,Michelle Davis,Elizabeth59@gmail.com,2545911994
2217935,66174,Christina Ellis,Nicole72@gmail.com,7953547763
8315245,73014,Anna Powell,Alicia88@gmail.com,2751785572
5363200,27951,Jared Kane,Jessica73@gmail.com,5542465811
8460926,90226,Gwendolyn Johnson,April56@gmail.com,4947986260
6481625,92590,Daniel Romero,Steven57@gmail.com,6112953856
7255297,39073,Gary Sandoval,Hailey64@gmail.com,6146626666
9500586,34552,Craig Roberts,Robert79@gmail.com,7400971150
8001549,45746,Michael Bentley,Kenneth46@gmail.com,8434474404
6212154,74609,Meredith Ware,Emily84@gmail.com,4261201038
8699646,68796,Angela Hancock,Jason7@gmail.com,8419161591
7706538,34450,Jason Parker,Rebecca62@gmail.com,3239165353
2954508,77723,Ashley Harvey,Dan76@gmail.com,2417790263
5154499,66846,Margaret Jenkins,Stephanie70@gmail.com,4531418010
2118490,45122,Vincent Lamb,Amber57@gmail.com,2244981720
4998757,26248,Neil Glass,James45@gmail.com,8457934378
4485996,57210,Travis Porter,Samantha58@gmail.com,5721070304
4110268,93801,Anna Baker,Ann11@gmail.com,8720332206
3399731,45229,Connor Howell,Daniel44@gmail.com,9861865720
7873594,45314,Pedro Alvarez,Alicia12@gmail.com,3078191813
3676005,29673,Jennifer Green,Martin43@gmail.com,6455325227
2331274,84874,Reginald Leblanc,Cheryl61@gmail.com,7590304153
3371424,37383,Erica Howe,Joseph53@gmail.com,5752058225
9395275,36789,Gregory Burnett,Keith52@gmail.com,2329551172
2885631,19129,Debra Parker,Amy36@gmail.com,6431008639
9014604,50447,Matthew Salazar,Jeffrey51@gmail.com,9046551375
8292701,77353,Wanda Roberts,Robert84@gmail.com,2372799113
3334805,20958,William Martin,Zachary15@gmail.com,7138480192
7564957,34778,Raymond Cortez,Jessica1@gmail.com,1394270104
7673738,75503,David Sanchez,Jeanette80@gmail.com,9878957726
3849297,81145,Angela Oconnor,Curtis20@gmail.com,3282199992
3138705,31456,Emily Cisneros,William50@gmail.com,3692249368
1047177,41636,Francisco Jennings,Tyler9@gmail.com,4697209288
3402587,23608,Alicia Hendrix,Kimberly61@gmail.com,9741202334
9739395,33208,George Escobar,Lisa94@gmail.com,8354323471
2460203,88297,Molly Miller,Kristin96@gmail.com,2363180499
3139795,76492,Brian Nielsen,David53@gmail.com,3687082392
3311244,94764,Nicole Johnson,Jeffrey10@gmail.com,8452243697
5504429,69896,Melissa Brewer,Richard75@gmail.com,2615528100
6546314,85748,Timothy Zimmerman,Brittany27@gmail.com,1549270364
1545400,60502,Courtney Lopez,Timothy6@gmail.com,1750757725
4229566,74436,Kelly Harrell,Thomas4@gmail.com,7447087129
8305981,15217,Austin Marquez,Kevin70@gmail.com,3576215504
4325066,80608,Pamela Johnson,Debbie52@gmail.com,3250550727
3884293,45627,Frederick Cox,Joseph60@gmail.com,6647350926
2748043,28614,Jesse Bell MD,Michael98@gmail.com,6576888232
6159487,85401,Lisa Bradley,Alexandria92@gmail.com,2317370241
4693241,26240,Hunter Fitzgerald,Lisa50@gmail.com,6774524027
1602301,14386,Monique Pope,Jennifer30@gmail.com,9704707424
9073506,97322,John Faulkner,David34@gmail.com,4666579672
2340281,88297,Katrina Mccarty,Justin68@gmail.com,1944208867
4927256,39558,Michael Gillespie,Dylan63@gmail.com,7038167790
8535396,83326,Nancy Webster,Kenneth67@gmail.com,8250970181
8012148,48553,Joel Kramer,Courtney52@gmail.com,1494392354
3300666,79552,Edward Jones,Patricia15@gmail.com,5154817961
6072914,61655,Crystal Berg,Ashley82@gmail.com,8563698217
2483039,46583,Drew Welch,Tanya72@gmail.com,4564712782
5625198,24343,Ashley Bowers,Rachel43@gmail.com,6933960332
8979475,66291,Charles Adams,Krista90@gmail.com,2518031976
9712383,75178,Dean Williams,Amy92@gmail.com,4018638754
5122179,95058,Jennifer Davis,Craig58@gmail.com,9499292368
3169230,48806,Linda Schmidt,Jonathan48@gmail.com,2644808379
7852130,46853,Tammie Rivera,Jack81@gmail.com,7028855201
,94548,Karen Davidson,Robert49@gmail.com,5650883339
4354374,77166,Tyler Webb,Laura57@gmail.com,5301338737
6278337,70883,Joe Hernandez,Robert39@gmail.com,4727097134
5459265,20775,Brianna Thomas,Carolyn75@gmail.com,4272169636
7609094,70295,Paul Valencia,Daniel98@gmail.com,7650853343
5442526,26217,Allen Watson,James1@gmail.com,3663215074
3227130,48278,Karen Moore,Julie1@gmail.com,7857352200
1687371,24159,Natalie Cooper,Garrett67@gmail.com,6881708516
6835625,84218,Amy Phelps,Sergio80@gmail.com,6130563614
3900581,37558,Lori Martinez,Richard27@gmail.com,6545067748
9078346,41034,Roger Aguilar,Wanda54@gmail.com,6975401773
1318820,48992,David Kane,Bryan42@gmail.com,6610730320
7998214,97850,Jennifer Lawrence,Barbara82@gmail.com,4292268937
5699839,63225,Anthony Davis,Dennis25@gmail.com,4192318378
7434490,45044,Emily White,Tracy3@gmail.com,1674527350
4220278,31399,Nicole Harris,Antonio57@gmail.com,6340473148
3693932,20309,Tony Harris,Jessica46@gmail.com,6213800812
7000770,12901,Devin Miller,Bobby47@gmail.com,9006619535
2524558,38986,Paul Turner,William36@gmail.com,3051016415
8672557,28143,John Valentine,Todd6@gmail.com,3533879269
1585938,56790,Caitlin Craig,Rhonda70@gmail.com,2441238341
9664608,47438,Candice Franco,Karla25@gmail.com,9716566211
8226861,76704,Matthew Cooper,Jamie51@gmail.com,8971058126
3955465,16696,Sarah Smith,Daniel79@gmail.com,7340812057
3242528,28104,Jennifer Evans,Vanessa42@gmail.com,2286166556
8935036,18946,Jose Smith,Andrew53@gmail.com,8248334056
7647718,52140,Joshua Smith,Daniel88@gmail.com,2863944832
1956531,52856,Russell Sparks,Kathryn25@gmail.com,3651133357
5193796,52061,Victoria Jordan,Tracey84@gmail.com,5544245584
1356552,85543,Angela Castillo,Carrie80@gmail.com,4224119186
6709111,87058,Debra Zuniga,Brian50@gmail.com,1051944913
7750421,60904,Shawn Vazquez,Ryan30@gmail.com,7561918069
5084270,37944,Laura Castillo,Jeremiah8@gmail.com,1047900065
3252133,10959,Elaine Maldonado,Amber10@gmail.com,8519413135
1441121,90547,Stacie Dixon,Theresa29@gmail.com,6697457113
7927746,74874,Nicholas Jones,Charles47@gmail.com,8432042021
9041842,29919,Kristin Moore,Wendy34@gmail.com,3117886513
7850129,83539,Cynthia Thomas,William15@gmail.com,1463105778
7932761,34312,Robert Mckee,Victoria44@gmail.com,9931497623
6703505,78762,Martin Roy,Heather60@gmail.com,4452551205
4356244,71263,Bryan Spencer,Christine94@gmail.com,3154633583
9518772,58056,Paul Rivera,Christine26@gmail.com,5973135507
6877456,96646,Andrea Graham,Benjamin76@gmail.com,3340920992
3663893,68629,Samuel Clements,Judith14@gmail.com,2196314627
2330185,44147,Ashley Wolf,Suzanne49@gmail.com,7698611128
7692377,34046,Lauren Nguyen,Jesse86@gmail.com,2527970906
1859681,76558,Amber Young MD,Robin89@gmail.com,1724203434
2869820,21646,Jose Jackson,Jessica44@gmail.com,8551873154
1867539,54630,Daniel Harris,Darrell42@gmail.com,6104245102
4493190,33309,Lisa Allen,Erica51@gmail.com,8515582236
8245266,63549,Michael Roy,Autumn23@gmail.com,2861374413
9029293,67722,Luis Lamb,Lydia31@gmail.com,6590115927
7348240,70470,Robert Santos,Kevin38@gmail.com,3719709396
5142153,90161,Amanda Johnson,April6@gmail.com,4793616532
7604868,61253,Amy Ross,Brian54@gmail.com,8173119750
7775947,95916,Ana Jordan,Michelle25@gmail.com,5695941841
4066302,97060,Jennifer Mcconnell,Holly92@gmail.com,3428627954
9549275,44142,Mariah Doyle,Aaron8@gmail.com,7412393598
4325851,61903,Courtney Vega,Cheyenne28@gmail.com,6241654467
9681962,53096,Christina Romero,Tina92@gmail.com,8053638831
4364817,75627,Madeline Martinez,Suzanne25@gmail.com,1816032388
8995180,37417,Joel Bass,William16@gmail.com,3726767339
3338932,52583,Justin Garcia,Melissa4@gmail.com,4863426944
2750066,15191,Sally Jones,Tasha46@gmail.com,2754825177
4767913,63278,Christopher Fernandez,Hayley97@gmail.com,2529456240
2011504,76727,Jessica Montoya,Stephen16@gmail.com,2303704669
8588427,80267,Vanessa Salinas,Patrick27@gmail.com,6780188681
9067407,16600,Joel Sharp,Jeffery88@gmail.com,6974878313
7073777,57535,Nancy Barber,David84@gmail.com,1872854844
3962825,27342,Yolanda Carroll,Daniel75@gmail.com,3084514216
8373766,41907,Miguel Adams,Michael65@gmail.com,9227011914
7347398,41968,Jane Morales,Stephanie43@gmail.com,9535532682
8754352,43682,Sarah Munoz,Joseph79@gmail.com,6884765532
3454799,10196,Vincent Gonzalez,Cory4@gmail.com,4212310320
1782606,20336,William Hill,Jenny2@gmail.com,4842933202
5935741,96345,Michael Russell,Cynthia28@gmail.com,5615382209
9832626,58628,Scott Alvarez,Lori89@gmail.com,9636701879
9677791,13118,Patricia Hood,Gregory15@gmail.com,1235580428
7271406,38957,Lynn Hogan,Leah36@gmail.com,6823157653
8263837,33242,Amanda Wood,Allen51@gmail.com,3568000768
9654526,86056,Alexandra Miller,Gina90@gmail.com,5157522468
7186251,21805,Megan Castillo,Lindsay25@gmail.com,2598179645
2224686,72780,Mitchell Blake,Michael93@gmail.com,4935823117
6299706,90801,Vicki Mitchell,Shannon54@gmail.com,2177579704
7267317,81135,Vincent Alexander,Jesse68@gmail.com,4101817102
6932304,84758,Michael Miller,Lauren30@gmail.com,8818653367
2992740,56616,Kyle Clark,Jeremiah28@gmail.com,9914730625
9768836,44416,Donald Ford,Brian33@gmail.com,5852719269
4219735,55503,Melinda Meyer,Lisa18@gmail.com,7851906434
3772332,64507,Amy Gould,Jamie31@gmail.com,7196494469
4606061,56336,Carlos Cortez,Katie45@gmail.com,1300677809
9649542,70329,Judy Meyers,Jason28@gmail.com,3352654618
7693671,29725,Travis Baker,Melissa48@gmail.com,8114061223
2724840,88215,James Gardner,Sharon32@gmail.com,4509359627
7055662,12401,Kyle Bennett,Caitlin67@gmail.com,3996866905
1948309,73592,Crystal Shaw,Matthew13@gmail.com,3244322839
9278985,16059,Jennifer Dominguez,Michael47@gmail.com,8600566605
2695097,23814,Tiffany Ryan,James34@gmail.com,3755142768
5326202,81730,Ashley Mcdonald,Ruth89@gmail.com,8856182386
5611780,61686,Robert Jensen,Timothy61@gmail.com,5078542847
4945411,91328,Steven Wu,Melissa61@gmail.com,6753726697
4671483,16100,Shannon Gates,Emily81@gmail.com,3203416543
6705447,39478,Michael Thomas,Kara19@gmail.com,8034811756
8383565,21724,Jacqueline Winters,Danielle63@gmail.com,1279482032
7945000,20895,Alyssa Moore,Christopher64@gmail.com,4891865320
1536027,19532,Gabriella Chaney,Steven34@gmail.com,4971034031
3096988,32282,Blake Cummings,Christopher5@gmail.com,1276669924
9262291,17745,Krystal Ryan,Richard98@gmail.com,8936419929
6882123,22392,Kelly Perez,Joseph20@gmail.com,4984857367
5232661,26910,Gregg Brown,Michael91@gmail.com,4002578481
8655723,35476,Doris Welch,Jeffery64@gmail.com,3650427753
2829260,56158,Sarah Miller,Brian96@gmail.com,5400984491
4298333,67970,Melissa Martin,Michael74@gmail.com,2416355400
8258693,84291,Daniel Dorsey,Charles72@gmail.com,7695883120
4921551,11359,William Butler,Kevin69@gmail.com,7540838382
8629666,32533,Lori Johnson,Jeffrey63@gmail.com,2095857439
3641688,62917,Heather Hodge,Anna92@gmail.com,9119703895
8060411,75982,Tanya Martinez,Victoria68@gmail.com,5803160225
5745098,64133,Christopher Roberts,David7@gmail.com,4477387578
6600908,28687,Emily Blanchard,Keith73@gmail.com,6970857282
7728735,17012,Emily White,Paul88@gmail.com,8347708669
8304409,55144,Terry Coleman,Christina58@gmail.com,7583569841
9199164,20697,Thomas Taylor,Annette42@gmail.com,9393741135
3150585,39500,Patrick Adams,Dave47@gmail.com,7112701734
4535915,40611,Brian Thompson,Alyssa47@gmail.com,8230013373
5809090,36614,Scott Torres,Jennifer18@gmail.com,6918074371
3087166,44711,Christopher Fields,Tracy40@gmail.com,5062031160
7841919,92067,Lisa Guerrero,Anthony19@gmail.com,8012259086
1055790,81978,Katrina Collins,Veronica67@gmail.com,5873148509
8654611,27850,Amber Cooke,Courtney64@gmail.com,3184895302
9153897,44029,Jay Costa,Jason98@gmail.com,7008928628
6345448,36201,Deborah Parker,Kimberly63@gmail.com,8570773391
3352822,91561,Holly Turner,Sharon38@gmail.com,9429989760
3724085,82564,Edward Stevens,Ashley38@gmail.com,4579722704
1616469,23642,Angela Camacho,Jesus100@gmail.com,3935069635
4867485,24336,Andrea Campos,Patrick36@gmail.com,7833071219
3502310,90396,Bradley Hall,Deanna33@gmail.com,3598508019
6342922,86999,Kimberly Lam,Mary24@gmail.com,9893490070
2062655,32611,Dr. Anthony Wilson Jr.,Timothy24@gmail.com,1220036682
9981893,83890,Jasmine Powell,Lawrence97@gmail.com,5763627557
5355210,41281,Patrick Jones,Amy69@gmail.com,6612819994
9269159,43414,Holly Horton,Mary25@gmail.com,4247088480
2815807,37668,Erica Smith,Jessica55@gmail.com,2575340838
9233606,46349,Maxwell Johnson,Aaron32@gmail.com,1038566579
7783636,36122,Richard Estrada,Nicole57@gmail.com,7343795315
7152262,58591,Cameron Hill,Cynthia45@gmail.com,2338936792
8198312,97257,James Flynn,Michelle31@gmail.com,9159994454
4362881,16109,Joseph Torres,Christian23@gmail.com,9704327553
3310208,17663,Matthew Swanson,Kelly28@gmail.com,8019386554
9145183,52601,Amanda Brooks,Kathy53@gmail.com,6232656638
8878300,53930,Megan Thompson,Patricia92@gmail.com,8893216177
6845050,47637,Michael Kim,Eric16@gmail.com,2965739381
2635202,15736,Tim Robinson,Kristen96@gmail.com,4675310118
5209359,40877,Kevin Durham,Rita44@gmail.com,8190178325
1491073,47128,Wendy Brown,Megan76@gmail.com,8082537357
8921657,92705,Jordan Pineda,Monica38@gmail.com,5102503536
6011648,98464,Adam Forbes,Amber36@gmail.com,1715429457
4498470,43063,David Mathews,Ashley47@gmail.com,3796728676
4684785,28110,Christina Stanley,Gary70@gmail.com,2594124643
2631320,98975,William Lee,Sarah27@gmail.com,5276692411
1906489,39976,Nancy Thomas,Anna73@gmail.com,4737580937
2530569,57606,Dawn Ross,Julie39@gmail.com,5819992989
7689888,33661,Donald Harris,Peter37@gmail.com,7042040257
9833695,16225,Christina Reed,Billy33@gmail.com,9611646218
2421854,16160,Jeremy Henderson,Natalie7@gmail.com,3575237689
5492100,64928,Steve Parker,John72@gmail.com,2643493875
1708562,73505,Natalie Cruz,Gerald6@gmail.com,8786289504
3714340,87947,Stephanie Hunt,Diana38@gmail.com,9930124215
6646067,15976,Gary Gibson,Sherry87@gmail.com,9868988171
4260159,44021,Allison Jones,Tony48@gmail.com,2382704196
9692860,42339,Matthew Robertson,Tara43@gmail.com,4021194039
2928589,20681,Nancy Burns,Kimberly61@gmail.com,5563909668
7830595,27361,Wanda English,Brady16@gmail.com,5396335260
3073699,70365,Melissa Pearson,Jade30@gmail.com,2957529358
5824698,75755,Jessica Brown,Stanley85@gmail.com,6381992981
7034554,76091,Miguel Smith,Steven93@gmail.com,3185192245
6330987,86546,John Kirby,Belinda35@gmail.com,6457999154
5243536,40573,Anna Schmitt,Jeremy21@gmail.com,6387258054
4384701,25894,Leonard White,Bonnie85@gmail.com,3304840776
3075028,48056,Brian Jackson,Christine94@gmail.com,1432014674
2241467,17466,Carolyn Francis,Michael11@gmail.com,1584328417
7132453,68456,Kimberly Johnson,Katie88@gmail.com,2394083154
8022533,90302,Lauren Elliott,Rachel12@gmail.com,2461565487
6618103,81233,Tracey Hart,Traci19@gmail.com,2959298409
3473088,79014,Christina Garcia,Amanda99@gmail.com,2129476651
3730843,58857,Rachel Mendoza,Patrick17@gmail.com,8936876468
2062587,87497,Dean Tucker,Charles29@gmail.com,8642330996
3358309,42366,William Aguilar,Danielle70@gmail.com,2465779855
3367196,78525,Mrs. Chelsea Blackwell DVM,Joshua9@gmail.com,4120305154
8268652,88379,Manuel Armstrong,Brenda61@gmail.com,1158943267
8736970,58164,Maria Bond,John67@gmail.com,5686934564
2261569,19339,Mr. Christopher Anderson,Amber8@gmail.com,8242476506
5705966,33145,Robert Payne,Rachel74@gmail.com,8974310029
8537660,91936,Briana Clark,Wayne28@gmail.com,7452621783
6128190,18123,Jennifer Gonzales,Miranda55@gmail.com,9693569379
1063221,18874,Lori Odom,Jennifer9@gmail.com,2345786091
2117319,37697,Luis Anderson,Sara34@gmail.com,1854716957
9210359,76732,Edward Campbell,Christopher51@gmail.com,2988635941
6118930,29490,Phillip Mccarthy,Christopher91@gmail.com,5521395604
8868114,52738,Mrs. Lindsey Williams MD,Lisa1@gmail.com,1820213909
3024472,10667,Lisa Wilson,Lisa28@gmail.com,9143139425
7283569,77060,Ashley Taylor,Tracy74@gmail.com,3740568632
1672917,20005,Jonathan Crawford,Kelly67@gmail.com,7208063630
9349893,40139,Patrick Fisher,Ashley48@gmail.com,5890809594
7931596,78584,Carly Hall,Joseph22@gmail.com,8806017407
3726597,60243,Jason Stewart Jr.,Christopher16@gmail.com,2405002228
1628045,71548,Harry Booker,Jeffrey73@gmail.com,3320168440
2347576,72918,Andrew Morales Jr.,Brett32@gmail.com,4423758439
7413638,40070,Leslie Gutierrez,Jennifer15@gmail.com,5178922247
1619496,89548,Lori Lewis,Ashley23@gmail.com,7543252139
6406801,15876,Louis Harrington,Stephanie71@gmail.com,1388400176
1262095,17384,Stephanie Brown,Jason97@gmail.com,8103505147
1472687,11637,James Zamora,Christian15@gmail.com,6932451645
9539005,45123,Wesley May,Curtis45@gmail.com,6270703164
3207854,16421,Zachary Reed,Whitney74@gmail.com,7465664641
6331241,34832,Austin Davies,Samantha78@gmail.com,3536903236
5032443,56440,Elizabeth Hill,Kristina40@gmail.com,3815998106
1256084,64259,Daniel Jensen,Ashley83@gmail.com,7122538959
6797835,63147,Megan Fowler,Kelly53@gmail.com,9453603971
4792714,28723,Keith Sharp,Joanna13@gmail.com,1058820481
9365753,38735,Nathan Hall,Tonya47@gmail.com,4592995856
9393214,46682,Christy Daniel,Sarah10@gmail.com,4647710930
2789733,51509,Joel Trujillo,Matthew48@gmail.com,3695948476
3970743,66516,John Gonzalez,Tamara36@gmail.com,6133435837
1481393,69815,Candace Patel,James64@gmail.com,4256335308
3006864,18877,Deanna Martinez,Rebecca10@gmail.com,8671390863
9705366,95224,Paul Vargas,Spencer8@gmail.com,2441225487
3061862,55206,Kim Brown,Michelle67@gmail.com,3314688398
5330972,49825,Jeff Boyd,Sheila6@gmail.com,8026215075
3857259,45488,Mark Tran,Mark65@gmail.com,4395992046
4414792,95604,Collin Gonzalez,Samuel48@gmail.com,4667118468
4582323,95050,Michael Johnson,Henry86@gmail.com,1144006326
7250238,67610,Dr. Joseph Johnson PhD,Shawn3@gmail.com,3753751036
2564921,14564,Janet Pearson,John99@gmail.com,7286298403
3828879,78685,Carolyn Cook,Michael64@gmail.com,7316043712
6712237,36824,Jonathan Little,Kathryn22@gmail.com,3128936927
8249034,15800,Mark Medina,Kevin52@gmail.com,3786224045
6258093,52825,John Suarez,Kristie6@gmail.com,7360191357
6716088,70771,Tyler Reeves DDS,Wendy3@gmail.com,8760823038
6226833,88653,Ryan Todd,Shawn99@gmail.com,2778575231
4618791,38419,Kara Wilson,Lori11@gmail.com,1740263764
1596186,77516,Devin Johnson,Mark11@gmail.com,7960278199
2880535,73429,Loretta Ford,Amber99@gmail.com,9718292695
2589416,23783,Ruth Carlson,Jason22@gmail.com,6981623698
3667847,50541,Richard Schultz,Zachary16@gmail.com,3561579468
8467713,90494,Krystal Smith,Perry17@gmail.com,3278105002
8992689,32975,Erik Perkins,Whitney45@gmail.com,3708815293
2349619,27453,Nancy Williams,Caleb9@gmail.com,3307584784
3371676,85809,Mariah Evans,Victor65@gmail.com,3979233706
8761307,70947,Wanda Davis,Mary78@gmail.com,8311868267
1857349,57165,Bridget Chan,Tiffany22@gmail.com,4662631922
2748341,78080,Angela Zhang,Derrick13@gmail.com,6885939377
2651371,22032,Jessica Munoz,Robin94@gmail.com,8795306659
7834458,37770,Jerry Diaz,Pamela77@gmail.com,2905400837
4765810,45914,Susan Powell,Gregory2@gmail.com,7241414301
1940537,69870,Robert Andrews,Tracey75@gmail.com,5194269176
8342505,33877,Michelle Avila,Kevin82@gmail.com,8144856524
1480090,11635,Christopher Fleming,Brandy36@gmail.com,2042101826
3810962,32036,Andre Flynn,Kelly76@gmail.com,8416864407
6281607,55322,Joseph Baird,Natalie84@gmail.com,6114061240
8028361,48893,Marcus Delacruz,Yvonne93@gmail.com,3372250397
6445609,32701,Eric Morris,Christine7@gmail.com,1863918414
1514115,63900,Steven Potts,Shawn48@gmail.com,5862870573
2910219,63026,Amanda Thompson,Brian30@gmail.com,3981860789
3912740,58357,Juan Sullivan,Nicholas31@gmail.com,6593056197
7751073,88383,James Swanson,Brittney54@gmail.com,1383021835
4263882,57408,Jesse Sanchez,Christopher74@gmail.com,4656451972
2486451,67515,Sydney Gray,Andrew97@gmail.com,7709443203
9783869,43450,Glen Wright,Julie15@gmail.com,4460180791
7374892,32583,Mark Walters,Erika65@gmail.com,3429207838
4981858,93089,Shawn Miller,Meagan63@gmail.com,9723444180
6095267,22928,Joe Hahn,Jennifer49@gmail.com,6400335140
2894546,81484,Shannon Garcia DDS,Michael57@gmail.com,4138225321
1605514,35000,Marcus Williams,Michael3@gmail.com,2663231019
9502800,26275,Zachary Barrett,Daniel45@gmail.com,1582817807
6443814,21015,Lori Thompson,Marissa52@gmail.com,9778067826
6683799,66533,Stacy Wilson,Eric22@gmail.com,3521343361
3316371,44829,Jeremy Patel PhD,Karen62@gmail.com,8923302545
3937449,68932,Timothy Thompson,Barbara30@gmail.com,5662233510
2050651,28723,Anna Stafford,Anthony52@gmail.com,7619660324
4750849,92590,Oscar Little,Kristy73@gmail.com,9930973173
2192380,41845,Barbara Collins,Hannah62@gmail.com,7038329126
5358165,99126,Gabriela Burke,Thomas32@gmail.com,4717863462
8505471,76093,Joseph Castaneda,Craig86@gmail.com,9771926123
1776756,55387,Mary Hill,Mary70@gmail.com,5745640353
4687728,92900,Robert Potts,Kendra15@gmail.com,3035504704
3302072,84842,Albert Watts,William44@gmail.com,2993802073
9324059,94486,Wesley Johnson,William41@gmail.com,8123529377
5072846,11886,Whitney Lopez,Joshua91@gmail.com,9925963633
6585959,30755,Mary Little,Timothy32@gmail.com,3057218118
1545389,35882,Shawn Evans,David28@gmail.com,3385402839
3089222,45653,Karen Sawyer,Patrick2@gmail.com,1276421515
7525229,41934,Nicholas Hoffman,Brian26@gmail.com,7824852125
6444719,71115,Ronald Wilson,Amanda81@gmail.com,2485543996
7710307,35624,Anita Harris,Ellen2@gmail.com,3330768075
9339351,71797,Michael Long,Jeanette9@gmail.com,9375602862
9824410,78998,Adam Boyd,David34@gmail.com,9303253777
1195984,41172,Shannon Maxwell,Wendy53@gmail.com,5504697413
8142251,78529,Stephanie Gonzales,Anna5@gmail.com,7769087422
1198223,99776,Michelle Anderson,Billy62@gmail.com,8440203469
2747206,91166,Leah Robbins,Bonnie56@gmail.com,8280234951
8606141,36573,Kurt Wells,Robin88@gmail.com,4787588453
1275161,40049,Michael Cruz,Amanda100@gmail.com,9384959500
4679464,54335,Anna Silva,Timothy22@gmail.com,1887299096
7833204,71655,Julia Brown,Deborah76@gmail.com,6832080419
2695468,88791,Alicia Ayala,Sheri75@gmail.com,8184270545
4131836,43733,Emily Maldonado,Charles54@gmail.com,1713826250
7711758,82470,Natalie Cook,Christopher42@gmail.com,7747119097
3459040,84431,Kimberly Hammond,Joshua70@gmail.com,7470231100
8752794,96360,Kristina Wolfe,Michele77@gmail.com,8207751929
1916998,22678,Corey Lee,Mary26@gmail.com,5704889847
2715503,90475,Mitchell Stanley,Tina96@gmail.com,6788385583
5292225,90598,Tammy Shaw,Joseph74@gmail.com,7667269190
9721860,38841,Mary Jones,Andrew30@gmail.com,9806907375
7542093,64977,Roger Pena,Andrew83@gmail.com,7629314018
1862584,67332,James Turner,Joseph60@gmail.com,9823128190
4704654,69738,Kristi Martinez,Tyrone90@gmail.com,9176971576
4948083,60673,Wendy Durham,Amy64@gmail.com,3212231549
6104011,23249,Gail Walker,Eileen68@gmail.com,6500367511
8818683,27211,Lawrence James,Joel40@gmail.com,9831980352
5646358,21179,Barbara Rodriguez,Thomas10@gmail.com,5135191627
8532808,75784,Ethan Shepard,Carrie70@gmail.com,5009700024
9335205,54488,Monica Buchanan,Brett40@gmail.com,9649373974
4537904,22092,James Hughes,Danielle62@gmail.com,2449907196
6294390,15136,Kimberly Mcmahon,Travis79@gmail.com,6182301176
7786139,89794,Vincent Whitaker,Douglas55@gmail.com,6452758552
3236972,70005,Crystal Cardenas,Matthew2@gmail.com,5163943500
4032886,52022,Anthony Torres,James9@gmail.com,4913762492
7603058,75688,Emily Stafford,Tiffany26@gmail.com,1052143276
4602790,92669,Joseph Villarreal,Jared14@gmail.com,5736257576
7873431,56846,Gerald Moreno,Bruce21@gmail.com,1171382990
1849715,15354,Adam Carroll,Jared22@gmail.com,8049283902
4890757,76912,Eric Franco,Anne62@gmail.com,9905574392
7482280,90581,Kyle Nguyen,Catherine83@gmail.com,8485499092
6581671,50528,Joseph Mcdaniel,Valerie26@gmail.com,4914327752
3125597,73536,Kevin Adams,Mary11@gmail.com,4682959918
7314301,34628,Christopher Riley,Patrick42@gmail.com,4289527819
9460382,32343,Michael Johnson,Cody52@gmail.com,3145681609
3553313,44633,Jessica Greene,Kathy97@gmail.com,2592453333
5667170,92056,Justin Davis,Laura19@gmail.com,9637332454
6855968,84622,Mr. Charles Adams,Benjamin99@gmail.com,5043989594
3479592,65952,Tyler Nunez,Gregory11@gmail.com,4840671912
9104176,78462,Justin Pena,Daniel84@gmail.com,5251425784
9228744,54767,Michael Parrish,Timothy99@gmail.com,6678647149
8833245,31825,Charles Shaw,Brian25@gmail.com,9061249215
2202206,74735,Kenneth Hernandez,Stephanie50@gmail.com,1794359880
3403368,96890,Levi George,Jessica64@gmail.com,4693443552
5715737,45604,Adrienne Gray,Philip50@gmail.com,3738811457
8165700,47168,Joan Gomez,Meghan11@gmail.com,8901548151
5442959,93339,Richard Watson,Daniel49@gmail.com,9154429676
2369357,73973,James Melendez,Justin65@gmail.com,5350315043
4675669,58440,Shannon Diaz,Sheena41@gmail.com,1011588210
9484413,49270,Sherry Hopkins,Jennifer20@gmail.com,9477178681
4955201,57858,Gavin Chavez,Kyle95@gmail.com,8563307421
5128460,19111,Matthew Solis,Susan18@gmail.com,7035580215
3931088,71671,Stefanie Ellis,Pamela18@gmail.com,4745202352
3017644,12523,Amy Daniel,Summer71@gmail.com,8067307378
3961735,46878,Eric Webster,Lindsey83@gmail.com,8707487425
7248394,64396,Carla Gonzalez,Clifford35@gmail.com,5992329352
1691350,74226,Lisa Lester,Albert28@gmail.com,2156805576
3554254,68933,Alexis Coleman,Dennis28@gmail.com,7552578227
5957434,22291,Sandra Ali,Joseph49@gmail.com,8731197113
4089870,11616,Megan Rosales,Patricia85@gmail.com,4267660071
6893379,30869,Hannah Adkins,Corey50@gmail.com,1726571012
2976700,32412,Edward Luna,Kathleen64@gmail.com,1614091242
8873015,75479,Charles Hobbs,Kimberly37@gmail.com,5201272940
4397040,20787,Victoria Riley,James82@gmail.com,8193194678
4326964,90259,Carol Simpson,David34@gmail.com,8087271984
1829497,61899,April Alvarado,Steve62@gmail.com,5438515398
5715662,72852,Shannon Lloyd,Nicole99@gmail.com,4503317217
6611104,46280,Kim Wolf,Kevin33@gmail.com,4983412015
8152889,24057,Mike Vasquez,Joshua14@gmail.com,3330001034
7857679,45730,Beth Campbell,Philip32@gmail.com,7516968084
6366416,62073,Terri Burgess,Nicholas6@gmail.com,3165795691
2811942,41229,Andrea Lopez,Ann53@gmail.com,4090859640
3622316,58895,Karen Ramirez,Donna72@gmail.com,4713753037
5081977,48578,Adam Sanchez,Darren23@gmail.com,8464486441
6664570,34768,Shirley Harris,Rebecca16@gmail.com,6280849404
1226390,35897,Luke Lawson,Jessica98@gmail.com,8756515154
8421113,36517,Alexandra Rodriguez,Rose7@gmail.com,3284801125
1572060,79986,Steven Smith,Edward99@gmail.com,4388424032
2008761,37980,Dr. Kelsey Maynard PhD,Kyle98@gmail.com,4784419659
7373247,12477,April Campbell,Stephen85@gmail.com,5873492114
8179748,26857,Michael Cardenas,Michael24@gmail.com,5066207202
8448055,49303,Robert Thomas,Patricia4@gmail.com,8024914883
7863183,69914,Erik Pearson,Ryan13@gmail.com,2989051151
7447758,51092,Victoria Duncan,Matthew100@gmail.com,9226906488
6081059,10425,Amanda Brown,Kara48@gmail.com,3512235477
7980035,46144,Jonathan Mccoy,Kathleen44@gmail.com,9835745027
9923535,44079,Michael Johnson,Kelly12@gmail.com,5019255350
3233307,36608,Sean Smith,Joseph85@gmail.com,5863389796
3273076,33234,Jessica Rodriguez,Tina71@gmail.com,8611639195
2243857,24610,Mary Wells,Paige66@gmail.com,2948827565
9978979,40990,Nancy Ramirez,Angela80@gmail.com,2301144339
8305485,66069,Jerry Adams,Kendra94@gmail.com,4438160198
6798106,85671,James Hickman,Jessica94@gmail.com,4961575895
7336169,61277,Matthew Davis,Brandi47@gmail.com,6720683111
6829992,68041,Audrey Ballard,Patricia62@gmail.com,4140677465
7401773,89633,Dr. Eugene Branch,Mary40@gmail.com,
9549756,88830,Jackson King,Carol97@gmail.com,9617422929
6799760,36554,Edward Benson,Steven80@gmail.com,5756825111
3933680,47713,Kristen Nichols,Chad65@gmail.com,3974713442
9453940,95223,Rachel Anthony,Elizabeth44@gmail.com,5022211344
7554172,93507,John White,Joseph88@gmail.com,2900458571
5848819,18193,Sheri Evans,Misty55@gmail.com,2243041058
8894873,89767,Alexander Roth,Jamie10@gmail.com,3401974935
3661953,38568,Carolyn Marsh,Dawn80@gmail.com,7902964169
2456418,42503,Dylan Jones,Nicholas87@gmail.com,1700730337
3717852,65696,Erin Farmer,Stephen14@gmail.com,9612732048
3480981,57468,Cassandra White,Angela31@gmail.com,7515151740
7877920,58323,Thomas Johnson,Adam30@gmail.com,7348769768
1820848,12138,John Wilson,Shelby10@gmail.com,1504660826
5952088,59605,Laura Martin,Douglas33@gmail.com,8625575756
2850554,87418,Darren Sanchez,Theresa41@gmail.com,1082003389
6981158,35183,Nicholas Stout,Brittany23@gmail.com,7509535493
5695376,50189,Charles Hunt,James64@gmail.com,6217512052
9408550,31204,Kristin Washington,David76@gmail.com,5828076330
8101796,77189,Joseph Sanchez,Timothy82@gmail.com,7866427565
4999056,24588,David Williams,Nathan94@gmail.com,7888912661
4939406,38624,Kimberly Owen,Wesley38@gmail.com,1634618172
2785228,32606,Stacey Cisneros,Tammy42@gmail.com,9044957568
5426915,31456,Marcia Kerr,Sarah88@gmail.com,4981648471
1928446,87581,Amanda Harper,Tricia37@gmail.com,4403907865
6767283,59595,Amber Johnson,John53@gmail.com,6248305768
2843751,16623,Debra Wilson,Matthew58@gmail.com,9450597880
3509957,77909,Michael Willis,Michele9@gmail.com,7934576582
3895738,85926,Sarah Graves,Katherine42@gmail.com,9855992155
4579080,32078,Samuel Lester,Tiffany82@gmail.com,4662372039
5076526,13750,Tara Contreras,Charles41@gmail.com,4011706021
3933051,,Robert Mann,Megan68@gmail.com,2394316802
3382348,62437,Cynthia Le,Holly78@gmail.com,8106742080
3361370,20122,Lisa Roberts,Kristen25@gmail.com,6416546231
9385814,97221,Ryan Rodriguez,Nicholas94@gmail.com,2925501307
6100486,88320,Donna Benson,Ryan88@gmail.com,7687896328
5129101,99502,Jennifer Bowers,Erin79@gmail.com,9560526298
7481757,55454,Amy Goodman,Clifford46@gmail.com,5566430106
3032604,60874,Shawn Ross,Adam9@gmail.com,8871689304
8903512,53617,Alvin Price,David55@gmail.com,9581202532
3820850,29423,Tiffany Sanchez,Sarah89@gmail.com,1402229728
7377716,36779,Megan Obrien,Kenneth93@gmail.com,2285365700
3997443,19194,Karen Duncan,Shelby13@gmail.com,4326682730
6445638,21366,Erin Phillips,Brenda78@gmail.com,6437378206
2632268,83089,Carol Avila,Jessica76@gmail.com,4916479237
8564165,12146,Jessica Terrell,Christy30@gmail.com,4385034115
9275646,70244,Matthew Stuart,Kathleen76@gmail.com,2462479822
9026877,84556,Bonnie Lane,Lisa45@gmail.com,8135108953
6753488,26126,Mrs. Amanda Thomas,Shane70@gmail.com,8748610241
5052126,38526,Janice Hernandez,Sandra54@gmail.com,3533175073
3059643,41420,Elizabeth Freeman,Andrew40@gmail.com,5389260634
6984976,99220,Gerald Miller,Megan8@gmail.com,6721235334
3267942,19563,Daniel Gonzales,Christopher80@gmail.com,1475308798
2399758,93365,Keith Rhodes,Lindsey68@gmail.com,8381937042
9596023,86002,Joseph Horne II,Kimberly68@gmail.com,5933812787
5718343,38337,Jennifer Mendez,James84@gmail.com,5499159458
2563160,15115,Kevin Poole,Paula44@gmail.com,8951422789
2010391,11446,Krista Elliott,Christina78@gmail.com,8132349943
9398873,71855,Andrea Price,John45@gmail.com,7005356538
3470814,27993,Brad Brown,Nathaniel63@gmail.com,8671218464
4092634,59113,Paul Williams,Vanessa39@gmail.com,8322138070
5627110,40569,Thomas Hansen,Brandon12@gmail.com,8088246805
2208818,53752,Daniel Williams,Philip27@gmail.com,7983110292
3907811,59274,Anita Goodwin,Robert94@gmail.com,4165943646
4645731,36107,Carl Gonzalez,David96@gmail.com,8985093786
1741363,68836,Jennifer Campbell,Tamara17@gmail.com,9911962913
7558385,17369,Chad Roth,Robert3@gmail.com,4710931020
4649436,47608,Janet Roman,Kyle21@gmail.com,6595040675
1675694,82474,Emily Jackson,Sean52@gmail.com,7546181818
3130108,41942,Richard Williams,Jessica88@gmail.com,3158726948
9607852,63841,Tara Lane,Rachel16@gmail.com,3616482918
2084583,99637,Lindsey Turner,Christine7@gmail.com,5008162846
9584413,53783,Steven Valencia,Sarah22@gmail.com,2484107959
4032901,91390,Melinda Soto,Charles14@gmail.com,7594200354
2065159,36602,Eric Duncan,Robert38@gmail.com,2070758978
3294446,29879,Kevin Alexander,Erica70@gmail.com,7563943510
5611614,61226,James Brown,David24@gmail.com,6915819663
9511407,99273,Lisa Carpenter,Alyssa11@gmail.com,3834829848
5402775,88551,Daniel Carr,Jane70@gmail.com,5267401449
3404906,49695,Jacob Murray,Chad93@gmail.com,1861725189
4174685,32948,Holly Spencer,Henry2@gmail.com,3139965193
4442128,83440,Katrina Williams,Bryce64@gmail.com,5774170478
6029945,54335,Samuel Roberts,Melissa54@gmail.com,6599320603
2031270,41414,Alisha Case,Angela26@gmail.com,3354889485
1537725,89116,Jessica Best,Patricia32@gmail.com,2912370243
8537050,21768,Aaron Rios,Kevin44@gmail.com,2768122615
4430599,92434,Alexis Bell,Curtis33@gmail.com,8675773506
2839489,90836,Melinda Glenn,Sharon25@gmail.com,8558626014
7793612,42815,Adam Keller,Marcus63@gmail.com,7525181842
5405335,55891,Alexis Thompson,Bobby15@gmail.com,2048003138
2916611,16159,Kenneth Moreno,Benjamin66@gmail.com,5274729734
4726715,78023,Zachary Hardin,Christopher77@gmail.com,2982870705
2512999,33705,Janet Rowe,Amber67@gmail.com,3370566240
6656748,84784,Andrea Goodman,Jorge25@gmail.com,4590816154
1967121,88815,Alexander Carney,Deborah1@gmail.com,4304416790
5386288,90238,Brooke Martinez,Allison89@gmail.com,4660266221
4022533,39164,Thomas Davis,Peggy52@gmail.com,9629035554
8232055,60777,Sarah Wagner,Amanda82@gmail.com,8587650014
8599965,61109,Mallory Fitzgerald,Bryan39@gmail.com,9510227481
7412960,30721,Stephanie Garcia,Christine93@gmail.com,1141033061
4154120,60765,Jeffrey Cook DDS,Beth37@gmail.com,2579542271
7895661,48588,Matthew Martinez,Larry77@gmail.com,6759837817
8656093,57422,Jose Santiago,Michelle15@gmail.com,3593321381
4188301,51811,Jennifer Barker,Misty18@gmail.com,2962207589
6837943,73186,Charles Guerrero,,6962597263
1192732,15115,Sarah Lopez,Shannon25@gmail.com,6638014423
7182499,26652,Ryan Kennedy,Joseph1@gmail.com,3840568074
1082768,84905,Yvonne Thomas,Samantha40@gmail.com,5074766864
1768842,10204,Michelle Russell,Jasmin93@gmail.com,9653481387
6339238,56160,Kelly Jefferson,Julie18@gmail.com,2788805671
7948422,85405,Michael Flores,Alexis71@gmail.com,8914209098
3728904,65580,Andrea Hutchinson,Michael93@gmail.com,3375113916
1215845,73724,Deborah Ortiz,Calvin17@gmail.com,5474243058
8578336,99257,Natalie Myers,Jason97@gmail.com,7144545239
5308325,39743,Sarah Griffin,Jason18@gmail.com,7506780255
7981148,75838,Jessica Owens,Nathan55@gmail.com,6820515107
7671668,60015,Jonathon Hughes,Sheri90@gmail.com,9195040349
7492382,89727,Anita Cobb,Raymond28@gmail.com,4582946163
7216190,13942,Mackenzie White,Jacqueline93@gmail.com,2432472027
5729864,13318,Veronica Robinson,Penny29@gmail.com,4320058281
5562280,18741,Daniel Ramos,Brandon16@gmail.com,5382774943
5362882,65568,William Scott,Donald41@gmail.com,4395858729
8291535,73680,Steven Peters,Michele28@gmail.com,2781879710
2490676,60127,Michael Reynolds,Jennifer14@gmail.com,1719854154
4604198,44829,Michael Harris,Yesenia54@gmail.com,9919678112
5267783,78745,Danielle Ellis,Janet63@gmail.com,5579629222
9433626,72476,Mike Rodriguez,Donald45@gmail.com,1371689108
1061443,22163,Rebecca Sutton,Gerald93@gmail.com,7742842322
5236271,61619,Kim Davis,Nathan98@gmail.com,4141182816
9292314,46965,Mrs. Lauren Lee DVM,Monica27@gmail.com,7994451241
4801061,68938,Angela Jordan,Harry93@gmail.com,2715028114
2808854,90210,Willie Green,Kathryn78@gmail.com,4576133783
5813724,23578,Kristin Johnson,Michael65@gmail.com,9307294081
1960767,79793,Robert Fuller,Shannon65@gmail.com,3605051963
4197396,91300,Thomas Chung,Daniel69@gmail.com,4118646895
6421032,18617,Tonya Smith,Jerome61@gmail.com,6182779985
7971455,74067,Donna Baldwin,Glenn34@gmail.com,6097574972
6914857,91507,Mary Becker,Jocelyn48@gmail.com,9722720857
4163609,32819,Ronald Hill,Ruth29@gmail.com,1333030233
5460588,79952,Karen Davis,Lori63@gmail.com,6835157587
6015904,22318,Bruce Austin,Ryan87@gmail.com,2540433133
5387559,52982,Joseph Decker,Julia52@gmail.com,8668132900
7693563,79097,Joseph Lloyd,,3449658689
3164725,32881,Donald Barnes,Charles98@gmail.com,1885761758
1140848,98590,Luis Baker,Sean1@gmail.com,1882686940
7876517,60135,James Howard,Shannon25@gmail.com,6195044394
3250241,84757,Alyssa Castillo,Travis48@gmail.com,1570562026
8779535,95067,Valerie Norton,Karen85@gmail.com,4055802241
1818867,31500,Taylor Wright,Richard21@gmail.com,1920545764
7861676,73126,Eddie Adams,Alexander99@gmail.com,4695037667
1501532,97218,Gina Knapp,Meagan46@gmail.com,7487702750
6623650,14071,David Hayes,Christopher81@gmail.com,4759019587
8694126,12626,James Martin,Lisa45@gmail.com,6179522221
7606478,11310,Steven Townsend,Donna77@gmail.com,5751995936
9813860,99214,Nathan Crosby,Desiree65@gmail.com,1018976430
4932930,96184,Jeffrey Watts,Gregory31@gmail.com,9930825464
9245872,77024,Miss Rachel Miller,Christopher84@gmail.com,2916751138
3936402,74978,Kenneth Banks,Valerie31@gmail.com,7451241915
5268813,15160,Sean Hill,Caitlin46@gmail.com,4941318722
8250331,77021,Theresa Lewis,Lynn91@gmail.com,7208425234
1205109,18511,Jeffrey Farmer,Michelle21@gmail.com,5227342694
1496994,75973,Danny Beltran,James10@gmail.com,7091172276
3967622,76752,Briana Martinez,Brandon1@gmail.com,5235444273
1205830,86159,Anthony Gaines,Paul79@gmail.com,1130846689
3624616,79449,Kerri Mcdonald,Shane10@gmail.com,5251622256
7930144,71830,David Johnson,Sonya75@gmail.com,2824634474
8948355,95753,Javier Willis,Tiffany28@gmail.com,5787221390
8925971,13049,Mrs. Michelle Williams MD,Chris29@gmail.com,1553821209
9935620,26699,Charles Barber,Amanda7@gmail.com,4500333269
7128178,97631,Ryan Wilkinson,Stephanie84@gmail.com,3502492329
4948768,67321,Matthew Price,Christina70@gmail.com,2530421385
6077254,76520,Jenny Zamora,Rebecca92@gmail.com,3437787041
2612456,77588,Robert Simpson,Anthony3@gmail.com,8282868365
2960880,15575,Samuel Cannon,Jennifer100@gmail.com,5033767276
8470886,78906,Sherri Mendoza,Jeremiah16@gmail.com,9210104086
2055005,78901,Derrick Morrison,Angela47@gmail.com,8136966089
3082800,72192,Jason Reed,Scott77@gmail.com,1638550831
8147404,88711,Anna Armstrong,Albert55@gmail.com,5509952889
2333722,35749,Scott Martin,Teresa60@gmail.com,4286951340
4589699,32948,Adam Medina,Margaret59@gmail.com,7242734092
7025154,50069,Angela Nelson,Eric79@gmail.com,5888419186
3151474,83523,Daniel Gonzalez,Rachael18@gmail.com,7729704889
1995766,92749,Michelle Campbell,Brandon41@gmail.com,5286146147
2152177,10866,Kelly Higgins,Mary70@gmail.com,3204188149
4606062,12796,Kenneth Perez,Andrew33@gmail.com,1690640315
8232911,23057,Robert Smith,Rodney11@gmail.com,2526664736
3445597,48180,Carolyn Newton,Michael35@gmail.com,7124691198
6615472,56819,Destiny Murray,Deborah98@gmail.com,3554066838
1026169,86472,Nancy Meyer,Stephen66@gmail.com,6007330899
3061099,59520,Mary Joseph,Kelly43@gmail.com,7374646585
9418776,82746,Benjamin Brock,Jane1@gmail.com,2040889725
3072111,61989,Alyssa Weeks,George24@gmail.com,5891260322
8874188,48896,Marissa James,Mark56@gmail.com,7211032379
3484584,78312,Lindsay Macias,Bryan18@gmail.com,7916602794
9005063,18404,Christopher Porter,Edward3@gmail.com,3816376039
8137978,74089,Rebecca Baker,Samantha73@gmail.com,7031945023
1509006,64822,Lance Hardy,Mark30@gmail.com,9921361942
3605408,62841,Jon Howe,Eduardo35@gmail.com,8322992953
9412046,20535,Mr. William Mckinney,Kayla65@gmail.com,4145423314
1377193,45263,Sylvia White,Rachel62@gmail.com,6767972532
5819417,77775,April Smith,Jacqueline91@gmail.com,4119581825
1771518,69986,Rhonda Adams,Rachael94@gmail.com,5682380470
2518216,17040,Katelyn Myers,Joshua29@gmail.com,1049683615
7205843,63115,James Griffith,Parker72@gmail.com,5219629027
6772553,55058,Matthew Barajas,Frederick12@gmail.com,4762290104
4107670,88582,Dylan Beltran,Edwin19@gmail.com,8901763358
7080916,27078,Jeffrey Rodriguez,Samuel59@gmail.com,6149572628
2634090,50604,Melissa Lee,Kevin82@gmail.com,6857193421
4407003,38322,Andrew Garcia,Joseph13@gmail.com,4805329457
3196401,54115,Natasha Patterson,Steven25@gmail.com,2976752509
1342435,58064,Melvin Phillips,Kristin67@gmail.com,6295067751
8596279,12679,Alex Griffith,Cody39@gmail.com,3304297024
3598108,54394,Kimberly Sanders,Jacob86@gmail.com,9456835961
1642242,67620,Pamela Allen,John4@gmail.com,2019562894
5598749,87931,Kristy Watson,Sara36@gmail.com,8085790045
1972640,59760,Matthew Moore,Kaitlyn50@gmail.com,8193778675
2532378,73579,Willie Reese,Linda35@gmail.com,5429535830
3030679,55743,Brad Hood,Jason41@gmail.com,2939387430
4595411,18063,Renee Wong,Taylor83@gmail.com,8444784000
3306674,64199,Bonnie Mcintyre,Julia1@gmail.com,8200035023
3001880,31881,Maureen Harrison,Jerry58@gmail.com,4992310505
9848899,28988,Angelica Smith,James31@gmail.com,9661475354
5744052,32009,Ray King,Kaitlyn20@gmail.com,9075673293
6922030,33877,Brandi Murphy,James92@gmail.com,9539441298
3222256,40521,Samantha Myers,Jacob76@gmail.com,7931861139
4817545,66173,Robert Bean,Victoria16@gmail.com,2341490792
7136766,23612,Ryan Walker,Paul59@gmail.com,4031114646
5167397,46808,Patrick Hayes,Jeffery71@gmail.com,7603063472
2067952,54463,Christopher Smith Jr.,Mary72@gmail.com,5592532797
5862131,97464,Kathryn Hurley,Chad90@gmail.com,7256493852
5839115,77114,William Kidd,Chris32@gmail.com,6666857251
8603013,56163,Zachary Bennett,Natalie1@gmail.com,9612589862
6994682,25208,Eric Hughes,Angela66@gmail.com,7340247299
3667436,48035,Dennis Fernandez,Patricia41@gmail.com,2338323791
4720634,33315,Ashley Hanson,Latoya16@gmail.com,7189269430
6994298,41993,Andrew Wright,Tabitha56@gmail.com,7322018680
2313815,15671,Daniel Hoffman,Jessica86@gmail.com,3726621917
1551673,15983,Steven Price,Sandra38@gmail.com,7443221616
5986501,34821,Veronica Bailey,Gail14@gmail.com,9048598699
4820043,89493,Timothy Bruce,Christopher16@gmail.com,4914914995
4015726,31796,Roger York,Clayton44@gmail.com,1646063683
5456678,93069,James White,Edwin9@gmail.com,1428189556
6059791,30043,Selena Browning,Casey14@gmail.com,6831168214
3867375,25627,Stephanie Morrow,Miranda6@gmail.com,2892642632
7995297,22406,Jessica Alexander,Joseph65@gmail.com,7104766344
1300764,98012,Geoffrey Cohen,Christine46@gmail.com,1881219427
2993477,38609,Katherine Palmer,Annette11@gmail.com,2818204669
2900573,10198,Roy Wolf,Christopher29@gmail.com,6228700930
5182920,83444,Robert Robinson,Thomas13@gmail.com,8425109645
1507110,47447,Janice Wilson,David19@gmail.com,4452665197
8396683,84914,John Schmidt,Cory26@gmail.com,7925870390
9411792,99874,Cynthia Mueller,John5@gmail.com,8573683372
5203924,63159,April Stone,Mackenzie79@gmail.com,4909486729
9733461,80213,Brian Jordan,Brian56@gmail.com,4076581769
4273740,30557,Scott Nichols,Jessica9@gmail.com,5695861645
1384200,95196,Joshua Graham,Ann18@gmail.com,4705261238
6551534,48248,Roberta Beck,Jose87@gmail.com,3918248831
5008356,19154,Shannon Hoover,Sarah37@gmail.com,9559329506
9878715,59886,Tina Williams,Angela89@gmail.com,8476817988
9142738,86355,Emily Flores,Kevin23@gmail.com,1166533936
6226073,40839,James Duran,Melinda24@gmail.com,1273815580
9804792,74258,Corey Munoz,Samuel39@gmail.com,5009660152
7101559,40503,Laura Craig,Michelle54@gmail.com,7824163907
9539964,95011,Karen Perez,Susan89@gmail.com,1692837108
9481286,80726,Dr. Deborah Schmidt DVM,Russell19@gmail.com,8947002150
9289727,96014,David Kane Jr.,Shelly23@gmail.com,4698284345
7034704,15918,Tara Lamb,Richard31@gmail.com,9840143992
7820294,72981,Courtney Gillespie,Hannah28@gmail.com,9264234259
4337924,56303,Samuel Davis,John90@gmail.com,6257053728
2737856,53379,Melissa Perry,Joann51@gmail.com,5495114225
2058799,83309,Sandra Bell,Jessica32@gmail.com,7284514481
9313855,80815,Veronica Ponce MD,Richard38@gmail.com,4938923117
1651438,51141,Joshua Becker,Andrea63@gmail.com,5970469230
6695435,13752,Brittany Hall,Victoria85@gmail.com,3500287669
5141828,42784,Heather Mills,Jacqueline69@gmail.com,3248768898
6059378,56405,Lance Russo,Thomas32@gmail.com,2140115606
5359009,25292,Laurie Roth,Nancy12@gmail.com,4160232229
4940467,39892,Michael Obrien,Amber46@gmail.com,1004545045
2345125,61895,Patricia Jefferson,Robert62@gmail.com,9813128903
5012870,72152,Jennifer Diaz,Jillian10@gmail.com,6903471851
7766910,70914,Annette Lopez,Jesse49@gmail.com,4055472100
6677254,30396,Nancy Hensley,Christopher97@gmail.com,2890466138
8101254,29678,Debra Woods,Kevin14@gmail.com,5009715344
4048673,84517,Rachel Edwards,Donald25@gmail.com,6254149311
8451543,89138,Michael Hull,Nicholas42@gmail.com,5494609688
6918391,76944,Shawn Soto,Nancy42@gmail.com,4060437501
2557293,15028,Marisa Mann,Jordan53@gmail.com,2798401768
4080352,72461,James Ellis,Dawn99@gmail.com,9186869375
8928572,16864,Amy Powell,William94@gmail.com,4366157800
6415247,22017,Mark Joyce,Justin85@gmail.com,4987155384
1863624,76262,John Blair,Crystal97@gmail.com,1406527653
8090091,53696,Lance Espinoza,Jacob93@gmail.com,8907487476
5616206,25821,Susan Robinson,Kevin86@gmail.com,3141431790
3299335,41692,Tiffany Stewart,Jessica53@gmail.com,3623858395
1538832,17277,Kristen Warner,Vanessa57@gmail.com,8917823506
6501611,78947,Claudia Beltran,Whitney86@gmail.com,1955188486
3170482,88158,Sergio Villegas,Kara10@gmail.com,5525224965
7876696,93382,Rhonda Wilson,Lisa29@gmail.com,7995428770
2654168,22450,Stephen Roberts,Lori84@gmail.com,3419756627
7910879,90186,Kendra Green,Brian11@gmail.com,4580249818
2568647,34826,John Mckinney,Kenneth78@gmail.com,7886910769
5419313,86578,Cory Miller,Brittany99@gmail.com,7655990940
5700097,79828,Chelsea Wright,Timothy70@gmail.com,9274748734
6380523,57674,Nicole Reynolds,Courtney32@gmail.com,8283944343
4383925,41514,Kristina Murray,Rachel97@gmail.com,3245596762
5439813,82502,Monica Joyce,Ashley72@gmail.com,1836039013
5667061,13685,Tanya Wood,Melinda40@gmail.com,8913218107
8922548,72474,Mark Dixon,James1@gmail.com,6028807372
2902594,79230,Eric Barrett,Paul51@gmail.com,1594714065
7304445,83425,Alexander Robles,Robin92@gmail.com,9305296775
2348387,27674,Christian Cross,Ethan92@gmail.com,4074437717
5754828,84558,Michelle Smith,Brian1@gmail.com,2555511346
9892763,72481,Victoria Cook,Donald8@gmail.com,5732508346
5667576,69948,Jeffrey Griffin,Joel78@gmail.com,4439195056
3926323,28866,Mr. Brian Coleman,Brenda72@gmail.com,8102531058
9557977,40397,Tiffany Simpson,Kevin23@gmail.com,6705567861
3120632,36232,Brittney Cole,David93@gmail.com,3937264386
9278742,51718,Tommy Smith,Melissa88@gmail.com,7185087208
6874748,84768,Crystal Turner,Steve53@gmail.com,2577612752
1994632,29230,Mark Ali,Andrew87@gmail.com,4439879671
3907041,75496,Kenneth Hoover,Lori15@gmail.com,9781375915
3075133,84728,Diane Swanson,Marvin16@gmail.com,2385149995
5328574,97945,Carrie Young,Stephanie56@gmail.com,2149403116
2988729,69503,Mark Kennedy,Haley71@gmail.com,2982587644
8551572,74196,Jennifer Hawkins,Tonya42@gmail.com,3968415033
8282179,77282,Sandra Wise,Kenneth45@gmail.com,4646315053
6541553,54922,Brenda Thompson,Michelle43@gmail.com,4482709677
2468038,72032,Harry Andersen,Ronnie34@gmail.com,4360918296
9940659,67567,Kristen Rogers,Michelle88@gmail.com,6573106769
7370552,85238,Kathryn Day,John62@gmail.com,3853880452
4585958,82579,Patricia Alexander,Michael85@gmail.com,7590084556
9834417,43979,Lauren Mendez,Patrick65@gmail.com,2370719795
6440421,63326,Kyle Sexton,Jacob22@gmail.com,3447593796
9739804,66415,Rachel Ochoa,Matthew7@gmail.com,9137456222
5127743,70620,Timothy Kelly,Zachary88@gmail.com,4466308925
9306896,54391,Robert Rhodes,Suzanne99@gmail.com,5878339759
7286097,83269,Larry Flores,Heather95@gmail.com,5446598994
4585155,38867,Nancy Bennett,Robert97@gmail.com,2574639001
7528073,69151,Edwin Bird,Laura63@gmail.com,9213223143
6264581,66483,Megan Murphy,Steven57@gmail.com,7442988605
2719644,82955,Amy Harris,Victoria94@gmail.com,7936536694
8207221,27349,Cody Daniel,Ann67@gmail.com,1772547646
3725502,50572,Laura Calderon,Theresa22@gmail.com,5576710154
5412933,44469,Eric Price,Sharon81@gmail.com,7261878537
2911490,97376,Dustin Cox,Laura10@gmail.com,9876248057
6413417,47352,Richard Archer,Jason41@gmail.com,7789436950
1748648,91409,Donna Bowman,Eric7@gmail.com,2346103662
8373639,16578,Carol Powell,Kayla75@gmail.com,1263422315
5282919,98176,Kelly Harrison,James19@gmail.com,4335112473
9344532,44695,Aaron Sanford,James57@gmail.com,6083646456
2256177,23726,Christopher Brown,Jeffrey22@gmail.com,1725908291
8114973,16553,Kelsey Lang,Anthony84@gmail.com,7256152952
9810306,31256,David Griffin,Eric16@gmail.com,9438613450
5506138,52444,Jack Jennings,Adam96@gmail.com,7499929497
5881237,78179,Sherri Barrett,Anthony12@gmail.com,9657274889
5726449,90213,Jonathan Cisneros,Michael83@gmail.com,7028784810
5386267,55668,Margaret Molina,Stephen28@gmail.com,5529186255
1154573,30892,Daniel Fernandez,Tanya37@gmail.com,9270421094
1428039,65951,Donald Williams,Gregory45@gmail.com,1931701433
9233857,10160,Jennifer Johnston,Jeffrey62@gmail.com,9512835101
9324426,36225,Kevin Preston,Gloria93@gmail.com,2720074373
2701276,76370,Spencer Lloyd,Angelica28@gmail.com,5830178180
7764147,54753,Jon Hardy,Nicholas4@gmail.com,5045123147
1555832,37681,Wendy Butler,Monica16@gmail.com,2950670012
5733921,70381,Robert Carter,Elizabeth18@gmail.com,5755034458
3467144,71835,Jordan Hamilton,Nathan74@gmail.com,7807667492
1443577,32730,Calvin Phillips,James80@gmail.com,1590132738
8939021,38333,Brandy Morales,Tammy55@gmail.com,9958197334
1666523,90468,Carla Mckenzie,Dustin18@gmail.com,4631654146
1867867,85197,Heather Melton,David92@gmail.com,4931528582
2654259,75113,Sylvia Holloway,Kevin33@gmail.com,5071523393
7424440,27245,Renee Smith,Brenda35@gmail.com,2508218998
8538484,95097,Rebecca Hays,Erin40@gmail.com,6198024779
1244807,85593,Mitchell Michael,Amber82@gmail.com,6173051169
7993516,86578,Elizabeth Young,James74@gmail.com,2228322160
5171377,82087,Lauren Ellis,Charlene53@gmail.com,4438966332
6344757,92614,Michelle Thompson,Kelly48@gmail.com,4446264293
8358067,52480,Amy Jones,Christopher18@gmail.com,1209455915
3624277,20542,Linda Bentley,Jonathan51@gmail.com,8665698735
7625330,69951,Robert Schmidt,Alison62@gmail.com,8142237137
4557098,91313,Larry Wilson,Frances21@gmail.com,9135474342
2150719,52298,Kenneth Francis,Jason89@gmail.com,3607711649
7755147,22696,Amy Bolton,Jessica50@gmail.com,1312098450
7364384,79889,Wanda Park,Christine44@gmail.com,9743195213
3996422,15511,Cheryl Fields,Sarah92@gmail.com,5349867481
9459938,30733,Allison White,Michele90@gmail.com,8403976978
9826366,36292,Richard Ortiz,Jill6@gmail.com,1034304521
7910426,65185,Matthew Moore,Joanna44@gmail.com,4102710728
9671022,44247,John Hernandez,Michaela41@gmail.com,4905673910
6626893,90959,Roberto Waters,Gilbert82@gmail.com,6873238366
5516210,42527,Kimberly English,Suzanne67@gmail.com,3525735350
4261264,78677,Joel Foster,Linda5@gmail.com,9571071839
5686539,36485,Christopher Nash,Melissa61@gmail.com,6976291439
4755863,29206,Brian Skinner,Audrey49@gmail.com,9249680734
2257686,66790,Dwayne Johnson,Mary66@gmail.com,3460857885
7590203,18379,Stacie Clark,Brooke16@gmail.com,2224601665
7238786,81762,Ryan Robbins,Edwin55@gmail.com,4205431640
9516476,11663,Robert Jordan,Jeffrey61@gmail.com,2710489200
3991569,86852,Kim Bishop,Kimberly4@gmail.com,8828680358
2935125,41727,Dean Miller Jr.,Bobby69@gmail.com,9648416909
7640437,53698,Megan Crawford MD,Robert12@gmail.com,8673760081
5708254,89663,Joseph Dennis,Joshua88@gmail.com,6696907636
1345857,16344,Rhonda Simpson,Christina46@gmail.com,7845473316
9849699,15326,Steven Lopez,Jessica28@gmail.com,7188951468
3210342,43605,Chelsea Nunez,Jose54@gmail.com,9528079683
6995417,95496,Anna Greer,Ashley72@gmail.com,5149407565
9358921,63031,Teresa Martinez,Janet13@gmail.com,6538401274
1612047,48854,Tracy Porter,Megan78@gmail.com,1063796323
9351153,32957,Eric Diaz,Joshua21@gmail.com,7948709518
8246869,58975,Linda Lewis,Sarah35@gmail.com,7137319881
5593953,67178,Mr. Ryan Barker,Robert32@gmail.com,9696412969
3545460,91345,Christina Paul,Tiffany17@gmail.com,3127275951
9389079,25169,Bryan Douglas,Patricia68@gmail.com,4593972571
5954506,66188,Donna Thompson MD,Brooke87@gmail.com,4616232670
9697016,29447,Kenneth Barton,Melissa10@gmail.com,5569121265
5996121,24874,James Ryan,Nathan85@gmail.com,1739183382
7534323,25694,Jacob Pearson,Rita57@gmail.com,9004649167
6922881,10571,Ryan Manning,Alex21@gmail.com,4729976862
1487374,98208,Samuel Whitney,Rachel34@gmail.com,4285825019
7417599,55597,Joshua Myers,Steven43@gmail.com,8617201998
8459432,72909,Jordan Campos,Jessica12@gmail.com,9612618332
5494698,62547,Benjamin Wilkins,Sara94@gmail.com,7230059072
7099683,53616,Rebecca Phillips,Shelby40@gmail.com,3092156333
9301475,61864,Paul Walker,Craig54@gmail.com,9659320006
6901693,82078,Maria Fitzgerald,Kathryn82@gmail.com,2255825651
3547480,37901,Michael Lewis,Christina33@gmail.com,5917938477
2934528,55969,Joshua Mitchell,Caroline65@gmail.com,3456712582
4914371,84379,Marcus Rowe,Christopher8@gmail.com,6835449085
3589298,68936,Joann Richard,Jacqueline78@gmail.com,3599909482
9331916,24929,Kristen Barron,Savannah14@gmail.com,9427081321
4620038,54779,Gregory Brooks,Daniel93@gmail.com,5088440672
4747549,97118,Christopher Peterson,Brandy69@gmail.com,3925816713
8094920,53281,Jonathan Wheeler,Justin2@gmail.com,3931148680
,92403,Christopher Blackburn,Nicole97@gmail.com,3717144472
9620233,64436,Katherine Fritz,Dawn68@gmail.com,2250520489
8184101,31242,Carol Webster,Kathryn62@gmail.com,5208797470
5537149,38157,Aaron Wilson,Jennifer61@gmail.com,9169213195
7909352,29102,Brent Franklin,Amy78@gmail.com,1527372937
3248368,85576,Natalie Brown,Melissa34@gmail.com,5501210590
7902726,77560,Brandon Galloway,Barbara32@gmail.com,1194815332
1007419,61286,Stacy Hudson,Lori12@gmail.com,4890767437
9914807,93709,Rita Watts,Dominique95@gmail.com,1950825485
8101664,40785,Albert Bell,Timothy64@gmail.com,3886415835
3938738,43557,Joanna Riggs,Denise6@gmail.com,1766571666
3920048,35980,Patrick Richardson,Natasha18@gmail.com,1777787748
6068685,13439,Scott Bryant,Richard85@gmail.com,6313317084
8624527,15782,John Conley,Lori49@gmail.com,6021138399
6355255,96711,Joanna Reyes,Lori29@gmail.com,8246441538
4007522,55622,Tiffany Case,Morgan56@gmail.com,5627905215
7242303,19274,Jessica Bright,Ronald18@gmail.com,8566556876
9017473,72939,Thomas Martinez,Antonio18@gmail.com,8614111831
7479232,80123,Jessica Franco,Jennifer8@gmail.com,5406108323
8612728,81596,Chase Jones,Megan53@gmail.com,2197524945
8402738,30330,Lisa Nicholson,Maria36@gmail.com,3761030326
7073046,72877,Marcus Mcgee,Christopher4@gmail.com,1046992676
4743266,37251,Stephanie Walker,Tina11@gmail.com,8787657863
8127696,43246,Jennifer Nguyen,Timothy5@gmail.com,7556863737
2395127,34231,William Allen,Samuel23@gmail.com,2707177381
1161606,31634,Richard Gibson,Elizabeth42@gmail.com,6585326360
4612902,18945,Jeremy Thomas,Donna97@gmail.com,2488288892
2211410,40929,Lorraine Anderson,Maurice11@gmail.com,3079247470
9836862,87827,Justin Benjamin,Lisa86@gmail.com,4257806156
6749822,56318,Tina Garcia,Joseph41@gmail.com,6640583570
7584662,45118,Dawn Swanson,Robert21@gmail.com,9059340788
2717696,46236,Nicole Leonard,Cindy76@gmail.com,3036845892
2409644,80535,Tina Woods,Krista73@gmail.com,4760644905
9032511,54029,Elizabeth Lamb,Rebekah46@gmail.com,7384491854
8711637,42187,Thomas Meza,Nicholas55@gmail.com,6941168320
4431725,48189,Stephen Willis,Julia50@gmail.com,3335156020
6648836,78037,Jason Johns,Emily34@gmail.com,3891562807
7009334,97462,Eduardo Mason,Shawn50@gmail.com,6243029291
7037648,33782,Alexis Alvarez,Kevin29@gmail.com,4061776506
8874219,66586,Julian Odonnell MD,Jane59@gmail.com,1656318137
7496822,83202,Nicholas Robles,Charles91@gmail.com,4442457418
3400218,54736,Mitchell Garza,Sherri95@gmail.com,9580047150
2023876,45397,John Cook,John88@gmail.com,2771458062
4705517,34642,Patricia Herrera,Wendy64@gmail.com,2450062203
3322276,11556,Isabel Branch,Latoya29@gmail.com,6765150056
2935193,36739,Zachary Ward,Susan26@gmail.com,6750623985
6449630,83881,Suzanne Jackson,Aimee13@gmail.com,5550074688
7369988,41259,Shane Jordan,Jennifer78@gmail.com,8147790410
6329429,29030,Jessica Stephens,Kristin36@gmail.com,8306804749
4835635,28629,Laura Moss,Brandi52@gmail.com,8997567093
2584873,46593,Cameron Williams,Amy97@gmail.com,2890429438
7703562,84365,Yvonne Black,Kimberly63@gmail.com,6767602575
1605806,34623,Nicholas Martinez,Roberto83@gmail.com,8523728204
5690889,40663,Wendy Garza,Taylor11@gmail.com,5775615782
2859117,64977,Sarah Gomez,David5@gmail.com,7238557139
3557401,62624,Joshua Baker,Melissa65@gmail.com,8114908949
8638793,66325,Theresa Riggs,Christie81@gmail.com,9891418614
9687283,68867,Jennifer Mcgee,Sean70@gmail.com,8131810852
9245922,77942,Laura Hays,Hayley46@gmail.com,2363399627
9048502,77211,Xavier Wright,Sara100@gmail.com,9022767421
5389682,73832,Diane Smith,Gary97@gmail.com,7591947580
5860036,77791,Denise Wilson,Julie72@gmail.com,1040775805
7798244,67502,Travis Ramirez,Jessica41@gmail.com,1675305581
4547374,30603,Shawn Diaz,Hannah60@gmail.com,5217942995
9322369,95454,Kayla Boone,Edwin77@gmail.com,5246446906
1677398,68311,Sara Kane,Beth81@gmail.com,7998861849
7009865,88751,Jay Cortez,Alyssa44@gmail.com,3454483784
3785724,74818,Teresa Carrillo,Aaron85@gmail.com,8439911254
4677311,33798,Brenda Carter,Mary20@gmail.com,9013862465
1602629,53494,Natasha Harris,Julie68@gmail.com,4644707070
7528478,17012,Susan Kirk,Karen66@gmail.com,1980091964
4926332,71160,Christopher Blake,Bernard61@gmail.com,3797690975
1548028,96760,Randall Myers,Gail39@gmail.com,9526681118
3346423,38451,Jennifer Douglas,John6@gmail.com,5210014586
5856610,52542,Michelle Mendez,Nicole11@gmail.com,5451402679
7151423,21659,Tyler Reilly,Christine46@gmail.com,1091648420
7137429,35980,Marie Dixon,Allison14@gmail.com,6911942004
2274427,39228,Rachel Dominguez,Jessica26@gmail.com,8666201374
2057153,88192,Kathryn Carlson,Melissa45@gmail.com,4759903227
8861926,86728,Christopher Hughes,Michael22@gmail.com,2093236833
2715467,42512,Mia Roth,Taylor32@gmail.com,9413002747
4556280,26905,Keith Zuniga,Kaitlyn89@gmail.com,3131102276
8084540,24074,Joseph Nelson,Erik98@gmail.com,6677522725
5538433,82921,Ashley Sanders,Holly96@gmail.com,4092536524
8953390,30705,Raymond Cooper,Michele30@gmail.com,1737846114
5762051,13133,Theresa Fields,Jamie69@gmail.com,3995401029
6931012,91878,Russell Hayes,Ashley8@gmail.com,2832001042
9084659,13847,Melanie Martin,Megan12@gmail.com,8500001436
6183428,49455,Timothy Gilbert,Rhonda76@gmail.com,6362395473
6728968,32796,Joshua Cabrera,John68@gmail.com,9848439933
5735015,23914,Ronnie Acevedo,Philip10@gmail.com,5524454549
7349894,14063,Shannon Mitchell,Henry32@gmail.com,7087312885
5878001,61874,Ronald Wallace,Timothy74@gmail.com,4542137213
6662509,61299,Rick Baker,Robyn62@gmail.com,9181651480
3095231,67338,Jessica Hopkins,Brenda100@gmail.com,7017613569
6206693,52651,Paula Davis,John41@gmail.com,9469053614
3482360,49594,Jamie Warren,Jennifer94@gmail.com,6155017417
4425697,58967,Charles Patrick,Heather100@gmail.com,7241982941
2343354,13383,Linda Murphy,Michelle56@gmail.com,9873171263
2340383,83373,Michael Benson,Matthew43@gmail.com,3922783919
2382883,22108,Jim Lloyd,Julie35@gmail.com,3784626377
2724246,78190,Jessica Smith,Sandra34@gmail.com,7214285662
9790623,90970,Sherri Perez,Daniel83@gmail.com,4625495977
6147803,60970,Tina Espinoza,Stephen52@gmail.com,4313969762
9112848,79684,Todd Crawford,Ryan15@gmail.com,6326526708
1520127,34741,Jacqueline Martin,Kelly100@gmail.com,3826442336
2397059,11129,Dustin Scott,Erin63@gmail.com,8306613051
8634744,15709,Amanda Hensley,Patrick89@gmail.com,9230165467
6024877,71158,Ross Richard,Tracy61@gmail.com,3207931163
7514993,42215,Connie Blair,Laura17@gmail.com,7389828973
8830717,31142,Daniel Gaines,Thomas49@gmail.com,1585292807
9944198,71134,John Webster,Alicia54@gmail.com,4411533063
4537509,27771,Kelly Johnson,Heidi40@gmail.com,7061106509
6619648,40629,Jesse Brown,Charles91@gmail.com,5438295011
2525635,20276,William Edwards,George84@gmail.com,8755646390
3706325,76335,Jeffrey Figueroa,Kyle79@gmail.com,4264644078
1509553,27247,Laurie Price,Stephen44@gmail.com,7283305596
8617648,80855,Ms. Jessica Roberts,Lindsey17@gmail.com,9562195987
9356665,14992,Michael Moss,Michelle86@gmail.com,3142635759
6162335,55945,Melanie Brennan,Ricardo37@gmail.com,2860576699
9517041,60221,Laura Hamilton,James89@gmail.com,9552301897
7078479,86915,Patricia Smith,Shane63@gmail.com,7998402114
8608419,22108,Jamie Morrison,Kevin50@gmail.com,8669803913
8497815,22183,Gabriella Velez,Rebecca68@gmail.com,4938650496
7044504,23504,Olivia Cline,Christina6@gmail.com,3446591365
3019988,23485,Nancy Miller,Daniel74@gmail.com,9977257250
2457195,81534,Matthew Smith,Parker90@gmail.com,3102089989
4812778,79682,Jennifer Conway,Timothy64@gmail.com,5905338882
6576335,62978,Brandy Scott,Cynthia22@gmail.com,3547761519
1127854,59473,Lisa Snyder,Melissa66@gmail.com,3405277109
7857252,42014,Mary Francis,Robert68@gmail.com,6755858511
4377773,11861,Troy Washington,Eduardo5@gmail.com,7008953878
6707763,26850,Tammy Velasquez,William46@gmail.com,5350819680
6617296,18977,James Gardner,Andrew18@gmail.com,7083064723
3677432,61445,Gabrielle Davis,Danielle2@gmail.com,5905609675
9448188,27348,Stephanie Hoffman,Alice36@gmail.com,4924151999
8284584,57267,Anthony Lynn,Jennifer99@gmail.com,7451408173
9126665,39857,Michael Spencer Jr.,Jennifer49@gmail.com,8975209100
2962980,56006,Cheryl Barnes,Kevin51@gmail.com,7928753178
9056726,52027,Alexis Massey,Vanessa8@gmail.com,5965283343
5905565,84754,David Torres,Russell96@gmail.com,1593914412
8033851,44690,Jean Gray,Scott46@gmail.com,8562030013
2539142,85411,Travis Morris,Christopher26@gmail.com,8530335772
8067842,92352,Richard Davis,Caitlin95@gmail.com,4525811808
7198134,65965,John Estrada,Barry24@gmail.com,3210733985
9486090,93408,Patrick Lin,Eric84@gmail.com,9616396565
5860445,88806,Robert Williams,Paul12@gmail.com,6716506598
2328149,38854,Amanda Jones,Cody70@gmail.com,2783013305
7357971,18657,Alexandra Luna,Ashlee44@gmail.com,3891414271
9016468,56672,Kelly Grant,Dwayne93@gmail.com,5326481214
5062809,25682,Michael Johns,Laura14@gmail.com,5737264144
6175454,98361,Joshua Boyd,Briana89@gmail.com,4417027380
5933127,62917,David Walter,Theresa79@gmail.com,3451421653
2195899,85626,Amanda Mack,Benjamin15@gmail.com,9970004681
8224724,72530,Richard King,Sara98@gmail.com,1623532444
1081644,77929,Mariah Mendoza,Eric61@gmail.com,5710265429
6442975,43643,David Clark,Anthony54@gmail.com,8044139456
5856667,50514,Joshua Page,Rhonda40@gmail.com,7335114267
9295003,96985,James Perez,Michael83@gmail.com,1056731119
3609742,33891,Steven Thompson,Mary77@gmail.com,8878309272
6996145,15651,Benjamin Alvarez,Benjamin78@gmail.com,8061105850
8098047,33597,Aaron Watts,Stacy65@gmail.com,3505498344
1058826,66822,Sandra Mullen,Kimberly16@gmail.com,1967759466
7380215,37138,Tracey Martinez,Angela1@gmail.com,7818821955
9425238,24310,Alvin Mckinney,Mark62@gmail.com,7997704726
4649001,41058,David Cunningham,Maria96@gmail.com,6732806387
8962118,55846,Michael Green,Danielle88@gmail.com,2197230925
8723523,96449,Mitchell Galloway,David51@gmail.com,8489735160
1562727,49302,Lindsey Mcdaniel,Leslie87@gmail.com,3239720460
5960149,60187,Anna Smith,Chelsea65@gmail.com,1110531258
3730806,74731,Nicholas Ferguson,Kevin38@gmail.com,5632362536
6641987,36117,Phyllis Harrison,Dale90@gmail.com,7182444927
2285580,17970,Diana Hahn,Jennifer7@gmail.com,7621978609
4349769,43473,Courtney Burnett,Keith8@gmail.com,7986993991
8070559,11702,Marilyn Howe,Jeremy43@gmail.com,8270231950
5109911,28075,Stephen Curry,Sandra32@gmail.com,9383405020
4292334,41121,Jacqueline Mercado,Charles26@gmail.com,4922559873
8855928,88867,Christopher Jenkins,Joshua72@gmail.com,1664573448
9519763,71385,Angela Salazar,Monica3@gmail.com,8495682040
5821174,17911,Nancy Morris,Christina68@gmail.com,8029255455
6820203,77490,Brenda Welch,Patrick53@gmail.com,5054717636
4661031,12449,Andrew Bennett,Daniel20@gmail.com,2874968723
9144750,78141,Matthew Cooper,Dakota28@gmail.com,7804772212
5735032,51668,Zachary Johnson,Christopher84@gmail.com,2006100453
2215328,26960,Ann Wood,Mark37@gmail.com,4361319586
2049216,10460,Jeremy Lewis,Michelle53@gmail.com,6508375767
4726354,42194,April Davis,Ricky95@gmail.com,6290208862
7346545,81195,Laura Dickson,Douglas64@gmail.com,5503167012
1059073,55801,Shannon Williams,Gina7@gmail.com,2882967050
6354203,81823,Lisa Petty,Shannon13@gmail.com,3342229185
6545528,61862,Thomas Harris,Timothy67@gmail.com,5733135146
5359841,15768,Monica Harris,Linda38@gmail.com,7939896153
6734874,42895,Mr. Juan Wilson,Jonathan16@gmail.com,5479009413
3356340,94199,Ryan Matthews,Jonathan80@gmail.com,7268434122
7612100,98509,Jacob Thomas,Nathan90@gmail.com,5695913514
3499288,13337,Stephanie Rice,Henry73@gmail.com,1204283343
5686832,26598,Debra Malone,Robert58@gmail.com,1142983390
6115925,62788,Jennifer Fernandez,Kathleen72@gmail.com,1559756696
7352915,68820,Courtney Wagner,Jason72@gmail.com,4074544539
8575938,46848,Steven Russell,William62@gmail.com,2664776766
2025411,90431,Phillip Gonzalez,Megan17@gmail.com,7207362836
7202698,64205,Valerie Griffin,Stephanie50@gmail.com,2353914129
7786004,71171,James Adams,Deborah57@gmail.com,3090184411
9986287,90989,Alyssa Nichols,Tara93@gmail.com,9202140190
3083362,73515,Raymond Olsen,Glenda89@gmail.com,8522817092
1057768,54941,Charles Sanchez,Angelica79@gmail.com,6065465516
9547311,51580,Russell Price,Janice54@gmail.com,2252130780
1052357,18057,Wesley West,Angela29@gmail.com,9595593156
6439656,85956,Angela Alvarez DDS,Tracy62@gmail.com,5988753495
9906811,53082,Diana Burns,Christopher17@gmail.com,8474094319
6550445,71779,James Lutz,Tamara12@gmail.com,6561501313
3550282,81732,Luis Thomas,Charles60@gmail.com,8533199269
2857332,79049,Todd Rodriguez,Justin94@gmail.com,4953698668
3961739,54713,John Hall,Christopher74@gmail.com,8344347989
2822290,52612,Stacy Doyle,Logan33@gmail.com,6943693652
4055196,16800,Alexandra Smith,Brenda87@gmail.com,7332228237
9146396,99355,Evelyn Walker,William32@gmail.com,9228068105
1686056,26753,Daniel Blanchard,Alicia55@gmail.com,5363524664
5060936,66805,Heather Nichols,Patricia32@gmail.com,1344845099
1361713,44148,Susan Dawson,Robert43@gmail.com,9179462374
6288044,97347,Megan Collins,Kevin70@gmail.com,3215979495
8831046,97874,Michael Brown,Kimberly13@gmail.com,5279383204
2474249,42786,Morgan Snyder,Christopher43@gmail.com,2871077351
8323601,96037,Matthew Gross,Joy97@gmail.com,9239936179
9611931,62106,Curtis Horton,Madison8@gmail.com,1735095899
9087672,66624,Abigail Ingram,Jose100@gmail.com,2695798286
8401213,40348,Charles Novak,Sarah92@gmail.com,8185691415
7209995,10984,Theresa Gray,Philip73@gmail.com,2091299319
3139082,18805,Lisa Salinas,William37@gmail.com,1569274515
8902651,23851,Ronald Joseph,Melissa92@gmail.com,7675516452
3293115,29281,Valerie Mclaughlin,Christopher9@gmail.com,7269475778
7423110,39208,Michelle Campos,Lisa15@gmail.com,3993090517
9771836,77324,Joseph Sanchez DDS,Peggy89@gmail.com,9337243458
4662507,10850,Heidi Smith,Jason51@gmail.com,2788361391
1758317,93776,Rachel Mcdaniel,Debbie32@gmail.com,9267952449
8240684,47572,Thomas Gonzalez,Teresa20@gmail.com,8517636129
1766235,25062,Adrienne Harris,James19@gmail.com,2609922226
1111348,97454,Jacob Moore,Peter63@gmail.com,2061174549
5064692,82368,Tiffany Morgan MD,Catherine16@gmail.com,4932255308
9574057,30929,Daniel Mcgee,Mark28@gmail.com,4026601106
3158816,11107,Brian Cobb,Michelle35@gmail.com,9105709209
1815327,54912,Gregg Benson,Jennifer32@gmail.com,8288189264
5246526,78795,Gregory Cohen,Robert29@gmail.com,5256739565
6518236,13600,Pamela Holmes,Elizabeth50@gmail.com,2655710285
9650565,95890,George Alvarez,Elizabeth59@gmail.com,6482396144
1093556,94497,Janet Martin,Michelle38@gmail.com,2789985638
1758787,64999,Cesar Sherman,Amanda41@gmail.com,8305073144
5538087,29924,Shelby Young,Melissa41@gmail.com,4491327404
4765193,86271,Christopher Wilson,Jacob45@gmail.com,8769022182
5022675,62207,Matthew Bailey,Holly12@gmail.com,7031723425
4434973,87208,Sharon Kramer,Tiffany43@gmail.com,7553309536
2023475,33555,Dawn Burch,George89@gmail.com,3414609961
2142693,91698,Michael Huff,Dana25@gmail.com,9788420383
7626858,87486,Chad Carter,Bryan23@gmail.com,1805210906
7872665,69724,Chloe Morris,Tanya13@gmail.com,2925669830
9347418,77949,Brenda Miller,Bruce7@gmail.com,4519953018
3106111,71830,Gary Cook,Thomas90@gmail.com,6026680093
4196073,81236,Amy Alexander,Richard52@gmail.com,8850286478
9531110,21259,Eric Hutchinson,Hannah51@gmail.com,2927706986
7608990,81676,Jack Cross,Natalie49@gmail.com,6660171153
2687103,33324,Matthew King,Briana76@gmail.com,6750929746
6568488,90388,Gregory Richardson,Richard35@gmail.com,4612298957
9186720,14449,Jordan Peterson,Jose84@gmail.com,5458416296
3554325,34430,Kathleen Flores,Mitchell7@gmail.com,1663441735
1527317,23318,Jessica Sanders,Charles20@gmail.com,1426414784
1876739,39220,Christopher Wagner,Heather19@gmail.com,5470722291
1409408,10087,Logan Jackson,John38@gmail.com,8151736214
3909899,25806,Karla Briggs MD,Lisa8@gmail.com,6099485803
6410840,12955,James Morgan,David78@gmail.com,8645689627
3666758,50924,Michael Grant,Deborah13@gmail.com,7124227407
9064090,70745,Megan Mcclain,Jared7@gmail.com,9788944611
2049323,89399,Jordan Morales,Sarah62@gmail.com,1517270595
8047310,23096,Sarah Blackburn,Alexis14@gmail.com,2186427583
2086271,53591,Stacey Allen,Darryl87@gmail.com,9086174797
2319511,71837,Cathy Perry,Russell13@gmail.com,1489644404
2428176,71208,Steven Short,Barbara97@gmail.com,6691496883
4462371,71993,Aaron Holden DDS,George50@gmail.com,5143907343
3174482,85147,Gerald Simon,Alicia67@gmail.com,7826641539
2690263,71025,Andrew Arias,Audrey87@gmail.com,8620448502
2348678,86014,Amy Wright,Glenn77@gmail.com,9962310423
2252211,75268,Robert Werner,Jerry43@gmail.com,5844429847
4672677,37214,Joseph Harrison,Sean92@gmail.com,4507569992
5438954,55140,Tamara Boyd,Joshua78@gmail.com,9720593135
9628085,89790,Nicole Nguyen,David16@gmail.com,4395649795
9043604,30425,Michael Weaver,Frank96@gmail.com,3606024249
5128889,78206,Dana Gonzalez,Billy14@gmail.com,4277510019
2277889,11819,Timothy Hunt,John21@gmail.com,7310619571
3504899,56302,Shane Flores,Kristopher48@gmail.com,8663083142
5505397,98909,Mary Riley,Joseph39@gmail.com,8704781457
2670326,90425,David Vang,Danielle67@gmail.com,5412704356
1027816,63723,Joanne Knight,Paul39@gmail.com,3197936595
8273090,84467,Andrea Adkins,Amber69@gmail.com,1155390420
2917415,50066,Cynthia Perez,Ethan3@gmail.com,9390261854
5035327,72366,Theresa Howard,Steven16@gmail.com,4356605447
5722556,83065,Joshua Smith,Jessica49@gmail.com,4463994119
6814564,45129,Alexa Wagner PhD,Zachary9@gmail.com,5680647566
3289108,70010,Nicholas Avery MD,Rebecca58@gmail.com,1529603577
3526257,74626,Michael Ortega,Daniel84@gmail.com,1338142710
3593421,19926,Anthony Gray,Thomas7@gmail.com,7500353656
5013885,87103,Allison Alvarez,Howard39@gmail.com,6989898485
1044459,93874,Scott Davis,Susan46@gmail.com,8424940818
2046479,94810,Daniel Johnson,Amanda66@gmail.com,9613492856
5268144,82474,Charles Nichols,Brenda6@gmail.com,6142693393
7209414,16273,Rodney Stokes,Matthew5@gmail.com,3342616481
4474082,10604,Troy Estes,Tony29@gmail.com,9702812978
1359905,31559,Robert Miller,Adam2@gmail.com,8687573589
8662223,20869,Angela Jefferson,Tyler75@gmail.com,1951038991
6208678,61951,Lindsay Moody,Brandi8@gmail.com,4733516079
7608174,35380,David Mays,Stephanie75@gmail.com,8237845402
4653576,80662,Joseph Howard,Scott30@gmail.com,6780757610
1729363,33230,Alec Johnson,Rebecca60@gmail.com,3157591995
7961948,91162,Mark Silva,Carolyn1@gmail.com,8132471259
6138179,86662,Paul Campbell,Michael11@gmail.com,1672000170
9915865,19008,Kevin Coleman,Earl96@gmail.com,1520375404
5101708,77790,Mr. Daniel Baker,Kelsey35@gmail.com,6527801603
5210535,19182,Amanda Mason,Frederick10@gmail.com,9237765901
6064988,18287,Tom Johnson,Kayla58@gmail.com,5763065827
3854347,70292,Carol Johnston,Samantha3@gmail.com,6205954929
6404217,97966,Claire Anderson,Tammy40@gmail.com,5577199748
9989291,57113,Meghan Aguilar,Philip14@gmail.com,4410617823
1589162,81608,Christina Rodriguez,James2@gmail.com,2014511323
9312152,15827,Maria Hernandez,Eric23@gmail.com,4216947286
3714142,43940,Sarah Gillespie,Brandon65@gmail.com,6042416903
2198212,12626,Mary Watts,Heather12@gmail.com,4469131052
4294291,95517,Heidi Lyons,Amanda48@gmail.com,3510315920
8839776,88796,Amy Lopez,Tammy12@gmail.com,6769158123
5739689,47025,David Marshall,Jason43@gmail.com,8598667542
6757106,46764,Suzanne Rangel,Steven68@gmail.com,1015671258
2233420,86955,Monica Curtis,Adam19@gmail.com,1864896591
6506759,77121,Amy Daniel,Edward48@gmail.com,8936690524
9681440,86599,Jonathan Black,Dustin46@gmail.com,9624652213
3093725,42343,Brian Fields,Tracey28@gmail.com,9831688788
8881962,72227,Paul Ramsey,Gerald42@gmail.com,4868860422
2180646,94804,Matthew Clark,Cynthia64@gmail.com,2630611328
7226772,74247,Timothy Berry,Jesse7@gmail.com,5211476882
6518666,44564,Jason Bender,Danielle35@gmail.com,5960280878
3576007,73155,Cathy King,Benjamin95@gmail.com,1652513735
9933147,22089,Sarah Chandler,Diana41@gmail.com,2049868329
2440380,42649,Christopher James,Brandon25@gmail.com,6912808465
3665832,95487,Mr. Jeremy Lewis,Oscar13@gmail.com,7207591881
5351039,89666,Jennifer Valdez,Douglas92@gmail.com,7641047594
4810461,81400,Stephen Sanchez,Rachel89@gmail.com,1219724314
2731507,98962,David Silva,Roger65@gmail.com,5587917156
3281924,71261,Brian Sexton,Jeff68@gmail.com,2940904746
5305988,33189,Rebecca Owens,Diana42@gmail.com,5934285413
3691726,31640,Mary Robinson PhD,Kristy57@gmail.com,2092943788
2927520,40524,Nathan Chapman,Brad53@gmail.com,7164831980
2440813,64902,Mary Gross,Aaron33@gmail.com,3117651439
7905873,71540,Brandy Rodgers,Maria17@gmail.com,2619056172
6049688,24100,Derrick Johnson,Brittany60@gmail.com,7083019093
8593434,26827,Alex Cox,Eric19@gmail.com,2640620927
1794057,84139,Henry Hughes,Nichole99@gmail.com,8720504606
5991813,98531,Paula Suarez,Cristian3@gmail.com,4781799237
2097145,29782,Andrew Douglas,Kayla61@gmail.com,9453728823
3255112,26794,Terry Cooper,Steven31@gmail.com,7390833857
9961988,18892,Jonathan Tucker,David21@gmail.com,7001202765
5574342,65893,Heather Medina,Erik59@gmail.com,5283913342
1287286,86910,Jonathan Campbell,Aaron57@gmail.com,9009767270
6778221,87260,Joshua Gutierrez,Chad32@gmail.com,1010200707
2358665,92467,Marisa Patel,Maria81@gmail.com,8283740718
5694001,20087,Brandi Spencer,David86@gmail.com,3979054369
7068276,41008,Jill Osborne,Francisco26@gmail.com,3450757792
2678967,99925,Patrick Manning,Daniel84@gmail.com,5309211015
7547780,46005,Cassandra Gray,Scott75@gmail.com,3976195521
6013794,52582,Joshua Watson,Adam91@gmail.com,2013114836
1369071,18505,Judy Nguyen,Andrew77@gmail.com,4003872149
3805169,72934,Sheri Arias,Jennifer74@gmail.com,9741160315
3019337,67101,Heather Smith,Toni41@gmail.com,8857992400
6870754,48685,Megan Wyatt,Stacy64@gmail.com,8964837822
6222978,92654,Bryan Aguilar,Dan74@gmail.com,5244808893
2068933,27923,Derek Golden,Valerie22@gmail.com,7247158976
3606851,96400,Lisa Cortez,Elizabeth5@gmail.com,8966191459
9296879,44000,Jennifer Murphy,Christopher24@gmail.com,3009166720
2557408,10390,Shannon Alvarado,Robert90@gmail.com,3146343309
6117232,69216,Keith Weaver,Christopher44@gmail.com,3999197912
5207881,16230,Patricia Crosby,Michelle90@gmail.com,8933432617
3797815,70836,Daniel Rodriguez,Maria80@gmail.com,2310145533
5900329,83431,Susan Villa,Erin72@gmail.com,8660049516
7637336,28561,Susan Flores,Amanda12@gmail.com,1389880130
5175119,45057,Douglas Wolf,Kim29@gmail.com,9892827754
3200800,86534,Kenneth Duke,Arthur92@gmail.com,2666138461
3823492,10866,Vanessa Deleon,Laurie92@gmail.com,2938112821
7556167,65208,Patrick Anderson,Kevin70@gmail.com,8443137974
2577011,17783,Ian Allen,Meghan28@gmail.com,6168394241
8371815,63772,Rebecca Moore,Diana8@gmail.com,2556577149
2563851,76584,Alicia Oliver,Jacob87@gmail.com,8978716006
7482860,46044,Sarah Mason,Stephen96@gmail.com,7757083383
4018615,88292,Yvonne Leonard,Anthony97@gmail.com,7999720852
1320765,63540,Andrew Griffin,Jennifer30@gmail.com,4540040647
4981710,13841,Jordan Vincent,Paul23@gmail.com,3706316612
2314073,49304,Reginald Jimenez,Wesley71@gmail.com,7932317470
8986463,51133,Mary Christensen,Brandon41@gmail.com,7918749501
4489656,74690,Brandi Knight,Robert35@gmail.com,1413789248
7763225,55468,Brandy Cruz,Jessica12@gmail.com,1331865177
4814284,13660,David Mitchell,Crystal30@gmail.com,4232576564
2666014,72082,Laura Anderson,Michael49@gmail.com,4807523831
1588800,94974,Nicholas Sanchez,Maria77@gmail.com,6156248758
8207790,79473,Anna Hickman,Ashley70@gmail.com,3033742458
9244583,26423,Shelley Hamilton,Amber13@gmail.com,9567906407
2361949,92767,Matthew Bryant,Taylor6@gmail.com,1667074409
9464079,11994,Teresa Young,Timothy16@gmail.com,9991080346
1182313,67667,Zachary Smith,Dwayne20@gmail.com,9966210413
6307647,82122,Brandon Manning,Margaret43@gmail.com,6535125653
1999578,36671,Ashley Berry,Diane69@gmail.com,3962057923
5402593,87345,Dwayne Braun,Victoria2@gmail.com,1141182402
8078057,83174,Debbie Tucker,Jason3@gmail.com,4565167500
1477161,35299,Christopher Smith,Eric87@gmail.com,6102342728
8171467,91907,Kyle Lane,Tamara88@gmail.com,2482257130
6748949,46832,Alex Moore,Jennifer17@gmail.com,1142975327
7892211,94287,Evan Sanchez,Sean65@gmail.com,3663563790
6070750,48713,Thomas Rivera,Paul55@gmail.com,4619563983
6190931,33616,Jordan Whitaker,John51@gmail.com,9842827203
1782177,79970,Evan Ray,Kayla38@gmail.com,7178340494
5139380,38252,Amy Vasquez,Kathy59@gmail.com,3495873226
9090788,55526,Elaine Morton,Christian68@gmail.com,5375748373
9726294,,Allison Moore,Corey40@gmail.com,1866944422
2149066,49204,Gabrielle Jones,Edward54@gmail.com,6961333273
8316345,12276,Theresa Smith,Allison10@gmail.com,3036871933
6351055,70527,Cassandra Anderson,Briana98@gmail.com,4023682750
8984629,58011,Richard Ruiz,Steven65@gmail.com,5981420678
9514981,72950,Maria Massey,Nancy35@gmail.com,4491368106
2176142,94907,Cassidy Stewart,Erica45@gmail.com,2586514846
7622267,30206,Amy Martinez,Tracy80@gmail.com,9586615517
2102666,38820,Nicholas Gay,Mary34@gmail.com,8689901450
9663927,92235,Jeffrey Silva,Kiara27@gmail.com,2669963084
9093831,21615,David Flynn,Amber70@gmail.com,2536072220
9245715,75085,Kristen Carter,Jessica36@gmail.com,9801920173
8659531,25591,Robert Davis,Patrick24@gmail.com,9304203039
2995335,52144,Stephen Williams,Kurt56@gmail.com,9036158053
5491011,20853,Colton Cohen,Kellie15@gmail.com,6907174788
4367011,51215,Denise Daniels,Kayla69@gmail.com,2815751844
5468770,50858,Tina Flores,James32@gmail.com,1991275773
1484192,26646,Allison Hernandez,Denise93@gmail.com,6271302095
3682718,95702,Shane Gibbs,Jennifer8@gmail.com,9062577732
1446208,86736,Dale Roberts,Wendy77@gmail.com,8331644667
7513761,98132,Jeremy Johnson,Robert29@gmail.com,4863733247
4647765,71101,Stacey Andrews,James51@gmail.com,9930392657
4016291,79808,Felicia Barnett,Joshua22@gmail.com,5981895608
9819280,,Austin Duran,Patricia77@gmail.com,4300328279
5266847,10309,Ronald Owens,Andrew27@gmail.com,8390067139
6373274,16499,Jason Ferrell,Donald61@gmail.com,8027706977
8271941,85698,Robert Rosario,Joseph33@gmail.com,7396031702
9074200,59705,Scott Davis,Kimberly19@gmail.com,3089016132
2261025,38634,David Douglas,Jacob58@gmail.com,5905971084
7445863,64736,Sarah Medina,Carolyn18@gmail.com,5672302073
8680591,46619,Stephanie Davis,Ryan44@gmail.com,3553074713
3146649,80155,Frank Johnson,Nathaniel13@gmail.com,6836551175
3974762,43051,Dennis Robles,Brian99@gmail.com,3038416924
5355804,13440,Cameron Black,Kelly69@gmail.com,8132065764
1907737,59643,Thomas Martinez,Kaitlyn6@gmail.com,8450720719
8364794,66137,Bradley Young,Gregory26@gmail.com,2750300818
7175517,61335,Kevin Wood,Dennis30@gmail.com,8408153222
2179695,99942,Heather Fernandez,Rebecca20@gmail.com,2594244306
1611309,64195,Danielle Blankenship,Amanda50@gmail.com,7084356608
4999187,39482,Alexander Mitchell,Teresa40@gmail.com,3258773223
4898901,19620,Autumn Moore,Jeremy59@gmail.com,7422138360
2716962,65421,Michael White,Alexander62@gmail.com,8942940401
7513123,25667,Marc Meadows,Anthony12@gmail.com,8851641292
7892123,75987,Michael Lin,Seth15@gmail.com,3699375489
4979886,13951,Hannah Foster,Kaylee44@gmail.com,9108189335
1255403,38121,Kimberly Serrano,Brenda7@gmail.com,2131447239
5369780,87040,Wendy Harding,Samantha23@gmail.com,5162919496
7010881,34478,Gloria Chen,Robert14@gmail.com,7406239816
8766744,27423,Matthew Pratt,Debra88@gmail.com,5819080834
1923226,67516,Adrienne Mitchell,Thomas86@gmail.com,4381453639
8351032,70931,Michael Fitzpatrick,Angela5@gmail.com,7067135037
2183468,67921,Amanda Daugherty,Kayla52@gmail.com,8345434817
1739641,94874,Andrew Wright,Madison26@gmail.com,2153564981
6887173,30113,Laura Weaver DDS,Edward67@gmail.com,8363544700
3887036,69391,Melissa Jackson,Daniel72@gmail.com,2850801266
5808085,48351,Alexander Moreno,Michael16@gmail.com,9639907462
6198620,15662,John Taylor,Leslie60@gmail.com,5832159978
3064545,88774,April Franklin,Alyssa38@gmail.com,6849268894
1230240,76122,James Adams,Duane25@gmail.com,8092122150
5434572,89456,Amanda George,James52@gmail.com,8802243791
5166930,93802,Diana Luna,Albert25@gmail.com,9036018429
7589983,22129,Jamie Ramirez,Bridget93@gmail.com,2956877051
8502093,70639,Margaret Oneal,Stephanie47@gmail.com,8386407287
8427511,37322,Kelly Potts,William39@gmail.com,1226692260
9430587,68335,Justin Stephenson,Jill99@gmail.com,3932777822
5015111,91236,Jared Benson,Timothy2@gmail.com,6930956767
7093747,85769,Jennifer Brown,Claire84@gmail.com,3438444279
3029625,83310,Bianca Hoffman,Jessica20@gmail.com,3988986769
4156303,24915,Javier King,Francisco55@gmail.com,2660718315
1952328,78874,Tiffany Olson,Heather98@gmail.com,4882542086
6034121,24068,Alexandra Anderson,Samuel60@gmail.com,6195554849
1505412,34114,Jacob Hernandez,Michael26@gmail.com,9982334509
5223726,38285,Michele Cook,Kelsey51@gmail.com,9332020785
3327414,75165,Amanda Young,Levi6@gmail.com,3876480781
2630432,67828,Jenny Shea,Michael62@gmail.com,4517185706
5510417,37161,Jeremy Rodriguez,Laura19@gmail.com,9654595378
1071026,54092,Timothy Buckley,Michael61@gmail.com,6135349585
2856623,45754,Melanie Mitchell,Kimberly95@gmail.com,5570096743
6953035,20293,Jason Davis,Matthew15@gmail.com,6640656379
3756542,77948,Daniel Wilson,Holly78@gmail.com,7644536179
5609487,23000,Chelsea Harrison,Jacob78@gmail.com,3973023043
2503489,81905,Alejandro Melton,Stephanie34@gmail.com,7804245468
9588368,19912,Meagan Castro,Alejandro52@gmail.com,5478015301
2657720,73812,Danielle Watson,Tyler98@gmail.com,7943200445
8583639,34496,Charles May,Shane40@gmail.com,8214609645
6345258,49546,Bobby Phillips,Clifford23@gmail.com,4466468801
9921616,75004,Michael Guerra,Anna42@gmail.com,9885202158
7778648,89505,Amanda Garcia,Jo84@gmail.com,3932790088
8722221,51601,Abigail Cameron,Suzanne14@gmail.com,2146908308
4019859,88292,Christine Becker,Chad45@gmail.com,5247324055
1991747,58316,Miss Kimberly Martin,Rebecca100@gmail.com,2385861177
9569542,99776,Shannon King,Tiffany43@gmail.com,1877757887
9489760,39415,Kathleen Torres,Emma58@gmail.com,3569286898
4884581,69505,Sabrina Castillo,Tricia58@gmail.com,6688451182
4642462,92382,Philip Aguilar,Marcus96@gmail.com,2545493053
9092687,77833,Megan Lyons,Kelsey76@gmail.com,8848680840
9040424,12268,Gabrielle Stewart,Michael83@gmail.com,4471476025
5882845,45403,Nancy Gutierrez,Jennifer46@gmail.com,2614556640
5042957,74771,Lori Gilbert,Brianna98@gmail.com,7529097995
6686116,50614,Russell Bradley,Sabrina55@gmail.com,6637233933
7412834,32196,Wendy Mann,Stephen9@gmail.com,4380035468
1160624,15451,Mrs. Ann Ryan,Jennifer43@gmail.com,5177114674
4690790,95146,Alison Stevens,Thomas35@gmail.com,1964204872
6802373,70806,Glenn Porter,Melissa42@gmail.com,4253886603
4418809,31991,Christopher Moore,Sarah30@gmail.com,7883342983
8400164,41274,Natasha Patel,Brittany79@gmail.com,5436740350
9186260,75487,Jeremy Thomas,Peter62@gmail.com,9149585853
7158888,38731,Michael Mendez,Tommy15@gmail.com,6034009049
4106278,41542,John Day,Abigail49@gmail.com,8030360921
8573313,60868,Nicholas Deleon,Shawn57@gmail.com,6454250925
4963432,22057,Lee Clark,Melissa62@gmail.com,2670576151
5871670,45558,Ray Walton,Daniel47@gmail.com,2550145074
9704473,94309,Brett Sutton,Renee89@gmail.com,7427607587
8180830,73714,Micheal Guerra,Ryan19@gmail.com,9834220900
4484878,91689,Scott Wright,Darlene49@gmail.com,2577957693
3827488,68306,Eric Peterson,Natalie14@gmail.com,9193378070
3772845,37924,Andrew Conrad,Jeffery20@gmail.com,5650577267
6104080,28418,Alice Barber,Patty78@gmail.com,7563620470
8017873,97320,Dawn Davis,Barbara83@gmail.com,8515239376
9749497,58579,Kevin Alexander,Danielle90@gmail.com,2192664065
6834102,41222,Jason Nichols,Alicia79@gmail.com,1493754809
5592149,35928,Jacqueline Perez,Richard95@gmail.com,8285859109
8937386,23254,Brian Wood,Edward24@gmail.com,6629060703
2226314,89705,Michael Jackson,Kyle32@gmail.com,7246729645
8986189,47136,Brandon Campbell,Franklin11@gmail.com,4165464027
1743238,33211,Christopher Clarke,James46@gmail.com,6825502635
3795891,84737,Barbara Williams,Danny12@gmail.com,5678161240
9341561,85756,Peter Valenzuela,Erin90@gmail.com,
7776520,74087,Timothy Zimmerman,Anthony68@gmail.com,4344883086
7861717,68196,Brenda Knapp,Sierra54@gmail.com,9409834054
5149826,50380,Thomas Reed,Sarah97@gmail.com,5652411270
7212877,91101,Jeremy Alvarez,Alexandra98@gmail.com,9395501759
9048139,91166,Antonio Johnston,Wayne42@gmail.com,4109249254
4684749,62973,Taylor Morse,Amy29@gmail.com,1233722528
6158807,64920,Eric Edwards,Robert58@gmail.com,2490163848
2700259,66698,Tiffany Jackson,Kevin57@gmail.com,3063841409
4080753,73727,Jasmin Arnold,Adrian45@gmail.com,8465983174
2402998,23734,Angelica Gray,Kimberly4@gmail.com,3777790883
5542844,89291,Amber Vazquez,Sara46@gmail.com,4210947362
3900221,73248,Deborah Downs,Kyle30@gmail.com,5179514009
8790711,14227,Christopher Davis,Christopher12@gmail.com,4538631823
6281962,84920,David Lee,Rachel40@gmail.com,7611478453
6371498,31845,Travis Davis,Gregory16@gmail.com,5040615706
4081483,67157,Jessica Dickson,Jill87@gmail.com,1365406525
5829660,48846,Robert Wong,Thomas39@gmail.com,4874868378
6177511,64561,Brandi Schultz,Bradley38@gmail.com,3290754401
5791121,39832,Jonathan Copeland,Cheryl79@gmail.com,6564900145
5876364,14464,Candace Pierce,David98@gmail.com,9763271541
8579746,66291,Joseph Stanley,John25@gmail.com,6862351169
1535761,17446,Karen Scott,Molly77@gmail.com,6539920956
9641104,40870,Victor Mitchell,Donald5@gmail.com,9155390484
6048902,50543,Joseph Bennett,Jacqueline37@gmail.com,2182701983
8645609,27403,Victoria Rivera,Keith25@gmail.com,4938802889
2850258,50570,Jessica Roberts,Richard49@gmail.com,2075567167
8278939,88700,Sara Sanders,Amanda84@gmail.com,8182175799
6360238,51067,Cory Mccormick,Tiffany15@gmail.com,4964467854
1850975,55943,Samuel Garcia,Erica18@gmail.com,2286098721
5873350,64035,Sherry Day,Richard11@gmail.com,4648134375
7938281,29537,Andrew Smith,Jeffrey35@gmail.com,5688152066
5960043,25415,Jason Ryan,Francisco83@gmail.com,7170389859
6978115,47370,Jessica Flynn,Erin43@gmail.com,8743254762
4197642,33396,Carolyn Rivera,Joseph55@gmail.com,5961159644
2503035,79397,Heather Booker,Brandon60@gmail.com,4965468234
4881302,49558,Robert Taylor,Steven81@gmail.com,9714353504
7861861,76730,Ryan Williams,Sarah99@gmail.com,9490512664
4996357,55701,Cameron Mitchell,Douglas73@gmail.com,1754260371
9527798,70095,Richard Archer,Rodney73@gmail.com,4774458414
6956056,12247,John Merritt,John3@gmail.com,5887071194
5142655,28990,Joshua Contreras,Mitchell14@gmail.com,3915479967
6744717,12200,Bobby Cooper,Melissa87@gmail.com,5665453987
8928651,24409,Christopher Park,Stacey15@gmail.com,2987144988
5063125,75025,Jeremy Miller,Tiffany4@gmail.com,5679027638
9464794,38579,Jeffrey Hahn,Dale50@gmail.com,7766620549
6003016,21003,Christina Bailey,Kayla59@gmail.com,6437509523
6649265,21529,Roberto Diaz,Kristina61@gmail.com,8980447186
2208724,96375,Megan Mitchell,Hannah24@gmail.com,5587641922
3314335,87243,Julia Howard,Joann53@gmail.com,1180884535
5275410,78524,Jesse Hogan,Victoria37@gmail.com,7280463238
8832544,57705,Victor Roberts,Brittney48@gmail.com,5212390076
5698957,96340,Justin Jimenez,Danny53@gmail.com,2163404885
1999578,57045,Joshua Webster,Sharon99@gmail.com,1921284457
8128302,88731,Tina Willis,Pamela63@gmail.com,5419504878
6729418,98565,Ernest Nicholson,James92@gmail.com,7538952176
8476569,52325,Lisa Garcia,Jonathan44@gmail.com,8308059194
2695351,99860,Lori Pena,Albert94@gmail.com,5546038947
9539893,63342,Daniel Barton,Colton47@gmail.com,1505915120
5211030,90993,Terrence Holder,Samantha13@gmail.com,4426835649
2047890,18679,Jeffery Fowler,Lauren56@gmail.com,4561176180
5900577,31175,Kristen Kramer,Susan22@gmail.com,8593722425
9927641,98511,Douglas Carpenter,Gary45@gmail.com,6141924950
3911364,54626,Rebecca Allen,Carla7@gmail.com,5444848669
2317233,38237,Todd Best,Alexandra26@gmail.com,4548820459
6747340,65906,Nicole Jones,Alexander92@gmail.com,5277213927
9539089,68317,Luke Willis,Diana45@gmail.com,2395892212
6499093,29218,Steven Johnson,Jennifer68@gmail.com,6566976001
5323591,99921,Derek Conley,Jennifer1@gmail.com,9809973454
9915867,31812,Steven Ball,Eddie85@gmail.com,3738226380
4973617,66675,Sarah Dixon,Katelyn3@gmail.com,1164376513
8268623,67258,Karl Medina,Randall24@gmail.com,3612328780
6050937,79917,Deborah Moore,James46@gmail.com,4820169723
4520073,27388,David Spencer,Andrew34@gmail.com,6856705272
3173283,22535,Jason Morris,Matthew61@gmail.com,6627955986
5768628,57221,Brian Scott,Tyler72@gmail.com,8004028422
6626306,26277,Lee King,Michael12@gmail.com,4981936628
3086649,11931,Richard Parker,Sarah21@gmail.com,7896239118
9897849,27920,Pamela Perez,Gary76@gmail.com,5270513471
8803121,31886,Justin Garcia,Christopher18@gmail.com,5572278283
6333064,29162,Aaron Mckinney,Eric37@gmail.com,7101406748
6210632,77617,Aaron Oliver,Rebecca70@gmail.com,7745249357
2738181,36022,Robin Reynolds,Ashley80@gmail.com,9919568200
4218321,63100,Lindsey Haynes,Derek43@gmail.com,1168438851
8294793,61429,Elizabeth Miranda,Jessica22@gmail.com,3802217716
7885340,81094,Bruce Ruiz,James93@gmail.com,4064458017
7110023,56942,Nathan Black,Emily52@gmail.com,3817914082
3456828,22656,Ryan Hanna,Tina22@gmail.com,9549697735
2321145,42622,Christina Williams,Joseph39@gmail.com,8538338140
2357094,10735,Patrick Powell,Melanie15@gmail.com,9369068727
7822095,65387,Aaron Wright,Rebecca54@gmail.com,4485286367
8465191,10595,John Faulkner,Kelsey59@gmail.com,7148755408
2017285,90896,Melissa Hunt,Alex96@gmail.com,7405519324
4675737,44937,Alexander Watson,Anthony92@gmail.com,5067136933
2044000,89808,Jermaine Hoffman,Anna10@gmail.com,1146967316
6702970,21870,Michael Monroe,Amanda46@gmail.com,9288061489
1253530,41902,Jason Aguilar,Kevin90@gmail.com,5977375922
3111214,85329,Jennifer Mayo,David92@gmail.com,5573272672
8108657,67184,Austin Shaw,Eric24@gmail.com,8523788327
8135455,18280,Jasmine Jackson,Lindsay81@gmail.com,3393153500
7709155,42697,Amanda Howe,Michael50@gmail.com,5730254727
8203557,47413,Scott Frederick,Steven72@gmail.com,9160029930
4748011,26819,Debra Jacobs,Michael77@gmail.com,2314507947
6850914,37770,Brian Espinoza,Alan47@gmail.com,4726065828
7001584,74975,Jeffrey Meza,David56@gmail.com,9350633256
8336152,37990,Amy Gibson,Stephanie92@gmail.com,7369999112
7543297,15784,David Jackson,Steven100@gmail.com,2971523303
9189955,69960,Joseph Beasley,George70@gmail.com,9320422225
9493292,22987,Melinda Obrien,Isaiah37@gmail.com,4639401626
2229173,71809,Jason Colon,Jack96@gmail.com,2097501413
5540580,23055,Jessica Garcia,Kathleen71@gmail.com,3927525617
6071132,56374,Eric Peck,Mark36@gmail.com,9792302997
4715609,85601,John Smith,Dustin3@gmail.com,1305199021
1659291,53648,Richard Rivera,Kristina39@gmail.com,8601615892
7324532,25783,Cynthia Gentry,Gregory46@gmail.com,1215312684
2793772,23686,Tammy Miller,Mike22@gmail.com,4397197497
6410808,58072,Spencer Bradley,Heather61@gmail.com,8676972042
3895523,89595,Caroline Faulkner,Debra49@gmail.com,2043223006
9731006,66176,Jennifer Mata,Teresa80@gmail.com,3345794299
9009761,75762,Michael Trevino,Patrick87@gmail.com,3906308590
3532909,63398,Heather Jones,Kelly62@gmail.com,6570961797
1321763,34789,Thomas Powers,Robert73@gmail.com,5556730118
2681011,57955,Christopher Avila,Dylan50@gmail.com,5641676147
1686247,41920,Ryan Lawrence,Tom73@gmail.com,3585689426
9750089,83298,Morgan Soto,Amanda75@gmail.com,2209394249
4778732,46765,James Hopkins,Brittany27@gmail.com,5195412688
9678473,95482,Amanda Herman,Austin99@gmail.com,4853665689
2669915,85770,Jeremy Jones,Bryan41@gmail.com,7686950630
6804922,81633,Laura Duarte,Diane59@gmail.com,8988168790
1358034,97542,John Taylor,Alicia10@gmail.com,8150587051
1029153,35805,Joshua Payne,Marco42@gmail.com,9700082768
4808426,12850,Jessica Rogers,Christina26@gmail.com,8030597308
2081040,77384,Zachary Davis,Jonathan98@gmail.com,8967021795
9329920,26084,Nicole Summers,Ann6@gmail.com,3954365348
8810987,12714,Kevin Grant,Thomas78@gmail.com,8367568300
3423702,78579,Lisa Jimenez,Lisa69@gmail.com,8293152342
1709424,13498,Valerie Wilson,Cesar89@gmail.com,1003911265
4280291,84633,Sean Lopez,Dan59@gmail.com,6880311215
7910016,24647,Julia Peters,Patrick22@gmail.com,5471896232
2988399,48657,David Campbell,Gabriel46@gmail.com,5373967042
3055625,96165,Kayla Harris,Mary73@gmail.com,8828311213
1796224,53061,Aaron Nguyen,Austin42@gmail.com,7081464928
9650436,56435,Jeffrey May,Taylor2@gmail.com,2302677023
4683424,72809,Jessica May,Julie4@gmail.com,6335132180
4841744,84676,Dr. Jonathan Perez PhD,Stephanie77@gmail.com,5162306133
4464121,32463,Mrs. Rebecca Wilcox,Brent93@gmail.com,6779347792
,77661,Tammy Jenkins,Eric97@gmail.com,1867437385
4822411,89301,Reginald West,Cassie18@gmail.com,4342750404
4728985,81160,Donna Perry,Michele70@gmail.com,7927468664
3315435,50585,Tracy Hughes,Paul26@gmail.com,7888099666
3533831,19740,Lauren Grant,William64@gmail.com,6089171181
5504275,70850,Tammy Blevins,Felicia39@gmail.com,5201477795
2659543,11471,Ashley Rogers,Daniel28@gmail.com,9040936537
7871116,25409,Andrew Huffman,Jill74@gmail.com,9853068282
5248676,15922,Anthony Burch,Joseph29@gmail.com,2526756874
1450721,99278,Sheena Nelson,Christopher90@gmail.com,2737558773
5070846,92060,Mitchell Ramirez,Stephanie52@gmail.com,2134650082
4215485,36808,Marc Cervantes,Michele57@gmail.com,8565653012
9252334,51738,Melanie Bowers,Michael13@gmail.com,2341725963
5903028,31895,Allen Edwards,Suzanne18@gmail.com,7230421647
9447753,59786,John Lee,Richard44@gmail.com,2639425308
7912038,78859,Shelley Price,Ronald50@gmail.com,2901169070
3130045,32597,Krystal Johnson,Marcus72@gmail.com,3096403722
2753962,58179,Brandon Williams,Patricia61@gmail.com,3680436796
4111503,62302,Sherri Cooper,Gregory35@gmail.com,2609312637
7180449,32323,Elizabeth Burns,Elizabeth1@gmail.com,7885724936
4112306,39610,Chad Rodriguez,Angel60@gmail.com,1104044529
4349542,53537,Kendra Mclean,Melissa78@gmail.com,6562390760
2011475,97131,Ian Bowen,Arthur76@gmail.com,5096579277
4548199,60386,Dalton Flores,Monica91@gmail.com,9371160564
9506351,44137,Holly Howell,Brandon73@gmail.com,5592795604
1397690,35672,Ryan Santiago,Zachary71@gmail.com,6242774513
2808294,96343,Rachel James,Tony91@gmail.com,1087517475
8336856,81227,Carol Townsend,Wayne48@gmail.com,4626748724
7848865,39160,Christopher Hughes,Alex35@gmail.com,2409207840
5482827,89542,Ashley Frey,Christian11@gmail.com,1384848652
4871991,55235,Jeremy Hall,Alexander68@gmail.com,6366401415
1960061,28609,Megan Patton,Anna42@gmail.com,1240440455
5344832,12747,Michael Morrow,Katie20@gmail.com,5124026773
9021249,66712,Kelly Phillips,Joseph4@gmail.com,6171324834
1920635,96378,Austin Mora,Susan10@gmail.com,4344012690
6740525,44624,Travis Smith,Wyatt95@gmail.com,6977128134
8064533,57916,Felicia Hogan,Roberto56@gmail.com,5894978101
8578125,,Kimberly Nguyen,Danielle65@gmail.com,3799553413
8579983,46239,Courtney Wise DVM,Christopher62@gmail.com,8958224404
2318686,96200,Miguel Beck,Jonathan98@gmail.com,2762957455
7789327,21979,Elizabeth Crawford,Elizabeth46@gmail.com,5534952578
3396505,18542,Brianna Whitehead,Tiffany79@gmail.com,2278064386
3637117,97657,Jessica Shepard,Nathan56@gmail.com,6417709749
7337087,58140,Joseph Norris,Anna30@gmail.com,3981705399
7684939,63840,Dr. Shannon Johnson,Roy12@gmail.com,3551575699
8290601,88161,Joseph Thomas,Stephanie41@gmail.com,8327507494
7726505,36359,Aaron Hester,Ashlee38@gmail.com,6739529953
3579008,35629,Jonathan Price,Anthony91@gmail.com,2473365505
3248389,60930,Justin Sharp,Jacqueline55@gmail.com,9415798694
6718700,46395,Alexa Bell,Rebecca41@gmail.com,1008269794
9282735,71678,Carolyn Stewart,Victoria2@gmail.com,1104617814
6839369,69833,Paula Lloyd,Abigail89@gmail.com,3684032123
6505300,84210,Elizabeth Williams,Taylor80@gmail.com,1968092517
5719197,92803,Dorothy Mason,Marcus30@gmail.com,3563869497
1272817,25731,Timothy Hart,Ellen95@gmail.com,7175290776
3906975,51503,Joshua Dawson,Joshua39@gmail.com,4771710876
1119956,52705,Kathleen Graves,Michelle64@gmail.com,3662141481
6486065,14438,Kenneth Lewis,Juan9@gmail.com,1625500431
6640783,68303,Brandi Burton,Dawn41@gmail.com,7851819503
5688580,93356,Jessica Mckinney,Cindy49@gmail.com,3024944625
1596127,67068,Lisa Harrison,Michael6@gmail.com,7065609162
3799874,72343,David Edwards,James1@gmail.com,9309835660
2027120,72298,Martin Garcia,Dakota62@gmail.com,1257321850
3042168,37013,Sarah Davidson,Andrew55@gmail.com,7370061580
9316582,85195,Ronald Clarke,Alejandra36@gmail.com,8509381240
1512056,32436,Jason Flores,William91@gmail.com,6677903525
1540498,82859,Natalie Park,Amy78@gmail.com,6320031950
4627238,90367,Jessica Craig,Daniel71@gmail.com,2532440010
8339913,60216,Erica Palmer,Alexandra8@gmail.com,3905644099
2531018,50532,Alexa Garcia,Patrick53@gmail.com,8900713953
3368655,82846,Sarah Garcia,Charles45@gmail.com,8178926278
1142177,30567,Anthony Garcia,Chad97@gmail.com,3183555019
3423426,92334,John Leonard,Joshua99@gmail.com,5062171981
5671286,90201,Anna Page,Bryan11@gmail.com,3889846074
1163419,12906,Shane Wolf,Ann74@gmail.com,5527077217
2535067,21561,Justin Mendez,James83@gmail.com,8755676207
8674836,19070,Jessica Smith,Ronald93@gmail.com,8230198027
7761408,55717,Ashley Dixon,Erica90@gmail.com,3423096627
8308487,38068,Patricia Lindsey,Jill72@gmail.com,7361851911
2528351,13983,Jason Thomas,Steven21@gmail.com,5187889454
4246184,86986,Todd Medina,Jonathan18@gmail.com,7384682213
1986562,11849,Cynthia Thomas,George41@gmail.com,6917756491
8832443,39341,Shawn Hebert,Edward57@gmail.com,6640754021
9433049,65966,Jacob Harrell,Stephanie65@gmail.com,6635355205
7770152,41439,Carlos Brewer,Janice8@gmail.com,2263534792
3823674,16468,Christine Wilson,Timothy75@gmail.com,2105935938
1089566,82793,Douglas Jackson,James62@gmail.com,9100290229
8290922,88948,Jennifer Bailey,Amanda100@gmail.com,9346869296
9519534,96535,Kelly Mendoza,Jorge26@gmail.com,6292562325
4240471,39214,Austin Allen,Gina32@gmail.com,2832069031
2472232,81564,Dominique Hurst,Maria58@gmail.com,6243418890
4074649,76097,Sharon Taylor,Robert71@gmail.com,5909954446
4884805,61514,Debbie Sherman,Jerry69@gmail.com,7674920487
2329470,72262,Taylor Ross,Ryan63@gmail.com,5551547585
4144558,36120,Dr. Mark Jones,Patricia50@gmail.com,7783749863
1609017,11584,Dawn Griffin,Parker10@gmail.com,1386302824
1288519,85738,Jacqueline Cochran,Chad18@gmail.com,1801925148
2007404,98611,Dr. Jason Gomez,Sonia29@gmail.com,5008901726
9477934,55281,Yvette Rhodes,Neil32@gmail.com,2770157419
9365883,48144,Emily Brown,John49@gmail.com,9560344334
8092061,42152,Charles Mcdonald,Benjamin17@gmail.com,9106005227
3645592,26878,Brandon Walters,Stacy36@gmail.com,9330706343
1746338,97254,Christopher Gross,Elizabeth28@gmail.com,8423969017
5036691,59047,Andrea Bowers,Jerome58@gmail.com,6214148673
4900992,74199,Stacy Johnson,Cameron32@gmail.com,1519245939
7294164,35866,Michael Smith,John65@gmail.com,3033159528
3730411,31820,Joseph Young,Anthony79@gmail.com,5190868856
1260809,72894,James Wilson,Cody80@gmail.com,3475287883
4046842,59113,Michael Garza,Jessica15@gmail.com,3811208783
9247334,74645,Terry Smith,Christopher15@gmail.com,2627035148
8584706,89753,Lindsey Griffin,Chris21@gmail.com,6232650369
9689894,28627,Andrew Kelly,Laurie53@gmail.com,1312347677
3910966,27955,Nicole Colon,Jon82@gmail.com,3348585202
2079427,19875,Sherry Kerr,Matthew7@gmail.com,2376297706
1587195,99437,Andrea Johnson,Alice80@gmail.com,9726807192
7095053,55583,Ian Wright,,7029535415
6224697,66534,David Moore,Harry38@gmail.com,9330583709
9016697,26383,Miranda Wilson,Jesse4@gmail.com,9780693150
3773280,53518,Amanda Martin,Alexander90@gmail.com,7613955546
6213736,50784,Margaret Porter,Christopher70@gmail.com,5559556130
8312054,69128,Laura Cooper,Ashley59@gmail.com,3056911949
9792628,55853,Morgan Williams,Mary66@gmail.com,2456977442
9579347,38450,Troy Lewis,Shane76@gmail.com,1194190544
7319639,64133,Linda Quinn,Sarah24@gmail.com,4430447717
6668643,61434,Mikayla Willis,Michael1@gmail.com,7625870061
6158650,49446,Michael Morris,Mark47@gmail.com,7954061319
6156872,44129,Mary Underwood,Danielle49@gmail.com,3924683212
9403477,42350,Jesse Bell,Latoya64@gmail.com,2735781291
8913109,77873,Michael Weeks,Gary40@gmail.com,6885605160
5067366,79780,Heather White,Paul97@gmail.com,2093873770
8952659,84405,Jonathan Martin,Tiffany60@gmail.com,7037101380
8775264,26057,Ryan Ellison,Anthony35@gmail.com,3879438296
5806964,68992,Terry Gonzalez,Michele25@gmail.com,2696260552
3303349,86000,Jennifer Norman,Courtney42@gmail.com,4499298505
7794019,71861,Amy Sanchez,Dennis58@gmail.com,8147865126
2226079,89818,Kayla Hill,Angela43@gmail.com,4457212386
8334241,49919,Erin Wright,Mathew89@gmail.com,3432568201
4602372,93827,Joseph Mack,Linda21@gmail.com,9655823340
4864943,27988,Keith Flores,Kristen36@gmail.com,8805568133
2062493,94596,Cynthia Farrell,John13@gmail.com,6709597252
1740583,51190,Catherine Cruz,Juan14@gmail.com,6553254380
4925113,12800,Natasha Jackson,Ashley17@gmail.com,5574103540
4234855,82819,Walter Lucas,Lisa20@gmail.com,2170172355
1620077,43625,Steven Gibson,Clarence6@gmail.com,5565665744
1767325,41901,Sean Glover,Michele80@gmail.com,9582878404
9575042,79239,Ashley Acevedo,David48@gmail.com,4105763865
8260933,12702,Michael Love,Gary37@gmail.com,5121403108
4009124,94858,Miss Emily Fields,Cheryl58@gmail.com,1094984964
9782997,64872,Sandra Parker,Jessica98@gmail.com,4713925669
3084088,60865,Kimberly Clark,Michael81@gmail.com,7470056877
5378294,18823,Ronald Wright,Caitlin86@gmail.com,7946392574
9534196,48242,Robert Oneill,Margaret10@gmail.com,6099183958
5115607,38637,Brittney Sanchez,Linda43@gmail.com,2083004598
4105395,18563,Debra Taylor,George80@gmail.com,6062962902
5398331,61729,Joan Hampton,James73@gmail.com,6129995835
1173428,27633,Joyce Rodriguez PhD,Kelsey18@gmail.com,8326818065
8194222,47218,James Armstrong,Julie13@gmail.com,5030978673
5804204,58578,William Webster,Jared2@gmail.com,9472229501
9148668,32059,Brittany Pearson,Angela7@gmail.com,5921811144
4161537,27103,Jaime Ruiz,Sarah29@gmail.com,7151700865
1414463,57525,Amanda Anderson,Jason95@gmail.com,8983088740
7909739,46904,Susan Hughes,Susan64@gmail.com,3464246417
1847028,62374,Ralph Mullen,Michael76@gmail.com,9844426609
7456573,31480,Logan Nelson,Christopher43@gmail.com,1095549149
7844076,83946,Jennifer Alvarez,Robert18@gmail.com,4017208708
8383353,37398,Alexis Chan,Troy76@gmail.com,2094249624
8320704,55738,Julie Smith,Nathan30@gmail.com,8647552816
7600070,64945,Ashley Holland,Tara75@gmail.com,2887604806
6068786,51840,Jacob Smith,Nicholas55@gmail.com,3172126442
6540164,95667,Elizabeth Weaver,Howard59@gmail.com,2928809763
7214017,86412,Chase Johnson,Michelle31@gmail.com,9887341196
4702826,64066,Heather Mckinney,Valerie7@gmail.com,7057950751
3059525,91031,Matthew Summers,Holly23@gmail.com,1299954043
6677751,30178,Courtney Bernard,Amber95@gmail.com,5022852752
2244060,57183,Ricky Austin,Raymond95@gmail.com,9927151690
3146107,48416,Joshua Mathews,Jordan91@gmail.com,2180260942
8578505,11772,Christian Shields,Jesus64@gmail.com,4695049156
2021521,21404,Jeffrey Dominguez,Kayla46@gmail.com,8542622496
2625702,51285,Catherine Sanders,April31@gmail.com,6955665571
7231502,39981,Janet Ramirez,Lisa5@gmail.com,6503122154
7579896,47550,Deborah Rhodes,Alexis84@gmail.com,2880734021
2343849,49115,Raymond Duran,Nicholas24@gmail.com,1082504802
1875999,31552,Daniel Cohen,Scott92@gmail.com,4067077101
7318912,95001,Robert Jimenez,Courtney1@gmail.com,4471616219
3329640,77111,Ronald Johnson,Gregory60@gmail.com,2565322528
7098143,62865,Keith Wright,Rebecca93@gmail.com,9751539492
7767554,88711,Amber Daniels,Nicole20@gmail.com,2176798602
1014006,24020,Angelica Castillo,Sandra88@gmail.com,1229886983
8966489,29576,William Barry,Allison2@gmail.com,4441644124
9729170,28377,Gary Cohen,Charles78@gmail.com,3599750793
7649753,92006,Kaitlin Lane,Cassandra1@gmail.com,2363894325
6486602,71412,Steven Evans,Stacey95@gmail.com,8765988430
2056130,27713,Nicole Jones,David94@gmail.com,7283202762
9920819,40245,Matthew Rose,Timothy80@gmail.com,1770764350
2754733,86945,Andrew Thomas,Amanda91@gmail.com,8153463287
1486320,37301,Angela Mclaughlin,Melissa93@gmail.com,3023574300
1368323,79937,Curtis Oconnor,Jordan19@gmail.com,6890197052
8307775,23824,Heather Snyder,Mitchell30@gmail.com,9332912210
3315558,66040,David Floyd,Samantha16@gmail.com,6379846664
9280060,38191,Paul Mueller,Mario40@gmail.com,6659984668
2625707,97685,Maurice Patton,Jennifer33@gmail.com,6321185156
3897059,36898,Mr. Kevin Black,Colin2@gmail.com,1753634275
6479655,26852,Dana Lane,Juan39@gmail.com,9922915827
9512379,28433,Cory Brown,Brad28@gmail.com,9108431878
2112648,85509,Ellen Young,Adam88@gmail.com,2791366690
6142070,29769,Don Rodriguez,Donna8@gmail.com,2162733090
5182725,20969,John Stewart,Nicole24@gmail.com,2692568303
3400053,46436,Brittany Lozano,Wendy4@gmail.com,1877986784
6904045,68501,Stacy Nichols,Dylan14@gmail.com,6233059139
6600835,76149,Tonya Yoder,Jason13@gmail.com,5719278357
1270505,67187,Billy Mendoza,Brenda27@gmail.com,2157114099
6930863,23243,Monica Lawson,Adrian25@gmail.com,7685373412
5637970,22405,Daniel Hays,Tara7@gmail.com,8004753438
1230923,70658,Bryan Gallagher,Jason75@gmail.com,6038472441
2920918,62024,Charles Rowe,Melanie98@gmail.com,2476870092
1574272,34076,Christopher Kelly,Deborah53@gmail.com,9321503428
2450685,55602,Christine Myers,Julie79@gmail.com,9452708591
1326990,27212,Taylor Hunt,Michael96@gmail.com,8492576000
4130943,45080,Rachel Scott,Crystal45@gmail.com,3693405592
4913559,52681,Angela David,Gregory74@gmail.com,5754376825
9077648,98588,Debbie Johnson,Michael93@gmail.com,5778164231
8744754,53627,Jasmine Williams,Daniel39@gmail.com,9653985507
9859810,52705,Perry Floyd,Jennifer67@gmail.com,9573619606
8445384,53157,Bradley Bennett,Melinda63@gmail.com,8014691004
1055943,98330,Jasmine Rich,Rachel24@gmail.com,4686727836
6411062,78127,Andre Jones,Jennifer91@gmail.com,4156889231
2994227,67616,David Summers,Sara8@gmail.com,7017841452
6764606,67713,Calvin Wallace,Timothy80@gmail.com,6469400144
5452363,28842,Brandy Morris,Brandon60@gmail.com,5152007638
8526357,68502,Austin Scott,John46@gmail.com,7202416183
1821272,92401,Geoffrey Wilson,Dustin81@gmail.com,6667192154
8387352,27806,Lori Kaiser,James5@gmail.com,8084621848
3896321,21942,Jason Torres,Timothy59@gmail.com,1121622593
7510169,46241,Henry Obrien,Janice20@gmail.com,5533934680
3437609,96410,Brian Blackwell,Stephanie79@gmail.com,4700454398
2975254,37745,John Munoz,Amanda94@gmail.com,7395081406
6253046,99207,Karen Ellison,Zachary18@gmail.com,3313150586
3291501,13520,Bryan Reyes,Susan59@gmail.com,2174749175
4124484,97009,Ricardo Walter,Amanda48@gmail.com,3096010041
1113929,27080,Christina Vargas,Bradley88@gmail.com,8469366974
9620329,44761,Nathan Johnson,Christopher3@gmail.com,5182588168
2554832,90375,Wanda Davis,Stacy30@gmail.com,3450544140
3268418,93134,Justin Schneider,Nicholas57@gmail.com,8788618085
8027291,,Jerry Allen,Larry88@gmail.com,5536312129
3706361,48383,Paul Davis,Kara25@gmail.com,4294111238
1324366,68995,Rachel Smith,Alexis37@gmail.com,3127597792
2646910,58307,Jennifer Mcdonald,Whitney23@gmail.com,8147572606
9008531,73502,Cody Andrews,Megan79@gmail.com,7704911740
8784477,89762,Ryan Ingram,Katie60@gmail.com,9358192498
2795127,96191,Keith Owens,Jonathan21@gmail.com,4619006943
9642037,94244,Kevin Cooper,Mark63@gmail.com,7180993636
8888186,36021,Angela Jimenez,Brian81@gmail.com,2556809235
8180519,31512,Christopher Garcia,Marc67@gmail.com,2220037712
5244933,74765,Karen Porter,Catherine69@gmail.com,1426627348
3563688,22639,Crystal Carter,Christopher51@gmail.com,6783753451
2787945,78913,Ann Cisneros,Jessica59@gmail.com,8899332657
6128942,16934,Ms. Vickie Webster,Heather64@gmail.com,3092477638
8660317,22286,Adam Thomas,Alyssa90@gmail.com,1474019989
9983666,99430,Angela Torres,Jason1@gmail.com,4279593701
5021727,92423,James Miller,Nicole49@gmail.com,7998021827
2799191,18904,Tanya Morgan,Shannon21@gmail.com,5211725167
9970840,56879,Jay Snow,Kari73@gmail.com,7763445658
3622804,23830,Michelle Castro,Scott30@gmail.com,8741113314
9106933,85342,Olivia Woods,Eric99@gmail.com,5519181272
5717800,95791,Victoria Diaz,Diane17@gmail.com,5358771107
6026402,90304,Valerie Perez,Susan76@gmail.com,5368299975
2320335,16873,Eric Sims,Alyssa55@gmail.com,5136702397
5806239,80087,Stacy Martin,Stephen11@gmail.com,1111833092
3160958,37795,George Kane MD,Ryan10@gmail.com,2857287669
8141940,94253,Deborah Buckley,Melissa72@gmail.com,8942904100
2515789,13813,Michael Wilson,Katherine35@gmail.com,4572815345
4160170,90429,Christina Jackson,Amber54@gmail.com,4522743486
4480857,50930,Elizabeth Baker,Jackie76@gmail.com,2809517790
2591446,14194,Nicole Rogers,Gabrielle54@gmail.com,4525968598
2131500,34791,Luis Becker,Amanda2@gmail.com,1155733529
8061680,63924,Anthony Wright,Cynthia24@gmail.com,3154935769
1420218,54718,Robert Fox,William67@gmail.com,3800130555
6591526,73054,Gabriela Bates,Gregory97@gmail.com,1143736046
2438175,62411,Juan Harrison,Howard51@gmail.com,9906284590
3045963,66085,Joshua Schmidt,,3987255740
6517799,82413,Jessica Gilbert,Dustin76@gmail.com,2339294081
7662273,74606,Joshua Andrade,Jason53@gmail.com,5286906979
8095680,91995,Brandy Mitchell,Jackie63@gmail.com,8872603495
4335231,65573,James Guerrero,Stephanie70@gmail.com,2259745295
1040590,68821,Randy Watson,Yvette24@gmail.com,3408674250
4671651,23816,Kimberly Bowman,Lisa98@gmail.com,8045578931
8919837,72793,Patricia Casey,Dawn40@gmail.com,3512921226
1765278,47462,David Singh,Rebecca63@gmail.com,7052897019
8699531,13672,Cassandra Marsh,Johnny83@gmail.com,7366836248
9942849,86216,Kristin Drake,Terri77@gmail.com,4703173567
7329451,30931,Philip Garcia,Cathy79@gmail.com,9275167305
6642797,37564,Daniel Robertson,Danny91@gmail.com,7834582285
6111872,86404,William Johnson,Carl87@gmail.com,4088778768
2287203,69027,Amanda Oneal,Sherry9@gmail.com,8199255513
2901504,11145,Henry Rogers,Juan40@gmail.com,8002429280
3759635,83029,Johnny Jones II,Mary92@gmail.com,6928781515
5035592,79702,Caleb Kline,Melissa83@gmail.com,8417656076
2539139,20266,Holly Arellano,Cheryl95@gmail.com,9103562582
2512075,47517,Blake Haley,Taylor3@gmail.com,6400926749
7059232,36169,Regina Burton,Benjamin30@gmail.com,7939206590
4037451,38654,Ernest Mueller,Thomas13@gmail.com,3054267331
5142943,25425,Mary Hicks DVM,Michael4@gmail.com,1359297721
6398248,87841,Vanessa Walker,Jason68@gmail.com,3494421821
3796533,53700,Jennifer Miller,Annette35@gmail.com,3709649750
1713252,14542,Brian Monroe,Madison5@gmail.com,9239009062
4435552,32719,Matthew Gray,Norma14@gmail.com,5264209081
9291227,20885,Brian Jackson,Dana40@gmail.com,5314046928
6678370,27612,Olivia Stanley,Brandy13@gmail.com,3095532286
1661063,11825,Andrea Garcia,Richard99@gmail.com,2645439626
9031044,64075,Shirley Jackson,Allison84@gmail.com,2938177337
5573829,81631,Kelly Craig,Elizabeth86@gmail.com,7714244445
4476298,39591,Adam Smith,Bryan17@gmail.com,
7297796,58836,Jeffrey Nelson,Theresa3@gmail.com,9995442748
3032243,95728,Luke Hampton,Meghan1@gmail.com,1071032407
7243308,45747,Michael Patrick,Mercedes60@gmail.com,2678828470
7252071,23818,Brittany Freeman,Andrew54@gmail.com,9907131803
1932160,13731,Sara Smith,Steven14@gmail.com,6798522691
2726784,87520,Amanda Martin,Jacob16@gmail.com,1148707070
5481096,29202,Amber Herrera,Rebecca34@gmail.com,8637365978
2157453,99032,Megan Ramsey,Roy11@gmail.com,2158567423
9318299,95144,Francisco Cox,Jessica65@gmail.com,9104209553
1059573,73208,Janet Dawson,Marc9@gmail.com,3692006499
3600263,21632,Tyler Evans,Lori2@gmail.com,1134716091
1814147,67642,Austin Adkins,Kevin64@gmail.com,1997882089
4682294,19821,William Hart,Brian95@gmail.com,4529945785
5981669,75580,Sarah Baker,Barbara81@gmail.com,3908002015
8231629,97256,William Smith,Michael56@gmail.com,1325510291
3845483,98007,Mary Clarke,Julie42@gmail.com,7441209260
2137585,27503,Nicholas Gonzalez,Jennifer32@gmail.com,7949601831
7228885,77147,David Leonard,Allison26@gmail.com,2755570605
1256663,55489,Thomas Barron,Michael46@gmail.com,5695758330
4549550,50038,Maurice French,Valerie38@gmail.com,5993047935
8884103,35322,Nicole Mcguire,Barbara28@gmail.com,4786143629
4392071,49045,Daniel Long,Kenneth31@gmail.com,7870721269
9692858,22032,Joseph Montoya,Todd77@gmail.com,7796525780
6079976,17805,Kristen Lucas,Tonya58@gmail.com,1992746130
5364177,95506,Jason Howard,Steven98@gmail.com,2602739265
3610443,40092,Shelly Morris,Paula10@gmail.com,5093969779
6129467,27416,Joseph Baker,Gregory79@gmail.com,9521643094
9415957,20938,Ruben Carroll,Ricardo39@gmail.com,5689593441
6693018,28732,Kimberly Freeman,Matthew55@gmail.com,2934987876
3586137,30242,Leslie Martinez,Robert13@gmail.com,4992994215
3340488,69998,Cody Diaz,Brittany6@gmail.com,1570776531
5507602,84809,Troy Brown,Sophia25@gmail.com,4329011173
5653329,34915,Trevor Sparks,Michael72@gmail.com,8241839283
4713754,23416,Anthony Cross,Angela33@gmail.com,4867339916
7634886,35372,Christina Holmes,Daniel66@gmail.com,7847866846
6269475,85732,Laura Porter,Sarah15@gmail.com,6717237971
5009053,78359,Angela Cortez,Jesse17@gmail.com,2351947959
1354568,64939,John Huffman,Howard84@gmail.com,1445807716
2199615,10373,William Ellis,Tabitha4@gmail.com,2343417316
9187443,23015,Lawrence White,Laura32@gmail.com,3187036082
2485970,94395,Lauren Mejia,Michelle65@gmail.com,4581457120
9342284,47045,John Campbell,Amy90@gmail.com,9486099121
1484268,87479,Richard Grant,Brandon37@gmail.com,9052516210
3234125,72923,Logan Sanchez,Rachel88@gmail.com,8814066692
3055690,53864,Kelly Bennett,Robin83@gmail.com,7775392444
8116611,62393,Billy Robinson,Nicole73@gmail.com,5334960284
3534115,93698,Jeremy Cole,Jacob99@gmail.com,8238632386
2036652,22904,Eric Shaw,Allison9@gmail.com,7719715006
7661811,18328,Taylor Stone,Nathan66@gmail.com,3896031373
3109673,59502,Daniel Watts,Robert29@gmail.com,7932359212
2141423,64262,David Kim,Maria20@gmail.com,5359386705
3020712,96393,Stephanie Perry,Christopher96@gmail.com,1632831879
2742222,78756,Donald Tyler,Geoffrey31@gmail.com,1178196324
8714778,83247,Timothy Patterson,Christy17@gmail.com,2654017315
9707587,52481,Joshua Mccormick,Jose26@gmail.com,1213402335
6990651,77707,Dr. Ashley Hampton,William5@gmail.com,2281035580
6727963,27743,Gregory Davenport,Jessica1@gmail.com,6078356241
7090430,47982,Diana Jarvis,Jack69@gmail.com,6072105911
8761133,44144,Michelle Wright,Steve80@gmail.com,3921164196
8807273,18487,Lauren Vasquez,Anthony53@gmail.com,6317404336
8375777,33086,Andrew Stephens IV,Rick69@gmail.com,1562387289
4995526,86536,Craig Wood,Jesse72@gmail.com,1063067348
3973240,71879,Lauren Larson,Jeffrey3@gmail.com,8845634522
6126292,87177,Jennifer Medina,Julie30@gmail.com,4760494307
8432816,55426,Jennifer Hammond,Kathleen20@gmail.com,4347466316
6304303,42316,Bryce Arroyo,Robert26@gmail.com,2753601958
7800647,20135,Robin Santos,Denise58@gmail.com,8878264894
,98078,Steven Kane,Philip4@gmail.com,1801144193
3838287,13135,Samantha Aguilar,Richard5@gmail.com,7440554512
9291924,52228,Jerome Thomas,Jennifer54@gmail.com,4234486613
6493962,76102,Daniel Lyons,Ryan10@gmail.com,4563440527
9110531,67463,Lee Hester,Hannah66@gmail.com,5772896953
7787364,48716,Martha Burns,Elizabeth57@gmail.com,5451819645
3649408,57171,Rachel Williams,Audrey70@gmail.com,4400330656
4695043,18254,Matthew Ashley,Roy89@gmail.com,4892117463
2668764,35010,Stephanie King,Hailey91@gmail.com,3634485269
6942179,60467,Kyle Martinez,Luke14@gmail.com,8719194866
2810427,19035,Todd Cruz,Samantha3@gmail.com,6093984831
5855439,61925,Judy Garcia,Amanda81@gmail.com,6544105366
5718024,35709,Candace May,Michael78@gmail.com,4089390205
7953272,53078,Lori White,Kimberly76@gmail.com,8076481564
5150736,81501,Ian Burns,Benjamin29@gmail.com,8333791476
5514999,81719,Margaret Cordova,Allison1@gmail.com,6214100542
6801238,87456,Jessica Hester,Luis62@gmail.com,7743019613
4951034,89832,Jonathan Meza,James75@gmail.com,3173091808
5445498,62472,Vanessa Thomas,Amanda25@gmail.com,4980306364
3747045,12508,Brian Yoder,Kyle2@gmail.com,6997727160
8861184,72357,Jonathan Johnston,Cheryl8@gmail.com,8328066553
2732346,62054,John Peck,Paula83@gmail.com,2211692920
3130895,36966,Tonya Perez,Kim60@gmail.com,8184723061
6726434,75032,Melissa Pitts,Lisa17@gmail.com,5910428317
3483919,18872,Tammy Hutchinson,Daniel30@gmail.com,4133439677
3457894,67167,Rickey Stevens,Crystal56@gmail.com,1566103338
5500324,91984,Tanya Oconnor,Thomas84@gmail.com,4894342648
8435997,79386,James Young,Nathan65@gmail.com,7914038148
7168790,86948,William Gutierrez,Michael81@gmail.com,5748863643
8854196,96339,Linda Hernandez,Elizabeth80@gmail.com,4968421373
5274396,29945,Bradley Stevenson,Ashley99@gmail.com,4928441823
4919396,77680,Jonathan Gardner,Eric51@gmail.com,3066682600
9733302,83066,George Fox,Steven47@gmail.com,1296618315
1171526,36429,Ryan Lucas,Joseph54@gmail.com,2991130652
7504954,10927,Ann Brown,Vicki2@gmail.com,5434460094
4566472,73346,Toni Raymond,Cody79@gmail.com,8000616625
8831430,20297,Savannah Hicks,Benjamin40@gmail.com,7726453130
2301274,81591,Lindsey Reed,Isabella50@gmail.com,1539319114
1746674,74212,Ralph Miller,Tyrone29@gmail.com,3773169920
4791985,37934,Elaine Nguyen,Jasmin32@gmail.com,1390717733
8790253,45038,Evan Perry,Christopher99@gmail.com,3509955049
7148032,94249,Julie Odom,Jamie92@gmail.com,7409288810
2358681,43072,Brittany Owens,Sara33@gmail.com,6341816590
8349243,12066,Steven Wolfe,James16@gmail.com,5194314171
5036890,89180,Jerome Webster,Anne47@gmail.com,8318108945
8819552,49643,Miranda Davidson,Bonnie8@gmail.com,4269663720
8423891,40247,Stephanie Hall,John21@gmail.com,7688780302
8000568,44000,Xavier Mooney,Christopher44@gmail.com,7305646071
4596247,91734,Eugene Moore,Renee74@gmail.com,4820266781
5339412,27506,Tami Ward,John61@gmail.com,3803733498
6239477,98418,Bianca Rivera,Mitchell10@gmail.com,8294196705
9206879,99101,Jacob Maldonado,Harold71@gmail.com,9724190808
8053673,98118,Andrea Moore,Michael15@gmail.com,3118776765
7403336,37003,Theresa Washington,Logan29@gmail.com,2545478744
7088490,33701,Guy Davis,Jessica37@gmail.com,4714927658
2090995,68116,Russell Green,Adam58@gmail.com,3915778543
6174123,65735,Destiny Bailey,Deanna32@gmail.com,8876229804
6822382,78925,Becky Chavez,William45@gmail.com,4099312751
2282978,39949,John Irwin,Timothy41@gmail.com,8462460931
8184743,39905,Stephanie Scott,Arthur15@gmail.com,4517011495
2457689,64401,Dale Anderson,David20@gmail.com,3873140650
9090762,85197,Tonya Brown,Matthew94@gmail.com,9459264790
2793021,56245,Richard Lee,Jesse30@gmail.com,2793556374
2884815,81399,Erica Holmes,Mark21@gmail.com,9043394805
2590253,75364,Katherine Marshall,Shelly90@gmail.com,3487779013
9415104,37435,Randy Kim,Ryan33@gmail.com,1897842023
8428000,52006,James Moran,Christopher54@gmail.com,6842350685
3272492,25893,Tanya Johnston,Casey17@gmail.com,6241864557
6386874,85916,Jennifer Figueroa,Thomas1@gmail.com,3927055873
6297806,16753,Patricia Hines,Jean11@gmail.com,6495700459
3474019,31627,Michael Mcclure,Eric86@gmail.com,4778070855
9424997,16072,Jason Hoffman,George71@gmail.com,8382102771
8366732,57081,April Kelly,Paula77@gmail.com,3891441203
4104496,85793,Faith Flores,Cynthia54@gmail.com,8548342006
7817835,86747,Daniel Hill,Darlene82@gmail.com,7268306992
5907633,81758,Terri Mosley,Melissa28@gmail.com,9414313259
4286471,94311,Suzanne Wilson,John71@gmail.com,7048520842
9522946,66243,Jacob Fuentes,Karen96@gmail.com,1946187118
7583488,92973,Suzanne Smith,Douglas59@gmail.com,6359389393
6229323,47760,Linda Mccann,James75@gmail.com,8933267565
1995883,91684,Nancy Murphy,Jordan29@gmail.com,2228193019
4800193,46387,Kristin Bright,Melissa63@gmail.com,6896602685
4527752,83807,Dominic Smith,Michele25@gmail.com,8744431856
8085274,76635,Tammy Walsh,Breanna90@gmail.com,8849553009
2232366,42107,Amber Gonzalez,Katherine81@gmail.com,2548968594
3766862,20011,Rebecca Johnson,Christopher24@gmail.com,1669872803
3912486,41770,Jason Duffy,Michael96@gmail.com,8106709669
4448277,71799,Erin Harris,Juan54@gmail.com,8770574184
6487596,37725,Christopher Mcgrath,Pamela83@gmail.com,5815741616
4364016,59049,Sergio Perez,Charles83@gmail.com,6343842574
6247715,17703,Thomas Hunt,Cheryl16@gmail.com,9651885289
8842174,56879,Billy King,Edward85@gmail.com,8129784665
2481040,30992,Rodney Griffin,Jennifer88@gmail.com,1288184516
2635555,43925,Brian Hayes,Grace17@gmail.com,1597686720
8201151,12060,Jacob Castro,Erin21@gmail.com,3864927988
6916359,80688,Kristin Cabrera,Ronald37@gmail.com,4639690338
1047673,12208,Michael Perry,Michael8@gmail.com,1145024389
2530949,99154,Nicole Hunter,Joseph46@gmail.com,8469150194
2293358,86260,Brian Gardner,Crystal33@gmail.com,1040403802
6517171,55487,Zachary Berg,Kyle52@gmail.com,9508883388
4431903,76103,Andrea Brown,Cynthia90@gmail.com,4047262532
3083535,98072,Bridget Lowe,Stephanie34@gmail.com,2735223141
2948798,64523,Richard Ross,Bobby27@gmail.com,8896954819
2814646,33991,Allison Hansen,Greg67@gmail.com,1721483993
4434456,45891,Samuel Walters,Seth23@gmail.com,8490957136
8068549,94575,Jeffrey Nixon,Stephanie8@gmail.com,7931136230
2905061,76307,Troy Patel,Elizabeth23@gmail.com,4048760500
2250206,43249,Melanie Hall,Sylvia94@gmail.com,8282161664
9987423,91900,Michelle Park,Robin47@gmail.com,9798830010
6461385,94695,Makayla Barnes,Nicholas97@gmail.com,5199886066
3561278,35888,Lynn Dougherty,Jeremy77@gmail.com,3939971386
7429074,68186,Spencer Murphy,Manuel14@gmail.com,8509203933
1353063,25266,Melinda Butler,Jamie80@gmail.com,8922427910
7454417,90190,Kyle Burnett,Mark24@gmail.com,6604007629
2242931,67056,Deborah Reid,Mark67@gmail.com,3611171583
9830724,44966,Jill Conley,Melanie16@gmail.com,6927460677
5905067,33902,Melissa West,Jamie93@gmail.com,1775797017
6631697,66421,Nicole Reid,Jessica19@gmail.com,4315125050
7738203,93434,Michael Floyd,Cassidy94@gmail.com,5795362385
4835213,18589,Richard Ferguson,Mary83@gmail.com,5417908332
8424511,79390,Anthony King,Heather41@gmail.com,3999887956
9514114,70698,Donna Shaffer,Austin68@gmail.com,7551528623
3120221,77315,Nancy Woods,Rachel27@gmail.com,3919278466
7273317,87000,Allison Clark,Victoria3@gmail.com,7357045504
3438519,18879,Karen Meyer,Mark39@gmail.com,4209678486
9403462,25530,Mike Garza,James50@gmail.com,4344392856
4845521,64279,Whitney Martinez,Shannon31@gmail.com,7066827405
6391784,31256,Richard Lucas,Karen35@gmail.com,5808982039
3214266,73862,Chelsea Lane,Craig53@gmail.com,8834884170
7526980,48800,Hailey Foster,Ashley39@gmail.com,8968406737
5057420,15639,Matthew James,Carol8@gmail.com,1357619274
8600885,16220,Ana Maxwell,Stephanie90@gmail.com,9477518885
3754295,94264,James Mejia,Alexander79@gmail.com,8280663679
4569245,11430,Judy Wu,Jared47@gmail.com,8751625875
7863402,89708,April Foster,Stephen98@gmail.com,8436213189
6609080,41023,Maria Moore,Adrian56@gmail.com,2413135216
9444123,11129,Jessica Doyle,Kimberly43@gmail.com,9085182889
1860980,76692,Mary Larson,Jacqueline96@gmail.com,8375405002
6613199,26913,Terri Rice,Tammy97@gmail.com,1929781351
8217839,92014,Bianca Reeves,Elizabeth6@gmail.com,8745890443
2234877,31521,Jill Wood,Nicholas5@gmail.com,6084878191
3052341,23216,Christine Lam,William27@gmail.com,4825787127
5422433,38728,Mitchell Wilson,James44@gmail.com,5792245379
9465497,93142,Courtney Douglas,Clinton81@gmail.com,1579130508
1668254,84795,Ronald Thomas,Justin93@gmail.com,4892439067
1273405,88221,Carol Robbins,Sheila36@gmail.com,3965467954
2618854,25539,Sandra Diaz,Christopher97@gmail.com,6775084125
6647662,41757,Travis Gordon,Paige61@gmail.com,3586239030
5131072,86009,Noah Harmon,Lisa61@gmail.com,6114750721
8334378,78232,Jeffery Robertson,Gerald73@gmail.com,9919634781
6443988,18275,John Harris,Christina52@gmail.com,1835082008
9881072,25174,Jordan Sanchez,John17@gmail.com,3297230770
2866420,73713,Michael Andrews,Joseph59@gmail.com,7054665564
8408139,99260,Barbara Lynn,Anthony86@gmail.com,4119980568
4936621,67778,Andrew Kennedy,Christy95@gmail.com,4413102868
8785086,92570,William Pearson,Cheryl15@gmail.com,8245611913
3382025,14632,Sara Coleman,Melanie20@gmail.com,8592052837
6901472,48111,Jeffrey Hernandez,Kenneth14@gmail.com,6333973754
2008230,38611,Christopher Cruz,Danielle55@gmail.com,6932059915
2900316,69179,Hunter Peterson,Jonathan30@gmail.com,1116373581
8452646,89310,Jessica Charles,Keith34@gmail.com,8284939687
4730421,13249,Bryan Gibson,Julie43@gmail.com,5816015440
1477661,75540,Kara Phillips,Jessica76@gmail.com,6111569370
7356396,91442,Leslie Fitzgerald,Bryan4@gmail.com,9774153601
2982650,88313,John Jones,George53@gmail.com,2066489630
8276184,57498,David Ross,Lynn5@gmail.com,1278876306
9282158,38608,Erika Stevenson,Ann44@gmail.com,5033335159
5517559,27512,William Guerra,Jake42@gmail.com,8929741215
6120362,62206,Christine Harris,Ashley92@gmail.com,5159531834
2382298,50311,Calvin Gonzales,Kathryn98@gmail.com,1331022392
3701034,71104,Timothy Glass,Jennifer15@gmail.com,9443468559
1001628,82545,Anthony Harris,Sarah17@gmail.com,7127105456
1175667,80923,Robert Johnson Jr.,Fernando46@gmail.com,1386194444
8816018,94133,Matthew Garcia,Patricia52@gmail.com,9730318738
6079223,66547,Tracy Jacobs,Thomas44@gmail.com,5443679524
4507050,50981,Miranda Welch,Kaitlyn61@gmail.com,9850181820
3647790,26356,David Nelson DDS,Ashley71@gmail.com,5332491556
4714684,56376,Anthony Anderson,Amy20@gmail.com,6230723172
1511950,52394,Holly Rodriguez,Christine91@gmail.com,7385927795
2008852,26860,Steven Collins,Joshua100@gmail.com,2797299686
5108178,40904,Raven Serrano,Patricia73@gmail.com,8469758247
4770405,91808,Kristin Norton,Maria4@gmail.com,8826896545
9694906,75072,Lisa Reynolds,Meghan81@gmail.com,6577806932
3532207,57948,Elizabeth Jackson,Lori11@gmail.com,4617734417
8341245,56153,Jesse Barker,Dean1@gmail.com,6051852606
3755013,34777,Allen Fernandez,Joseph64@gmail.com,5064067145
1588986,41694,Meghan Martin,Andrew28@gmail.com,7584142742
7335724,79098,Craig Woods,Charles42@gmail.com,6892492878
3622373,23665,Kaitlyn Solis,Richard65@gmail.com,9077104057
5180615,45594,Ronnie Luna,Megan55@gmail.com,5491563015
3334446,95917,Nicholas Keller,Jonathan8@gmail.com,4361126586
7439021,59656,Dana Walters,Jacqueline29@gmail.com,5700889120
4398098,14689,Emily Delacruz,Michael40@gmail.com,5067526466
3624289,47649,Jill Jacobson,Grace38@gmail.com,2464114951
5212276,56003,Kristie Moore,Molly83@gmail.com,3188146787
9613597,63769,Teresa Martin,David18@gmail.com,4772574473
2366869,48301,Andrew Gutierrez,Gregory52@gmail.com,3955232085
5862888,10488,Scott Walsh,Paul3@gmail.com,7438599085
5390917,66690,Mary Williams,Charles38@gmail.com,7308726670
4076593,23701,Linda Martinez,Steven77@gmail.com,9601936141
1863085,59982,Mia Waller,Amanda55@gmail.com,4153609758
3300103,63705,Peter Brooks,Jacob55@gmail.com,9642833114
8179859,81021,Nicole Mitchell,Julie67@gmail.com,6858515704
2092994,28293,Rebecca Ortega,Marcus94@gmail.com,4718033108
9214575,25362,Tonya George,Rhonda29@gmail.com,1436135712
5756006,62853,David Coffey,Heather89@gmail.com,8688399964
7941266,39053,Russell Luna,Jason93@gmail.com,4435273393
9796548,15579,Sarah Watson PhD,Franklin47@gmail.com,7436544269
7803971,66572,Joseph Gonzalez,Cathy50@gmail.com,2807489070
7494548,55011,Karen Smith,John94@gmail.com,7686743734
1745025,80769,Brandon Gregory,Erik24@gmail.com,9220928848
2935160,71563,Dustin Davidson,Kathy62@gmail.com,8128202443
2862295,23504,Monica Johnson,Rick29@gmail.com,1990112277
6640711,24193,Mark Hendrix,Rebecca54@gmail.com,1433802922
2188044,39390,Shannon Welch,Tami54@gmail.com,3254657753
2727525,57412,Donald Jacobs,Christopher19@gmail.com,8301593905
3264399,49844,James Stone DDS,Andrea26@gmail.com,9304672638
2058060,71513,Briana May,Debra75@gmail.com,3330309197
9706404,86888,Jon Phillips,Katherine18@gmail.com,3654058339
3507765,17019,Kayla Avila,Pamela71@gmail.com,6898331334
4069843,41832,Brian Harrison,Bailey34@gmail.com,8899137649
1891259,85005,Samuel Evans,Margaret21@gmail.com,4888723249
7885937,65708,Colleen Carney,Christopher98@gmail.com,2950993965
6502812,61266,Brian Hamilton,Maureen59@gmail.com,4242185537
7366281,60580,Suzanne Mccall,Heather35@gmail.com,4762875601
5103999,18686,Tiffany Greer,Sara96@gmail.com,9974262832
5243179,13209,Joseph Dunn,David37@gmail.com,3722333741
1948188,46730,Sean Mcdonald,Brittney36@gmail.com,7339402117
5783868,55352,Michelle Brooks,Linda57@gmail.com,5185787019
8097251,26549,Rebecca Shaw,Mark7@gmail.com,5247958327
5017794,63431,Debbie Garcia,Scott49@gmail.com,1580228174
8710264,51627,Danielle Jackson,Roy55@gmail.com,3420032214
8723217,56143,Sherry Jones,Cathy62@gmail.com,3534314910
8214898,58197,Robert Garcia,Maria80@gmail.com,7476224541
5930727,33510,Joyce Brooks,Ryan70@gmail.com,2771806130
7885164,34393,James Morgan,Angela29@gmail.com,1124384705
9387852,75925,Anna Bailey,Chad14@gmail.com,3686718074
4342681,42132,Patty Moore,Stephanie83@gmail.com,4911542160
7363444,53946,Julia Rose,Bethany58@gmail.com,3315653388
6596844,75744,Jessica Small,Daniel55@gmail.com,4822004511
5911205,54868,Michele Daniels,William88@gmail.com,7887543842
9921479,91847,Alexander Noble,Jasmine41@gmail.com,4429810494
3555640,25155,Anthony Gilbert,Samuel80@gmail.com,1597486711
3832767,79702,Ann Sims,Jacob17@gmail.com,5951550810
5562845,60554,Matthew Thompson,Adam38@gmail.com,4006971161
8541022,47410,Crystal Figueroa,Susan72@gmail.com,1991775765
8544108,76898,Kelly Baker,William74@gmail.com,8805847112
4927377,31297,Laura Lucas,Julie13@gmail.com,4194721291
3258810,72361,Austin Molina,Pamela69@gmail.com,8440364585
6918110,11162,Gloria Mills,Brenda20@gmail.com,8250553621
2006157,20717,Jennifer Johnson,Harold63@gmail.com,4500070917
6628536,56562,Sara Smith,William85@gmail.com,1761856277
6311713,61737,Kyle Hoffman,Omar13@gmail.com,8883495371
7942092,88428,Thomas Hart,Gloria23@gmail.com,1400143603
7754346,45847,Michael Maxwell,Susan40@gmail.com,2297346526
1430594,39786,Alexander Krause,Jon95@gmail.com,1644853723
9972583,27611,Emily Harris,Nathan74@gmail.com,2879876942
5058682,82076,Daniel Doyle,Tiffany94@gmail.com,9351273637
9437316,61393,Michael Leach,Heather26@gmail.com,8935260524
5668193,65553,Stephanie Johnson,Anne31@gmail.com,4139634419
8806688,90840,Samantha Chavez,Krista80@gmail.com,4269520417
2141085,78923,Billy Fitzpatrick,Danielle45@gmail.com,4224338331
9927133,98159,Jeffrey Rasmussen,Christopher72@gmail.com,6207385365
9383384,98591,Cheryl Barton,William58@gmail.com,8163013356
9728812,59337,Matthew Chapman,Elizabeth56@gmail.com,8456155957
4524230,37961,Samuel Mendez MD,Derek38@gmail.com,7743541061
8692649,88992,Anthony Bass,Donna44@gmail.com,2589524546
6867487,26821,David Davidson,Deanna62@gmail.com,3604014614
5402207,22560,Molly Weber MD,Brian9@gmail.com,8838161025
6154031,95637,Brandon Dillon,Anne72@gmail.com,7316488626
2665030,87573,Jasmine Oneal,Chad25@gmail.com,5469323317
9292910,36373,Daniel Jennings,Austin61@gmail.com,1707295512
6043972,63728,Adam Rogers,Andrea34@gmail.com,4467507835
9057688,73126,Joseph Wilson,Justin82@gmail.com,8378954633
8922311,11208,Tamara Washington,Mary98@gmail.com,6751960016
2420742,25149,Jeffery James,Nicholas57@gmail.com,5157268530
3829010,71936,Javier Cunningham,Holly76@gmail.com,3728456511
7420941,54894,Joseph Friedman,Erica2@gmail.com,4310194001
9091288,46769,Tyler Carter,Tony97@gmail.com,8231673379
2549469,86951,Lisa Morse,Kim44@gmail.com,4415406012
7202791,26670,Dwayne Wilson,Michael84@gmail.com,5336475215
9837329,39150,Shawn Rivera,James98@gmail.com,4413600296
7432268,30078,Margaret Berry DDS,Nathaniel67@gmail.com,7605990988
9670489,25643,Erin Martinez,David23@gmail.com,4612248881
2531330,55057,Elizabeth Perez,Jeremiah28@gmail.com,5428573422
7686500,69201,Anthony Brown,Todd94@gmail.com,5540959440
4212759,31865,Jerome Griffith,Edward63@gmail.com,9009513122
8559053,40552,Mary Hill,Christopher41@gmail.com,2849524631
3198755,87118,Daniel Rose,Christian73@gmail.com,8666990928
5493687,21523,James Nielsen,Benjamin36@gmail.com,7651346534
3088099,56811,Mr. Jeremy Vargas,Michael24@gmail.com,1246746615
1598591,72091,Amanda Whitehead,Joshua37@gmail.com,8931772182
4764628,43203,Mr. Gregory Martinez,Barbara6@gmail.com,5791482218
3440374,91200,John Gardner,Jeremy8@gmail.com,3188940639
1846851,83621,Eric Cantrell,Cassandra16@gmail.com,2997924815
7932171,25606,James Montgomery,Jose90@gmail.com,4187970525
8510010,53438,Brooke Martin,Alexandria63@gmail.com,2498620437
1038154,35537,Juan Hubbard,Crystal19@gmail.com,4187350654
8924708,34902,Justin Vasquez,Sarah33@gmail.com,7231314287
1967163,36952,Gregory Jones,Kevin28@gmail.com,3081957550
1703492,16624,Warren Porter,William37@gmail.com,6351826401
7061758,82366,Tony Crawford,Wendy7@gmail.com,7966071616
1415271,36483,Miranda Smith,John3@gmail.com,9621621609
9832080,33422,Marcia Watson,Brenda70@gmail.com,8523121857
2440570,84706,Blake Fritz,Amanda57@gmail.com,6725009365
3121743,94911,Stephanie Kennedy,Gail57@gmail.com,5936582675
8062950,15389,Anna Blair,Billy32@gmail.com,4777773229
9778751,48831,Paul Fuller,Christine34@gmail.com,6004586548
9418735,81249,Edgar Wilkins,Andrew19@gmail.com,6825076217
7889124,88452,Haley Moore,Garrett78@gmail.com,5892141970
2951811,20843,Megan Horn,Cindy81@gmail.com,8295214915
2537898,32136,Christy Bell,Jonathan46@gmail.com,1813605428
9252884,35855,Mark Robinson,Dana98@gmail.com,3786413580
1622647,28428,Debra Ramos,Taylor67@gmail.com,5410412667
6173913,17150,Kimberly Barber,Jeremy42@gmail.com,9754405661
2620124,48051,Stacy Jackson DDS,Mark35@gmail.com,4959153288
1958692,50725,Stephen Huynh,Tony77@gmail.com,8150393643
5471254,56897,Christopher Martin,Michael1@gmail.com,2372019874
6051536,47252,Melissa Martinez,Courtney34@gmail.com,5491577423
5635867,84171,Alex Waller,Karen7@gmail.com,3439942413
4332460,83711,Cody Harvey,Patrick72@gmail.com,4124149664
3641082,96528,Mary Melton,Edward27@gmail.com,2283394124
3638035,97966,Christine Zimmerman,Shelby48@gmail.com,2447264826
6059051,63724,Christopher Torres,Scott48@gmail.com,4601332357
8987649,95216,Daniel Schmitt,Jacob20@gmail.com,2360799634
8366588,93783,Candice Ruiz,Paul88@gmail.com,8649176352
8009879,44713,Erik Juarez,Robert54@gmail.com,5795905534
9699036,16862,Denise Cole,Ashley31@gmail.com,3986303943
7483290,19071,John Weaver,William9@gmail.com,6734893109
3355234,65270,Thomas Hernandez,Heather68@gmail.com,6687284814
2184111,55779,Catherine Wallace,Lynn31@gmail.com,3457448384
5578934,84167,Kimberly Mullins,Brenda77@gmail.com,2934253663
6336195,14627,Jennifer Doyle,Karen67@gmail.com,6698365871
7674243,93785,Jeffrey Blevins,Cheyenne71@gmail.com,3801827586
8543361,68714,Valerie Henderson,Cameron56@gmail.com,2113347246
2405085,20123,Eric Frank,David85@gmail.com,5776690873
2880562,30149,Misty Powell,Randall46@gmail.com,7451470728
5009440,63605,Kelly Macdonald,Derek87@gmail.com,2891813594
6583989,19849,Hector Fuentes,Ashley55@gmail.com,5768626541
3964086,11839,Troy Bennett,Vanessa100@gmail.com,9017111077
8897088,87385,Matthew Strickland,Dominic35@gmail.com,5970832374
7280839,58579,Sara Cantu,Ashley92@gmail.com,1476176069
9518222,83613,Theodore Morales,Sherry72@gmail.com,6853281958
2691756,86171,Caleb Lopez,Cynthia19@gmail.com,6520253410
6656436,22000,Angela Velazquez,Christopher26@gmail.com,2937702234
7568554,29583,Marcus Price,Kyle6@gmail.com,2582790612
2501870,24531,Christian White,Michael55@gmail.com,1565063569
5762355,20251,Cynthia Ford,Bradley34@gmail.com,5889139010
3237680,45103,Stephanie Lewis,David91@gmail.com,9428359788
9324353,57511,Traci Cook,Kelli57@gmail.com,9838375485
6387647,49618,Evelyn Rios,Stephanie43@gmail.com,4554175129
9599829,84025,Thomas Morgan,Nicholas43@gmail.com,9282002448
8547254,68873,Thomas Baker,David56@gmail.com,3880352146
8296964,94686,David Malone,Derrick18@gmail.com,9021113917
9580948,97879,Miguel Wright,Janice59@gmail.com,4973173781
6349117,63098,Janet Matthews,Barbara54@gmail.com,4691885476
2155260,93869,Christina Perkins,Michele5@gmail.com,9942443206
5473938,62480,Timothy Hill,Billy57@gmail.com,2115680163
8287371,61364,Marvin Williams,Jacob20@gmail.com,1504736540
7314515,15309,Kimberly Horn,Stephen45@gmail.com,9882779089
6591290,32813,Laura Johnson,Samantha12@gmail.com,9953875021
1881814,84693,Dennis Leach,Eric48@gmail.com,2494685428
5481590,66443,Zachary Allen,Travis11@gmail.com,9521166556
6779922,46326,Zachary Conner,Austin26@gmail.com,2453563386
1995350,92521,Raymond Nguyen,Angela81@gmail.com,1953676659
1224229,62799,Lori Ramos,Leonard53@gmail.com,5068720551
8116003,76279,Patricia Castillo,Joshua65@gmail.com,5735930387
3276186,60959,Joann Hernandez,Gary5@gmail.com,2498502599
1919546,40477,Kelly Gibbs,Megan29@gmail.com,7986727062
2910097,15819,David Fields,Alexander100@gmail.com,9230234778
8004212,29456,Michael Cabrera,Adrian88@gmail.com,9615707421
7125009,30214,Frank Smith,Matthew84@gmail.com,7262190222
2713259,55906,James Turner,Teresa37@gmail.com,7886641234
4399602,37315,Larry Rice,Antonio100@gmail.com,3668264319
3054899,53313,Michael Moreno,Michele50@gmail.com,1079389861
3049640,65622,Christopher Phillips,John41@gmail.com,9438111317
7738260,64325,Kenneth Reynolds,Heidi56@gmail.com,1560158391
2847735,45268,Susan Rose,Tim86@gmail.com,2772606779
4998464,72719,Thomas Schwartz,Jesse27@gmail.com,5403496334
6896745,68454,Shaun Campbell,Joshua92@gmail.com,6519716592
2214230,33687,Cheryl Evans,Douglas95@gmail.com,7955279657
3143483,87489,James Frost,Megan39@gmail.com,1470364940
6895500,86105,Christopher Weiss,Shannon79@gmail.com,2627332610
8425837,14179,Kathleen Johnson,Alison59@gmail.com,5003346605
2400203,58077,Lori Peterson,Christy45@gmail.com,2601189092
6662436,71788,Christopher Jones,Christopher56@gmail.com,8727937811
4167971,20477,Colton Williams MD,Melissa76@gmail.com,1281903683
9709589,71126,Eric Blake,Beth7@gmail.com,4661500103
8315071,48069,Karen Alexander,Jennifer94@gmail.com,6656988040
2248152,22470,Shawn Lewis,Jocelyn99@gmail.com,7471267352
2823553,19318,Tony Lewis,Bianca43@gmail.com,8958233332
8500364,52603,Brittany Wells,Ashley75@gmail.com,5442610171
2647643,76213,Michael Alvarez,Carrie62@gmail.com,5440909881
3965865,93380,Martin Adams,Suzanne58@gmail.com,9719507769
1156479,35933,Stephen White,Justin4@gmail.com,9963094621
4747259,96972,Christopher Arroyo,Allen95@gmail.com,2177443703
6900973,84316,Heidi Johnson,Sarah63@gmail.com,2154274820
2315861,95682,John Reese,Stacy60@gmail.com,3184045363
8607727,66721,Keith Lloyd,Troy49@gmail.com,4903650990
4598583,50498,Cheryl Bates,Heather15@gmail.com,3982450512
7563635,69422,Edward Smith,Julie10@gmail.com,9258057645
3524688,31173,Adrian Bradford,Matthew100@gmail.com,9120938163
2882916,43251,Joseph Young,Hector19@gmail.com,3397593327
4751640,54689,Tonya Gallegos,Nancy37@gmail.com,6249734986
3919917,16651,Anita Gregory,Anthony46@gmail.com,9031031141
9426419,69470,Shawn Ramirez,Emily92@gmail.com,4816224249
3757654,89041,Patrick Ryan,Jack47@gmail.com,8750830537
7426656,30515,Anna Richardson,Kevin16@gmail.com,6524780417
3832514,72558,Gregory Smith,Noah14@gmail.com,3852517695
8034940,24111,Jeffrey Morris,James41@gmail.com,9908100087
9412259,15202,Christina Joseph,Tracey75@gmail.com,7694175115
8414897,11725,Nathan Fuller,Brent7@gmail.com,7298315178
3757076,42747,Lauren Hawkins,Shelly41@gmail.com,3796066351
9662534,77834,Jennifer Hawkins,Teresa15@gmail.com,5280171829
1327209,23768,Rhonda Watson,Angela49@gmail.com,4630809815
4283352,53310,Chad Dominguez,Lori63@gmail.com,9043756895
4921869,78969,Amber Stevens,Crystal76@gmail.com,4113936582
1374509,25375,John Boyle,Carmen100@gmail.com,4236408082
1014514,75063,Laura Wise,Kelly43@gmail.com,9516631833
8619328,73603,Jenna Bradley,Erin96@gmail.com,6943307461
8605398,25420,James Hudson,Keith48@gmail.com,5852968047
2971371,47160,Miss Wendy Bates,Tonya38@gmail.com,6150968997
3320817,10500,Julie Ryan,Martin33@gmail.com,1818950828
8500688,70619,Beth Hernandez,Theresa4@gmail.com,5437142408
2015325,94911,Ashley Martinez,Jesus70@gmail.com,9270142916
3305820,12331,Dean Mack,Paul48@gmail.com,2534593758
8661891,90620,Preston Smith,Stephanie97@gmail.com,8802900880
3107929,92503,Hayden Armstrong,William65@gmail.com,5074015022
9191479,84029,Robert Baker,Kyle14@gmail.com,5270458850
8601638,60174,Brandon Hernandez,Daniel19@gmail.com,7648366787
8065732,45720,Joshua Graham,Matthew98@gmail.com,8393613929
7557984,55345,Deborah Harrington,Autumn28@gmail.com,7329136468
4457751,55341,Mitchell King,Joshua29@gmail.com,8833584445
6245851,52793,Michael Ramirez,Vanessa99@gmail.com,2061068435
9180688,13244,Justin Oliver,Anna55@gmail.com,4365050125
8281236,41016,Shelly Norman,Julie6@gmail.com,9150793113
2968176,79280,Stephen Mcbride,Robert21@gmail.com,2215366678
5899354,41942,Dean Martinez,Don83@gmail.com,6476000473
4725343,97732,Richard Williams,Darrell47@gmail.com,5912284155
2249133,97248,Edward Smith,Keith62@gmail.com,8027041745
2001969,35742,Allison Adams,Brandon30@gmail.com,2452082995
6283705,86824,Matthew Wilson,Katherine82@gmail.com,8172023078
2851499,23297,Joan Oconnell,Penny22@gmail.com,3782630892
9332173,83483,Amanda Chapman,Carol11@gmail.com,5155745811
7089350,42912,Sandra Griffin,Cassandra55@gmail.com,9889295773
9758496,70058,Tamara Yang,Jeremy74@gmail.com,9046299878
8170578,81426,Jack Jackson,Andrew65@gmail.com,8965948554
2811791,30292,Dawn Nielsen,Melissa22@gmail.com,9565101175
6673690,67151,Marie Morrison,David84@gmail.com,7246913936
1772714,94390,Amy Moyer,Joshua84@gmail.com,9657238062
3063504,95579,Michael Harrison,David61@gmail.com,2557451863
2401456,74432,Richard Hammond PhD,Adam32@gmail.com,4892259039
8011820,52056,Barbara Todd,Jonathan5@gmail.com,5936638118
3886320,32111,Jose Mcdonald,Jenna22@gmail.com,9618357710
8188958,84054,Samantha Rodriguez,Sandra77@gmail.com,8803310862
8197055,40834,Clarence Johnson,Susan6@gmail.com,4644409064
5831113,84325,Bryan Johnson,John80@gmail.com,1413203023
8668605,35992,Derek West,Thomas30@gmail.com,1897963273
8065375,95513,Tina Gordon,Michael95@gmail.com,2489723744
5443967,86470,Kelsey Wilson,Michael55@gmail.com,5395269732
5881070,17204,Jeffrey Griffin,Joshua45@gmail.com,1037899773
2027628,69835,Michael Nelson,Corey57@gmail.com,7060960038
5439085,86204,Angela Calhoun,Jose38@gmail.com,5211185546
7876833,50388,Maureen Gonzalez,Roberto64@gmail.com,6242273554
6761195,74462,Jason Rodriguez,Anthony42@gmail.com,2794436790
6896472,50042,Melissa Underwood,Wayne96@gmail.com,5631353371
3794347,50310,Kimberly Raymond,David59@gmail.com,4102815396
9091421,34620,Karen Ellison,Corey76@gmail.com,3774598579
8556012,34590,Paul Price,William21@gmail.com,3100301289
9675347,29613,Gregory Adkins,David33@gmail.com,3882455835
7782856,63591,Lisa Jackson,David26@gmail.com,9844798090
6713727,88217,Hannah Choi,Erin33@gmail.com,7248478032
8108096,35611,Jeffrey Vargas,Diane95@gmail.com,6959311786
4730973,20158,Jeremy Hendrix,Anthony8@gmail.com,7808657233
2777340,46658,Rachel Jones,Stephanie23@gmail.com,1557155857
9978016,68052,Todd Smith,Daniel98@gmail.com,8205615945
2576430,13301,Tara Ortiz,Tina21@gmail.com,6562940563
2222195,62202,Nancy Thomas,Yolanda91@gmail.com,4588021573
1989107,58604,Cheryl Boyer,Danny18@gmail.com,4548252023
2273261,21517,Albert Miller,Dylan99@gmail.com,2602875098
9940279,89685,Amanda Farrell,Patrick25@gmail.com,7575440131
9680381,71408,Lori Hodge,Stephanie31@gmail.com,6362412709
8292575,26219,Teresa Zimmerman,Sandra88@gmail.com,4432261140
6401743,35511,Alexander Parrish,Bridget89@gmail.com,2252419014
3663334,23752,Cynthia Callahan,Bonnie41@gmail.com,2987928482
8695101,12107,Adam Baxter,John8@gmail.com,7111094012
8049105,85251,Marc Obrien,Linda99@gmail.com,4352634044
3685274,91280,Dalton Mason,Samuel5@gmail.com,2757142169
4899726,96679,James Mason,Amber55@gmail.com,6593816250
8446916,32712,Kevin Smith,Amber19@gmail.com,1630193283
5737405,51647,Jonathan Mann,Glenn71@gmail.com,2913682613
2449053,86512,Natalie Farrell,Austin69@gmail.com,7673561596
7871021,70801,Abigail Wright,Billy29@gmail.com,9585631152
8880932,19672,Christopher Rose,Mark1@gmail.com,3044629838
5065314,74924,Jason Walters,Timothy35@gmail.com,2692202916
9160186,37555,Bryan Castaneda,Paul62@gmail.com,6282602423
2002934,49246,Heidi Glass,Barbara6@gmail.com,8448174303
8033998,71279,Christopher Smith,Catherine85@gmail.com,3455362979
7399119,46537,Jacqueline Reynolds,Teresa97@gmail.com,4128991501
4534163,13888,David Mitchell,Deanna66@gmail.com,9574595555
8384201,14534,Eric Parker,Jessica11@gmail.com,2457073003
7619597,24875,Timothy Flores,Anthony21@gmail.com,3371785935
9822125,15171,Destiny Reed,Steven76@gmail.com,1078277076
9365790,69788,Richard Garcia,Nicole28@gmail.com,6977111499
5968338,87835,Joseph Weiss,Judith99@gmail.com,3619631586
6241670,84961,Marisa Acosta,Tonya3@gmail.com,1949022803
6685383,20952,Catherine Jordan,Bob15@gmail.com,9079755133
5591887,77092,Jessica Gonzalez,Joseph19@gmail.com,6600243111
7301350,71125,Thomas Mullins,Scott35@gmail.com,5216128261
7398135,74529,Alexander Jenkins,Dana70@gmail.com,7817442382
3211662,40927,Shelly Ponce,Andrea21@gmail.com,3730193829
3343540,15016,Steve Rose,Emma11@gmail.com,1053935101
8701448,39715,Marie Reynolds,Christopher80@gmail.com,5555961623
2777016,46633,Molly Ponce,William3@gmail.com,4935085980
2375814,47988,Christopher Marsh,Dennis89@gmail.com,6670785526
4659312,98636,Sandra Parker,Amanda94@gmail.com,5376244226
6819649,63788,James Velazquez,Helen87@gmail.com,7415916530
8674669,40496,Anne Velez,Jimmy32@gmail.com,2666849513
4633574,30451,Walter Moses,Amber39@gmail.com,2028897158
8757236,82696,Susan Fox,Paul20@gmail.com,7524072578
5721094,56273,Alexandria Rogers,Nicole13@gmail.com,4657169117
5953930,64619,Angela Campbell,Karen21@gmail.com,3373066317
1133723,16921,Aaron Burgess,Vincent82@gmail.com,3272595664
6666935,54126,Michael Castillo,Walter68@gmail.com,2869741017
7735768,46931,Robin Reynolds,Dominique50@gmail.com,1078323303
4221743,67121,Wendy Lara,Heather26@gmail.com,5102486275
7550600,17722,Tonya Andrews,William73@gmail.com,1156131330
6893479,25891,Michael Sandoval,Susan80@gmail.com,7701440846
4224690,65929,Lisa Rhodes,Jessica31@gmail.com,4673002921
2638897,20107,Thomas Simpson,Jennifer43@gmail.com,1785698230
9477375,99961,Joseph Vazquez,Robert53@gmail.com,2775264069
7130146,34177,Brandi Zimmerman,Lori23@gmail.com,8227218681
8351766,99944,Ryan Barnes,Omar4@gmail.com,6150158703
8126418,20068,Kelly Moore,Louis64@gmail.com,1526724416
2980476,81934,Tammy Harper,Jonathan62@gmail.com,3626390248
7549247,39266,Alexandria Thompson,Robin30@gmail.com,2701070043
7950233,84929,John Hayes,John60@gmail.com,5745688309
6510022,29223,Michael Holmes PhD,Brent59@gmail.com,2990472644
2305262,70889,Kristine Adams,Lacey89@gmail.com,9144704045
6472768,70194,Donald Johnson,Derek2@gmail.com,3070239720
1960500,73493,Brandon Green,Kellie21@gmail.com,2416234109
9020538,97850,Danielle Morris,Leslie87@gmail.com,6663235197
7932260,29640,Misty Williams,Matthew66@gmail.com,8143352432
9084189,84457,Richard Page,Brenda56@gmail.com,9130670905
9484935,30533,Taylor Gonzales,Mary37@gmail.com,7839449322
7712102,24704,Kim Frye,Matthew48@gmail.com,5477004517
8889102,51763,Daniel Smith,Brandon36@gmail.com,7696934514
8287530,93447,Taylor Johnson,Javier68@gmail.com,8762343959
5864898,49695,Richard Williamson,Amanda18@gmail.com,1169190193
7027519,27392,Howard Oliver,Jeffrey19@gmail.com,3142028905
9674871,92607,Ryan Rush,Melissa22@gmail.com,2952970120
3842712,99020,David York,James43@gmail.com,5376445245
1615278,44181,Holly Fischer,Emma62@gmail.com,6870984274
6981379,50146,Neil Walton,Kristy8@gmail.com,2277789078
9374533,94070,Rebecca Gibbs,Allison21@gmail.com,5991759934
3576900,77386,Kelly Cooley,Debbie63@gmail.com,7963373983
9982285,68398,Michael Gallagher,Samantha90@gmail.com,9067299503
2517137,48102,Mark French,Scott14@gmail.com,1845602284
3636331,77109,Suzanne Stevens,Lori83@gmail.com,3597785927
2672969,39747,Jonathan Johnston,Raymond76@gmail.com,7816763653
3822800,49335,Andrew English,Joshua70@gmail.com,5255980504
3476899,96427,Thomas Weiss,Kayla54@gmail.com,5146174090
2247193,62076,Trevor Douglas,Brandon85@gmail.com,7919809673
9248136,76763,Breanna Gallegos,Rebecca39@gmail.com,3470085719
1763173,74566,Megan White,Alan26@gmail.com,8964963463
9938121,51583,Jeremy Foley,Michael93@gmail.com,4902425843
9182295,46781,Richard Hunt,David4@gmail.com,6487279898
3531143,67407,William Dominguez,Alyssa59@gmail.com,2817480757
7678592,36124,Kimberly Barnes,Katelyn5@gmail.com,6572399052
3534305,96892,James Reed,Aaron60@gmail.com,9019268222
4602624,53333,Dr. Matthew Holland,Kyle21@gmail.com,7313461009
7542902,33694,Kristen Cortez,Sabrina23@gmail.com,2776507180
2225977,65449,John Hill,John9@gmail.com,9560177155
6477319,88704,Claudia Underwood,Tyler70@gmail.com,8158625100
4211562,14871,Martin Drake,Sophia45@gmail.com,9878644288
8931281,15807,Vicki Parker,Ryan73@gmail.com,6129137959
5546014,93278,Angelica Cunningham,Brandy89@gmail.com,3915595297
3045579,98494,Katherine Flores,Brenda29@gmail.com,5452541672
6722243,92431,Mr. Dale Perry,Barbara51@gmail.com,7923362814
6004058,39181,Maria Caldwell,Dennis70@gmail.com,9183360496
1980928,85279,Marc Weaver,Dustin58@gmail.com,7612801414
6902469,50454,Justin Miller,Janet73@gmail.com,1956055613
7290409,28379,Mary Moore,Stephen80@gmail.com,5550407928
8225889,43521,Edward Goodwin,Edward39@gmail.com,3227214606
8951949,24129,Steven Barker,Erika25@gmail.com,6096381170
6870587,77096,Chelsea Buck,Erika99@gmail.com,4591968976
5826046,33479,Julia Parrish,Brent25@gmail.com,5617358136
5570784,82070,Nicole Warren,William31@gmail.com,5883998604
7981251,36179,Jessica Calderon,Jeffrey28@gmail.com,6048070976
8411209,25327,Kelly Jones,Robert94@gmail.com,5107528181
1529732,50744,Wendy Richards,Mark97@gmail.com,7110538549
2871690,47433,Shawn Garcia,Robert46@gmail.com,2282050199
3970114,21885,Steven Ramos,Ebony37@gmail.com,3579010005
1638956,81808,Carla Sanders,Judith75@gmail.com,1780670823
1682030,71944,Aaron Lyons,John79@gmail.com,1432422379
3799341,25387,Sarah Fitzpatrick,Michael80@gmail.com,1999443649
4919243,69238,Joshua Perez,Ashley10@gmail.com,2046016604
9470558,49292,Justin Hawkins,Roberto83@gmail.com,6765819851
8771783,85480,Lisa Johnson,Grace55@gmail.com,3462113059
9134822,19724,Jamie Hernandez,Donald44@gmail.com,3177816501
5073863,43282,Matthew Park,Daniel86@gmail.com,8012387739
5298472,58878,Terri Green,Amy78@gmail.com,6374652403
1037775,30276,Mark Friedman,Danielle27@gmail.com,5393966107
9683169,56422,Sherry Brooks,Dana89@gmail.com,6290390870
8854131,65437,Amanda Jones,Michael73@gmail.com,5022332627
9330808,75050,David Lin,Donna53@gmail.com,1217788064
3297540,94395,Jerome Luna,Laura40@gmail.com,5307666124
1300180,79709,Kristie Stokes,Jody69@gmail.com,4109572013
9911915,78314,Vickie Carpenter,John23@gmail.com,3782964515
8095566,22648,Stephanie Kim,Alison68@gmail.com,9828781007
8195103,68005,Jacob Gibson,Wayne96@gmail.com,5874027909
1311498,63810,Tiffany Mejia,Gary6@gmail.com,5665338776
4783208,51959,Ricky Webster,Kelly34@gmail.com,8134172226
1567406,83162,Rebecca Whitaker,Ann66@gmail.com,1758207667
4231719,24535,Shannon Jensen,Richard93@gmail.com,9793911981
7205968,89822,Tyler Miller,Rachel38@gmail.com,4801841352
7992321,39236,Lisa Thomas,Chelsea65@gmail.com,6184483716
2218303,20144,Jessica Castillo,Jack91@gmail.com,3815499021
5332083,61104,Ashley Yoder,Ashley52@gmail.com,2059786426
2901982,13668,Daniel Gomez,Heather26@gmail.com,3207311158
4892650,39849,Brenda Thomas,Adam36@gmail.com,8589587065
9307891,58761,Ashley Burton,Crystal31@gmail.com,2534002382
2947395,97440,William Harris,Jennifer49@gmail.com,9921972204
5044391,62442,Joshua Winters,Jennifer69@gmail.com,8639241214
7595548,16786,John Taylor,Tammy68@gmail.com,4648321908
4770847,36239,Nicole Taylor,Linda87@gmail.com,8590624505
8991401,53839,Sarah Burns,Lucas29@gmail.com,4847238805
4930627,38058,Larry Rose,Frank46@gmail.com,9915322886
7784391,18869,Robert Watson,Kathleen77@gmail.com,9951795898
2050399,72057,Teresa Evans,Erika2@gmail.com,8426507886
4783416,98816,Donna Vega,Todd26@gmail.com,3033581249
5289214,37902,Cindy Guzman,Christopher81@gmail.com,8952774635
7775266,69153,Kyle Villa,Emily100@gmail.com,9468296956
4674087,61583,Tyler Moody,Jennifer19@gmail.com,7433044557
4338754,12561,David Smith,Matthew26@gmail.com,1700393308
9288995,78219,Mr. Dale Smith,Brendan20@gmail.com,4849217954
5088294,92508,Lori Robertson,Curtis87@gmail.com,7491261601
3915895,21376,Joseph James,Kathleen60@gmail.com,1117238229
2649189,51757,Phillip Lloyd,Mariah95@gmail.com,9563303596
1633684,82271,Robert Wilkins,Christopher45@gmail.com,3871419485
4660176,97745,Cynthia Young,Courtney60@gmail.com,5962155508
4175513,48741,Michael Moore,Lawrence34@gmail.com,6551759807
4726527,83836,Willie Rogers,Thomas74@gmail.com,3701423986
9209706,86436,David Ford,Melody3@gmail.com,9856713648
2982195,71793,Randy Summers,Kelli89@gmail.com,3634394749
4957354,32487,Amy Schneider,Jonathan90@gmail.com,9896807228
2770084,43063,Luis Greene,Brianna68@gmail.com,8483184294
6017817,87317,Joshua Higgins,Angela16@gmail.com,9177094364
8407273,39061,Ann Jones,Ross92@gmail.com,3594607124
7857696,46634,William Roy,Lisa51@gmail.com,9201625232
9365597,65437,Kathleen Jones,Christian85@gmail.com,9138140851
7507343,57206,Brian Lewis,Jason19@gmail.com,5055039261
6870713,73092,Jonathan Williams,Christopher61@gmail.com,4683263152
7696055,81559,Barbara Ward DVM,Sheena23@gmail.com,2869125271
1048079,72265,Joann Ruiz,Joshua51@gmail.com,8424939552
4811583,82486,Lisa Humphrey,Todd72@gmail.com,9555152698
5002941,15416,Martin Rodriguez,Maria18@gmail.com,7977245782
9878108,69224,Judy Chandler,Linda83@gmail.com,9170221954
7051870,87007,Michael Hall,Michelle55@gmail.com,3759104939
9422877,61648,Melinda Tate,Michael21@gmail.com,3337400402
7057192,53683,Bethany Green,Brandon89@gmail.com,3639701075
6612225,10268,Emma Williams,Erika57@gmail.com,1058589256
3575467,57011,Theresa Mercado,Stacey2@gmail.com,9363487764
1357956,24800,William Hatfield,Mary94@gmail.com,4065207101
8104922,46360,Zachary Cruz,Casey42@gmail.com,4471755726
5314671,22509,Ryan Aguilar,Sharon1@gmail.com,4413174039
2613707,72295,Tammy Wright,Timothy77@gmail.com,9676538709
3578955,79906,Jacqueline Johnson,Brandon19@gmail.com,1658103229
3117636,74908,John Alvarez,Stacey69@gmail.com,2268626473
5546318,73407,Annette Wilson,Jessica96@gmail.com,3920595971
9218828,20016,Mrs. Jessica Gay,Tony39@gmail.com,5540155396
7598861,68006,Valerie Williams,Kelly37@gmail.com,4377992311
8648041,62133,Kathy Alvarez,Gina86@gmail.com,5479971118
3130965,36297,Jennifer Taylor,Joseph72@gmail.com,7637877619
1381697,38112,David Coleman,Lindsey68@gmail.com,4118595587
5009831,44293,Steve Ramirez,Alan14@gmail.com,5021316637
2672992,24789,Sharon Johnson,Michael33@gmail.com,8274173251
2264559,37165,David Hernandez,Wesley81@gmail.com,
5489144,64153,Adam Green,Frank10@gmail.com,2685709249
2523552,18127,Jeremy Ayala,Curtis72@gmail.com,7027220797
9147826,72119,Michael Boyer,Samantha36@gmail.com,9364934416
5408629,26784,Marvin Brown,Olivia45@gmail.com,4935142362
8312221,87827,Christopher Vance,Shannon96@gmail.com,5263553167
4408203,64081,David Meyer,Matthew34@gmail.com,4201595496
1024897,98365,Kelly Wright,Lisa99@gmail.com,6863848608
2135820,27381,Dawn Barrett,Jose12@gmail.com,2449920066
3527499,83532,Kellie Knight,Billy39@gmail.com,5598940971
9270566,36584,Thomas Brewer,Jasmine80@gmail.com,8536354697
9455313,69339,Stacy Miller,Tara24@gmail.com,1883076136
1131426,88942,Paula Reid,Gwendolyn84@gmail.com,5136522177
8210637,98277,Ruben Ramos,Mike56@gmail.com,3940034373
4323759,73273,Kathleen Dixon,Nicholas18@gmail.com,6833697251
7678427,22202,Andrew Thomas,Robert76@gmail.com,5349680399
6223502,91561,Mary Wilson,Belinda37@gmail.com,5490603781
6916003,69134,Brian Ayers,Jeffrey37@gmail.com,5097766081
2819976,62377,Daniel Porter,Michael41@gmail.com,9055793160
9178527,92236,Stacey Hill,Tina6@gmail.com,5359662793
9975878,91176,Susan Walker,Rebecca2@gmail.com,4428700627
8859573,35220,Jessica Freeman,Jodi79@gmail.com,7169215637
6434456,22044,Richard Haynes,Lauren19@gmail.com,4817076823
2476278,46736,Brian Mclean,Andrew19@gmail.com,5858540383
1806743,96372,Emily Garcia,Angela55@gmail.com,8177609001
3678904,98200,Regina Wallace,Morgan15@gmail.com,6388231363
3924222,27865,Joann Turner,Jared77@gmail.com,4120704292
8686237,29580,Jacob Brown,Michelle28@gmail.com,5400263117
7627473,43346,Blake Maldonado,Stephanie61@gmail.com,2678065923
1225447,58977,Stephanie Owens,Melissa63@gmail.com,3907559266
3113325,73135,Diane Williams,Taylor84@gmail.com,4767873586
6301778,51965,Samuel Blake,Sherri9@gmail.com,1363786247
3614083,16436,Heather Haynes,James91@gmail.com,8217883065
3819320,12932,Aaron Gilbert,Brian26@gmail.com,2966098560
2050716,37373,Roberta Davis,William91@gmail.com,3798562649
6854278,71116,Brittany Mack MD,Hannah84@gmail.com,6769109070
5092340,95856,Adam Sutton,Dustin64@gmail.com,8439327014
5741050,51095,Wendy Scott,Alyssa23@gmail.com,3291423533
1989745,62338,Mr. Gavin Watts,Kimberly41@gmail.com,7084073712
4457710,99140,Daniel Gilbert,Daniel76@gmail.com,8330292802
1941039,11925,Wendy Booth,Deborah86@gmail.com,6305601570
9805164,18044,Luis Blankenship,Keith91@gmail.com,6339407455
9575958,60960,Julie Fernandez,Tonya24@gmail.com,6414302047
4363152,53199,Patrick Fischer,Elizabeth70@gmail.com,1263866103
1738087,26310,Paul Richardson,Daniel79@gmail.com,3964967008
7944848,68675,Robin Newman,Debra25@gmail.com,6222556446
5509517,83680,David Watkins,Lisa100@gmail.com,1629647480
9846702,39955,Luke Blair,Megan15@gmail.com,7948370094
5195474,17263,Eric Cobb,Anthony21@gmail.com,7533233262
5404786,60629,Ruth Munoz,Erika57@gmail.com,5213313715
4681419,55024,Danielle Lambert,Kimberly14@gmail.com,1603794732
8718482,31767,David Molina,Tonya75@gmail.com,8739306997
6625495,17286,Barbara Coffey,Matthew29@gmail.com,8915737826
2858204,33328,Tammie Lee,Cynthia12@gmail.com,1224859445
2559320,29095,Kimberly Reid,Paula10@gmail.com,9053592193
8745787,79432,Kelly Jordan,Nicole61@gmail.com,7738407523
3125789,65539,Margaret Williams,Brett72@gmail.com,7541221499
5673847,23320,Ashley Garrett,Carrie35@gmail.com,9023758202
3100296,95110,Susan Warner,Christopher17@gmail.com,9068110091
4486852,16610,Anthony Barnes,Tammy100@gmail.com,8546322292
5713170,43680,Jonathan Burke,Nicholas33@gmail.com,6515573291
5345670,51439,Steven Simmons,David45@gmail.com,7976469839
4334896,54386,Peggy Scott,Susan66@gmail.com,2815824231
3931575,18817,Danny Lester,Danielle68@gmail.com,4269018539
6973917,88087,Keith Gamble,Donna71@gmail.com,1843560103
5811358,10222,Steven Cisneros,Dustin100@gmail.com,9456961999
1178359,61930,Christopher Smith,Linda83@gmail.com,4133858099
1844364,41323,Michael Hodge,Brian10@gmail.com,9730945221
8059811,30214,Chad Butler,Patricia97@gmail.com,3869478856
2219546,27425,Denise Shaw,Diane42@gmail.com,8365135109
3963904,23189,Joshua Morales,Michael49@gmail.com,8687263538
8880249,97887,Kimberly Sanders DVM,Colleen35@gmail.com,1870079507
6323310,56152,Michelle Riley,Robert93@gmail.com,9426120012
4961924,67737,Kristin Walton,Amy2@gmail.com,4550086265
9475720,81587,Kristin Mosley,Richard66@gmail.com,2720139509
7560850,43403,Renee Wilkins,Wendy80@gmail.com,6468891763
9854444,60649,Sarah Mason,Patricia54@gmail.com,1482551306
6229384,88329,Cynthia Reed,Mario40@gmail.com,1056192477
8004748,80967,Elizabeth Bowers,Carol66@gmail.com,1793928236
4519871,47976,Pamela Saunders,Philip65@gmail.com,4353213709
7445936,14924,Donald Hoffman,Brittany73@gmail.com,7681319555
4124006,49680,Jason Pham,Todd97@gmail.com,5594085788
1370540,18306,Bridget Gonzales,Scott45@gmail.com,1107425478
9057058,95406,Steven Carroll,Jared69@gmail.com,3680640083
2691039,63891,Catherine Lee,Michaela41@gmail.com,9781501699
8055517,40387,Tanya Johns,Billy38@gmail.com,5670349754
8440608,23225,Jerry Ellis,Molly82@gmail.com,1324134324
7399198,77721,Aimee Williams,Nancy1@gmail.com,7188918305
4948190,37055,Elizabeth Mitchell,Robert17@gmail.com,9463794385
7822724,43128,Amy Sanders,Katherine54@gmail.com,1486702412
1789455,92738,Mark Hodges,Joseph63@gmail.com,8291455193
2273851,32667,Brian Sheppard,Jake82@gmail.com,6254483458
4476320,34335,Randy Edwards,Colleen25@gmail.com,1361955501
8638087,53714,Alexander Lewis,Collin84@gmail.com,6881315372
7169088,84518,Charles Medina,Mark82@gmail.com,5819148176
9143946,88805,Patricia Casey,Jennifer63@gmail.com,4708755534
3379443,62625,Eric Gonzales,Sean13@gmail.com,8996682604
9026331,64850,Shelby Johnson,Rachel55@gmail.com,9236424146
1406268,82557,Margaret Adams,Robert92@gmail.com,3203508251
5329450,17443,Leah Cox,Amy66@gmail.com,6340486418
4295471,43446,Bradley Nguyen,Michael50@gmail.com,4321494215
4791425,86283,Kelly Smith,Brenda28@gmail.com,3557868121
7210111,22743,Susan Leonard,William26@gmail.com,2704895535
8206987,16732,Ian Mcgee,Melanie20@gmail.com,7859516173
4576236,86774,William Henderson,Wanda60@gmail.com,8566902564
3614856,33441,Vincent Holmes,Alexis43@gmail.com,2664844968
6122780,48462,Tara Rodriguez,Donald98@gmail.com,3314236870
6465616,96441,Anna Pope,Regina65@gmail.com,6627994682
4258733,56355,Alexander Torres,Heather69@gmail.com,1053147377
6706696,89417,Teresa Logan,James45@gmail.com,3196372103
3516686,50311,James Williams,Rachel63@gmail.com,3063654645
4170560,52639,Kimberly Lara,Ashley47@gmail.com,6688127225
1868582,72383,Paula Torres,Michelle61@gmail.com,8336497946
6294595,16717,Michael Richardson,Joseph25@gmail.com,8944110474
5960058,43791,Luis Carr,John53@gmail.com,1336584418
1129099,29585,Adrian Johnston,Amy45@gmail.com,2312982270
4129287,79424,Barbara Jones,Matthew74@gmail.com,2587594448
9803681,87781,Erik Clark,Kelly13@gmail.com,9911315422
6607027,72703,Matthew Reese,Tara14@gmail.com,7755220164
7513307,77918,Steven Salinas,David39@gmail.com,8292788754
9422374,86610,Rachel Norton,Lisa23@gmail.com,1933314084
4323391,35022,Rebecca Mckee,Megan52@gmail.com,6058545785
8891351,48801,James Hart,Kiara65@gmail.com,5432065999
2774982,39817,Christian Harris,Laura85@gmail.com,8540203025
4740823,37385,Eric Elliott,Gloria67@gmail.com,3579784496
3992751,11185,Joshua Davis,Joseph98@gmail.com,9831915431
8445281,19244,James Clay,Zachary5@gmail.com,8680937714
6597986,69867,Olivia Gross,Gail98@gmail.com,9711087146
6990521,81938,Mikayla Wilson,Cassandra33@gmail.com,2855330118
9927235,46930,Andrew Montoya,Grace75@gmail.com,1922249407
5320268,60924,Steven Miller,Sandra74@gmail.com,3579538741
4500288,93142,Leah Glenn,Taylor60@gmail.com,6598389837
9132371,26938,Margaret Ball,Stephanie44@gmail.com,9518253700
1993804,89398,Jason Baldwin,James54@gmail.com,4408681388
1551668,38136,Edward Simon,James67@gmail.com,1950401501
1214569,69119,Christopher Johnson,Ronald44@gmail.com,9509143311
6988194,21135,Renee Bennett,Stephen37@gmail.com,4538438354
2848930,63602,Sara Esparza,Rodney43@gmail.com,3482218924
8537878,33556,Angel Saunders,Stacie58@gmail.com,2764756073
6419231,34946,Zachary Walker,Elizabeth95@gmail.com,1205337944
4871349,95106,Brittany Owens,Andrew87@gmail.com,4949218544
6094730,47574,Jason Arias,Rick49@gmail.com,1493304676
6308597,99078,Matthew Wood,Lori50@gmail.com,6894404054
6346631,72214,Kevin Alvarado II,Ashley77@gmail.com,1882344356
8631571,66426,John Dickerson,Scott17@gmail.com,2395259392
1956372,78382,Dennis Hicks,Vicki82@gmail.com,8025047101
1781269,37350,Jeff Tucker,Jennifer67@gmail.com,3873958394
5681092,81353,Mikayla Williams,Linda37@gmail.com,6327575029
7920884,69626,Diana Smith,John84@gmail.com,7702474237
3717062,89282,Heather Miller,Christopher82@gmail.com,1299985763
1649313,10587,Michael Jones,Thomas51@gmail.com,3300290250
2773195,58422,Emily Patterson,Dana51@gmail.com,6534943993
7314602,98536,Angela Hughes,Christina32@gmail.com,3617131797
6527420,83269,Justin Willis,Jacob21@gmail.com,9930405626
7215966,26692,Dominic Long,Brandy8@gmail.com,1711381750
4492826,33169,Sarah Ramirez,Karen78@gmail.com,5536588106
3671636,26792,Stephanie Dickerson MD,Jennifer79@gmail.com,5442269598
1009461,25054,Stephanie Johnson,Benjamin55@gmail.com,2034636983
5281227,12470,Michael Petty,Daniel98@gmail.com,8564431169
5355298,34662,Sabrina Stevens,Evan67@gmail.com,4304355283
3214261,48022,Dale Mann,Heather81@gmail.com,3128143661
3590254,16278,Nicolas West,Kim80@gmail.com,4473089287
5628804,72640,Adriana Brown,Christine50@gmail.com,6947008933
6691689,93244,Andrew Wilson,Cody64@gmail.com,1372907285
1609713,39978,Mark Bowman,Tonya14@gmail.com,4476627554
6573184,38300,Richard Norman,Makayla81@gmail.com,6397204644
2208039,34442,Anita Miller,Kathleen56@gmail.com,5450775120
9308107,74228,Jennifer Page,Pam58@gmail.com,5091195622
3276979,75058,Samantha Taylor,Maxwell57@gmail.com,9202747418
4048357,37758,Jordan Rodriguez,Sherry62@gmail.com,3264107686
6419750,60342,Nicole Allen,Christina33@gmail.com,1806576174
2925468,83620,Robert Baxter,Jessica32@gmail.com,8598854700
6452272,86066,Derek Knapp,William54@gmail.com,7732619163
9082867,93579,Michael Carrillo,Drew40@gmail.com,2300905643
4013754,66727,Thomas Williams,Kim49@gmail.com,8666815586
2858459,59840,Jordan Graham,Gary33@gmail.com,5272621278
4886950,76037,Robert Edwards,Sophia66@gmail.com,8763049979
1370711,17399,Andre Cummings,Larry64@gmail.com,8822603925
6992808,88303,Bryan Taylor Jr.,Jacob99@gmail.com,8664946897
9683775,45369,Andrea Golden,Douglas55@gmail.com,1235449116
4871374,85429,Michelle Duncan,Jacqueline52@gmail.com,9319051975
5207632,50175,Christina Sanchez,Anthony24@gmail.com,4935977868
1864720,46464,Albert Smith,Kelly74@gmail.com,8932372439
4723523,50022,Daniel Martin,Katherine38@gmail.com,2470150688
2095382,28736,Frank Beck,John1@gmail.com,8511015999
9702584,66930,Michelle Graham,Kathy81@gmail.com,3994358333
5049681,21497,Patrick Adams,Susan18@gmail.com,5216053916
8505909,61814,Ashley Harper,Valerie91@gmail.com,5015238954
1406689,31943,Tammy Klein,Danny98@gmail.com,2165489143
9955105,25565,Brittany Nguyen,Heather12@gmail.com,5938723623
3344288,29598,Thomas Christensen,Richard47@gmail.com,3765796562
4122563,49718,Tanner Daniels,Sheila86@gmail.com,1753318438
5797421,82968,Scott Harmon,Karl94@gmail.com,7023493114
7844436,19542,Justin Rivers,Timothy28@gmail.com,7418212095
7563562,61349,Sean Williams,William52@gmail.com,5598899626
2385375,16761,Denise Braun,David63@gmail.com,5872874021
3787653,32890,Ashley Carlson,Anthony52@gmail.com,3387416769
6849759,29316,Aaron Weeks,Janet93@gmail.com,5954697476
8329370,97300,Amanda Schroeder DDS,Kevin48@gmail.com,9560583736
5938640,64605,Brooke Morris,Michael49@gmail.com,1171685794
2169759,27227,Mr. Jonathan Joseph,Shelby39@gmail.com,2600597814
5744448,90767,Mr. Robert Taylor PhD,Mark39@gmail.com,5837619835
7003404,84360,Mary Moore,Amanda33@gmail.com,7545646441
1309191,82294,James Blair,Scott40@gmail.com,7237770273
5634653,52344,Christopher Garza,Brooke26@gmail.com,2018435637
4155651,68079,Amanda Schaefer,Heidi87@gmail.com,2128769501
5776652,51712,Cindy Sanchez,Austin47@gmail.com,6978015120
1237646,90845,Anna Rodriguez,James100@gmail.com,7480814878
3378021,19461,Rebecca Ortiz,Megan80@gmail.com,8257241923
3514851,60713,Jesse Perkins,David3@gmail.com,9749714305
3171615,83983,George Olsen,Zachary17@gmail.com,1521132495
5892585,66598,Michael Williams,Donald31@gmail.com,1516120584
1518841,90094,Peter Alexander,David33@gmail.com,1730553821
9199454,39927,Phillip Hampton,Angela4@gmail.com,5456051093
9665092,89391,Sarah Bass,Angela36@gmail.com,5511581576
5685015,20984,Matthew Roman,Jennifer76@gmail.com,6627655742
7563180,50204,Jessica Carroll,Eric86@gmail.com,6754593616
6029904,96109,Spencer Jackson,Sandra78@gmail.com,1810498241
3096445,85888,Andrea Todd,Whitney79@gmail.com,4977317292
2290937,95878,Lee Davis,David50@gmail.com,8686328840
4925271,62319,Kimberly Byrd DVM,Joshua32@gmail.com,6554062677
6498220,75099,Barbara Durham,Joshua52@gmail.com,2476346985
5494082,86786,Jaime Fields,Christine96@gmail.com,8806709036
8879930,37524,Christina Fields,Dylan99@gmail.com,2973686413
1719357,22996,Nicole Mccormick,Gerald55@gmail.com,3801479581
2406886,46085,Donald Hoffman,Patrick38@gmail.com,4334081758
3013013,41877,James Goodwin,Ryan88@gmail.com,9190132538
6123042,44952,Jennifer Davies,Ronald38@gmail.com,5911052568
2475410,32928,Elaine Campbell,David38@gmail.com,1382267451
4957970,38736,Mark Anderson,Dorothy86@gmail.com,8864393211
8698158,14886,Diana Buckley,Lisa23@gmail.com,9368059704
2474444,73252,Michael Daniels,Lance83@gmail.com,1161593355
9964121,91906,Ryan Peters,Eric50@gmail.com,3905523952
9304908,72872,Alicia Davis,Cheryl41@gmail.com,3908164850
5991398,55412,Deborah Garrett,Rebecca17@gmail.com,3245773958
9586845,40038,Alexandra Liu,Ethan60@gmail.com,5598041780
4927488,78906,Katelyn Whitaker,Joseph21@gmail.com,5055959556
6319312,34971,Marc Adams,David72@gmail.com,2467331361
2147095,90116,Diane Edwards,Jeffrey87@gmail.com,8532943732
2627849,20094,Crystal Lynch,Renee72@gmail.com,5489620627
5967513,54521,Denise Kerr,Jasmine63@gmail.com,6584703623
1691539,13240,Melissa Johnson,Cynthia23@gmail.com,1620396403
1711816,17855,Carrie Kelly,Judy18@gmail.com,9388159390
8959511,16285,Tara Gomez,April4@gmail.com,6575300995
8539476,89189,Sarah Obrien,Sarah36@gmail.com,7384662364
7160143,33853,Judy Nichols,Rebecca77@gmail.com,5970701938
3935081,72485,Marie Scott MD,Juan10@gmail.com,3099847414
3644392,62266,Regina Hayes,Logan43@gmail.com,8101050725
3315797,79252,Marc Thompson,Robert25@gmail.com,1380226164
6434960,84563,Alicia Smith,James57@gmail.com,3831171679
7167302,77633,Jean Green,Michael92@gmail.com,2892220152
6413312,94381,Kenneth Holmes,Paula36@gmail.com,9586246501
6928931,42115,Summer Walker,Anthony71@gmail.com,7832902594
5669655,36352,Donna Galvan,David100@gmail.com,1494091388
7304092,98329,Sarah Smith,Jennifer52@gmail.com,7486438371
7079242,93267,Emily Owen,Joshua63@gmail.com,6447340252
8623128,37730,Heather Garza,Michael2@gmail.com,4241947922
5981892,56097,Steven Rogers,Amy49@gmail.com,2419311064
1525224,70332,Jennifer Taylor DDS,Austin21@gmail.com,7165254662
8466750,43107,Sara Brooks,Melissa95@gmail.com,5009966559
6525349,74412,Christopher Bishop,Donna26@gmail.com,7709288811
9863173,97291,Melissa Porter,Cindy26@gmail.com,4377035299
7011712,98577,April Atkins,Tina26@gmail.com,6701375835
3123817,30782,Eugene Barker,Destiny31@gmail.com,5177032876
7470628,49718,Anthony Atkinson,Stephen53@gmail.com,5252922941
7390910,91897,Taylor Grimes,Patricia10@gmail.com,5922477543
1475080,50044,Shawn Bowman,Matthew4@gmail.com,8706290598
7177412,94689,Drew Blanchard,Brandi55@gmail.com,5756157412
3011862,61048,Charles Flores,Shirley24@gmail.com,3027444653
1216658,38452,Bryan Barron,Lawrence13@gmail.com,1890485910
9603184,19790,Jeremy Kelly,Katherine65@gmail.com,2791943598
4939097,14588,Jenna Brown,Crystal7@gmail.com,4147576544
3258317,58573,Ryan Whitaker,Debra4@gmail.com,4468344498
4019491,11117,Billy Richardson,Destiny82@gmail.com,1146742727
4354791,68885,Jennifer Patton,Christina48@gmail.com,8771844908
5541776,78262,Richard Yang,Paul54@gmail.com,5015743832
8465822,69461,Jamie Barnett,Albert67@gmail.com,2545335743
1936629,58477,Sean Wilson,Cameron95@gmail.com,2097021053
6140072,51406,Warren Smith,Melissa6@gmail.com,3662323584
3469862,80957,Joel Riggs,Shawn100@gmail.com,8108359403
9430611,68310,Holly Gross,Eric49@gmail.com,4603277137
3174386,15036,Dylan Santiago,Bill46@gmail.com,1828044256
4958958,92497,Latoya Rowe,Travis79@gmail.com,2574668405
4367665,35670,Jeffrey Lucas,Christopher16@gmail.com,8942787832
3953105,68795,Stanley Thompson,Lauren30@gmail.com,2814149037
9650527,15090,Sarah Moran,Hannah54@gmail.com,9760381654
9752707,16388,Barbara Weber,Janet59@gmail.com,9421002816
2826731,93178,Michael Boyd,Lisa93@gmail.com,8286356461
2035169,12847,Ashley Gomez,Brandon54@gmail.com,3759407654
6710720,36023,Tammy Young,Steve72@gmail.com,5393998160
2937859,18112,Selena Larson,Devin21@gmail.com,6017079083
6760453,78818,Megan Parker,James36@gmail.com,6485895969
6910641,25183,Chase Patterson,Cody90@gmail.com,3027540031
3402379,37602,Jennifer Nash,Ryan17@gmail.com,4165140354
8964441,67834,Diane Johnson,Ashley13@gmail.com,1387398754
2640855,29926,Roy Hurst,Jessica84@gmail.com,1134710608
3539109,84066,Jordan Harrison,Jason84@gmail.com,9612764305
3299934,36514,Sharon Edwards,Michael50@gmail.com,1565609642
9421993,79828,Kurt Miller,Terri5@gmail.com,3073295822
6465126,47067,Ashley Martin,Crystal20@gmail.com,4128517743
1355837,33467,James Peterson,Wesley27@gmail.com,3603444138
1684070,85150,Daniel Payne,John56@gmail.com,1198961976
4902327,37294,Alexandra Martinez,Carrie31@gmail.com,8090033389
8582270,35044,Alan Bender,Gene3@gmail.com,8952752756
4432052,93322,Ronald Norton,Justin4@gmail.com,5129073287
5871487,42850,Caitlin Padilla,Michael56@gmail.com,5999108623
2996491,79179,Edward Stewart,Mary78@gmail.com,7523484720
8706675,57501,Sara Lane,Jacob7@gmail.com,3858173975
2372263,20740,Jacqueline Clements,Christopher93@gmail.com,9169129015
6937384,31625,Tammy Howell,Alicia39@gmail.com,7166317403
4058157,11392,Shannon Guzman,Patrick19@gmail.com,4582910777
3760055,78600,Donald Taylor,Sarah62@gmail.com,5575370993
1748410,64735,Kristin Garner,Andrew19@gmail.com,5533142666
1496807,29697,Diana Roth,Lisa37@gmail.com,9325346855
5086911,83117,Joshua Graham,Heidi75@gmail.com,7521732872
3782932,50599,Aaron Ballard,Richard42@gmail.com,8157857273
1599870,79687,James Miller,Melanie41@gmail.com,8219216318
5736565,34378,Tammy Smith,Brian68@gmail.com,9972232989
4731023,42689,Heather Williams,Edward38@gmail.com,6328985692
7693229,65457,Michael Rodriguez,Kevin1@gmail.com,2635417426
7706948,26236,Micheal Davis,Donna41@gmail.com,1184062261
1559799,24459,Jeremy Brown,Samuel29@gmail.com,5393127831
6249527,21020,Robert Webb,Linda49@gmail.com,7573193707
9119983,36671,Travis Stephens,David56@gmail.com,3824880373
1105883,40643,Jared Simpson,Kimberly14@gmail.com,7908012914
9895330,91696,Mariah Conner,Daniel88@gmail.com,9776801498
1350394,56771,Amber Little,Jessica98@gmail.com,7070638154
4715685,45115,Isabella Lopez,Shane61@gmail.com,1275408735
3480974,96843,Jonathan Pena,Suzanne26@gmail.com,1234633382
6512627,53100,Gary Houston,Shaun73@gmail.com,6724307074
8111738,56514,Christina Scott,Shawn49@gmail.com,7454455265
6361576,43280,Taylor Johnson,Kimberly97@gmail.com,3988682984
2448508,90695,Ryan Salinas DDS,Jodi84@gmail.com,7987703932
6833657,34747,Eric Bradshaw,Ricardo18@gmail.com,7426512469
5533525,73024,Donna Martinez DDS,Randall23@gmail.com,3530809195
5723527,77342,Craig Campbell,Jennifer31@gmail.com,6289938665
8089470,85830,Susan Sanchez,Barry60@gmail.com,7439744144
4993438,69397,Sharon Huerta,Michael4@gmail.com,6144251024
5493626,86818,Christian Johnson,Scott44@gmail.com,5771253012
7141241,32537,Mr. Christopher Ferguson PhD,Timothy91@gmail.com,7423589132
6126223,96641,Angela Webb,Jerry39@gmail.com,1750124346
5604172,80513,Sarah Lester,Craig73@gmail.com,7169711774
1119153,78619,Cynthia Henry,Anthony38@gmail.com,5376716086
4349456,29223,Jamie Carson,Jason12@gmail.com,4113057708
7395208,53306,Nicholas Sparks,Lori79@gmail.com,3241067420
2220168,82668,Andrea Evans,Aaron53@gmail.com,2516165511
5016244,94713,Tracy Becker,Andrea13@gmail.com,5505067696
6235927,32783,Christopher Hernandez,Julie4@gmail.com,8242132834
1841492,29496,Joseph Smith,Cole100@gmail.com,7987080238
9505260,22639,Larry Morales,Steven18@gmail.com,1480405114
7624570,63028,Brittany Johnson,Roberto77@gmail.com,9261842747
7345644,98215,Chelsea Hamilton,Scott93@gmail.com,3012660216
2573806,91062,Kimberly Spence,Jesse39@gmail.com,1327024237
8453192,96835,Scott Cook PhD,Summer48@gmail.com,8614473884
9877314,44113,Tiffany Webb,Shannon45@gmail.com,4632053402
1602701,51394,Amy Martinez,Nicole72@gmail.com,4528853404
9491109,52470,Jeffrey Lopez,Timothy6@gmail.com,6200711283
5970418,74543,Charles Perez,Matthew99@gmail.com,6360745313
9790198,51362,Zachary Richards,James76@gmail.com,6927718834
2441431,36844,Robert Morgan,Danny64@gmail.com,8009750093
3911418,56925,Kimberly Parks,Maurice35@gmail.com,1748106154
6255739,92919,Tanya Shelton,Megan9@gmail.com,4391801233
1007502,58504,Michael Thompson,Jose76@gmail.com,4569564295
6094241,57915,Shawn Snyder,Ricardo6@gmail.com,3925173580
6331415,21555,Kevin Ferguson,Laura24@gmail.com,4609975750
8049659,42891,Ryan Juarez,Angela97@gmail.com,6842085406
8599585,75020,Benjamin Perez,Natalie98@gmail.com,6337611397
1617252,85391,Anthony Stone,Shannon16@gmail.com,8589898789
6423686,62867,Eugene Hampton,David65@gmail.com,6775587145
1432257,69428,Mark James,John84@gmail.com,5653444247
5642625,96259,Natasha Ellis,Emily44@gmail.com,6013948988
9764894,47088,Jerome Ward,Dylan56@gmail.com,9403871335
8126362,41916,Angela Jones,Stuart88@gmail.com,2325576475
4360809,71299,Jason Ibarra,Carrie47@gmail.com,8294893903
3192724,74284,Gregory Woods,Bradley80@gmail.com,2248133065
7837592,91870,Carol Lee,Kathryn12@gmail.com,7132093351
2297240,36305,Monica Gregory,Robert81@gmail.com,6745426540
1180281,72154,Jason Compton,Tracy35@gmail.com,9107722964
1862097,26609,Lauren Lyons,Virginia70@gmail.com,2854571249
1144254,17745,John Rojas,Misty74@gmail.com,8928906063
9341866,29201,Ian Johnson,Betty22@gmail.com,4554084192
7249536,81289,Jeffery Ingram,Virginia82@gmail.com,6865733956
4700773,57283,Clayton Williams,Scott34@gmail.com,3822965949
7740436,49249,Laura Rodriguez,Christopher55@gmail.com,6883950780
7682370,86635,Robert Thompson,Melissa76@gmail.com,1793772251
8551071,74457,Debbie Owen MD,Douglas68@gmail.com,6119669976
9081162,13941,Claudia Johnson,Mark41@gmail.com,1446859026
8276326,38644,Rose Smith,Sarah59@gmail.com,7889455122
8497960,17048,Jessica Johnson,David22@gmail.com,9392376715
6548079,31517,Mr. Michael Lynch,Eric68@gmail.com,2867098913
7933324,55977,Michael Phelps DVM,Carl61@gmail.com,3863026927
4417291,41912,Sharon Pace,Ronald83@gmail.com,5060190617
3808771,56076,Brianna Haynes,Steven81@gmail.com,7843330455
5481294,81962,Adam Harvey,Elizabeth26@gmail.com,8296924980
6628214,59992,Charles Jimenez,Frank61@gmail.com,2165240694
8158825,31398,Chad Cuevas,Susan72@gmail.com,9256327423
4632302,51150,Katie Hill,Tony12@gmail.com,2306756253
2381274,64802,Heather Brown,Gregory67@gmail.com,8199310873
8357781,20596,Sarah Nolan,Alexander87@gmail.com,7962821256
9801463,26169,Michelle Franklin,Rebecca30@gmail.com,9115901043
2547238,88223,Heather Harmon,Katherine11@gmail.com,2315823080
1796558,45955,Pamela Oneill,Sarah44@gmail.com,8406041392
7430114,71363,Amy Davis,Andres55@gmail.com,1536747419
8810592,44842,Shawn Walter,Kimberly81@gmail.com,4996418282
3826177,75723,Shannon Coleman,Amy15@gmail.com,6278435679
3044748,42461,Erin Gomez,Melissa63@gmail.com,4087640569
7522368,13538,Rhonda Chapman,Aaron6@gmail.com,8125895203
6957722,71772,Andrea Lam,Timothy51@gmail.com,3401145948
7062829,42196,Jessica Mays,Jeremy99@gmail.com,2496444123
2906227,52954,Vanessa Fitzgerald,Joshua81@gmail.com,8229760383
4052926,79982,Dr. David Wright,Garrett59@gmail.com,9846918075
4568988,86846,Christopher Johnson,Nicholas84@gmail.com,8302068691
8341675,52223,Kevin Jones,Kendra47@gmail.com,9551864977
5881512,55887,Michael Peters,Danielle71@gmail.com,1258443167
3685185,91673,John Thompson,Fred46@gmail.com,1362507984
6054278,99374,Robert Ball,Kathryn15@gmail.com,9490871179
9123369,47912,Nicholas Martin,Allen55@gmail.com,3405891833
6533731,75724,Jennifer Maxwell,Arthur27@gmail.com,5112279580
2438200,37499,Jesus Randall,Lawrence42@gmail.com,6300305010
1208952,17205,Henry Ayala,Shannon77@gmail.com,7364158448
4187055,39566,Miranda Nguyen,Robert56@gmail.com,1627733868
9945879,50548,Steven Archer,Pamela56@gmail.com,9715498387
7528184,39234,William Perez,Jennifer79@gmail.com,2769613157
6871270,85294,Angel Washington,Sean22@gmail.com,1801320667
2290942,42876,Paul Harris,Jennifer9@gmail.com,1823209385
8794709,32786,David Foster,Diane32@gmail.com,2578406413
8589578,94735,Hannah Merritt,Kenneth70@gmail.com,3853913228
7786873,60388,Brandon Barajas,Hailey43@gmail.com,2933618261
8795868,18857,David Lara,Kenneth73@gmail.com,8807335375
5125228,49255,Mitchell Miller,Lisa94@gmail.com,6401914988
2211868,60394,Kyle Greer,Alan32@gmail.com,8467312265
1696829,30308,Colleen Jones,Andrew61@gmail.com,3824953121
2968064,73042,Tiffany Silva,Aaron26@gmail.com,4651191469
8633399,73254,Harold King,Kathryn90@gmail.com,6936950800
6138431,16673,Terry Simmons,Sarah100@gmail.com,3678160401
5564697,81789,Elizabeth Palmer,Jennifer60@gmail.com,6374440647
1021989,44814,Shelley Cannon,Megan33@gmail.com,9398570961
9622734,52158,Jessica Porter,Jacob75@gmail.com,7373606836
3080451,55384,Anthony Miller,Veronica23@gmail.com,5544499556
9690938,94447,Justin Roberts,Joseph49@gmail.com,9471449656
8570072,24809,Susan Jones,Jason40@gmail.com,6173921614
8886524,94299,Timothy Weber,William13@gmail.com,8692841440
8509212,20913,Michelle Taylor,Karen9@gmail.com,5215041481
6374061,91150,Gregory Parker,Kayla27@gmail.com,7242985207
2083433,59411,Amy Archer,Gary81@gmail.com,8899934636
9421554,51116,Roger Knight,Kyle73@gmail.com,4817966357
4071230,75072,James James,Amanda63@gmail.com,9587846419
7574419,30563,William Nichols,Robert68@gmail.com,6133206482
4006185,39085,Samantha Sexton,Crystal54@gmail.com,6133304729
1917479,89397,Gabriel Hughes,Cheyenne3@gmail.com,2293031306
6667504,48641,Molly Liu,Vincent11@gmail.com,3271655744
3195109,48513,David Woods,Stephen22@gmail.com,3151085030
9198760,39001,Marc Martinez,Jonathon85@gmail.com,6547365650
2637925,56242,Rebecca Patrick,Michael75@gmail.com,2301278870
6723409,,Jared Evans,Russell97@gmail.com,8380491292
8020530,31460,Ryan Gonzalez,Gregory26@gmail.com,4408715238
3704484,16392,Benjamin Murphy,Lee19@gmail.com,2330172394
4578640,76708,Steven Moyer,Jacob89@gmail.com,5359554643
6557285,92238,Mary Brooks,Jeffrey45@gmail.com,7347981187
7779235,67974,Emily Flowers,Erica5@gmail.com,7773796529
6544224,22219,Frederick Owens DDS,Courtney41@gmail.com,2618508582
7731349,73981,Christian Ruiz,Teresa41@gmail.com,9814303445
3088772,94958,Nicole Smith,Christine46@gmail.com,5951988556
5372245,43022,Paul Thompson,Keith70@gmail.com,7602512453
6638035,84918,Christina Estes,Jared13@gmail.com,6756162476
7470297,21991,William Wilson,Victoria27@gmail.com,5045120941
7457929,89733,Steven Smith,John47@gmail.com,8929843684
9487777,93246,Nicole Gallegos,Jason6@gmail.com,2663474804
7539768,68397,Scott Gillespie,Patrick42@gmail.com,1282380081
5393372,97127,Jeffrey Hanson,Jeffrey40@gmail.com,4125183114
2449830,93980,Lori Grant,Joshua52@gmail.com,7192818021
6214447,16661,Paula Reynolds,John20@gmail.com,5837973168
9391288,88920,Megan Fleming,Jesse92@gmail.com,2487475914
7926931,47073,Darlene Long,Thomas94@gmail.com,3190659566
5936220,86583,Kimberly Mayo,Ryan2@gmail.com,3119113087
1556091,29414,Ashley Clark MD,Jared48@gmail.com,3912427253
6618236,75885,Alicia Stanley,Matthew34@gmail.com,4151994868
7933203,28806,Annette Martinez,Mary50@gmail.com,2260991211
6591189,94395,Amber Simmons,Elizabeth46@gmail.com,7757282026
4277326,83866,Donald Jordan,Brandon14@gmail.com,8944560480
5622898,52316,Kevin Campbell,Sheryl35@gmail.com,4460272010
5962305,48337,Amanda Brown,Philip59@gmail.com,1360617877
7161207,90491,Brian Green,Megan76@gmail.com,5430755164
2456919,43316,Allison Ward MD,Troy90@gmail.com,4614085293
6127707,30996,Victoria Day,Karla14@gmail.com,2145664839
5142534,58465,Joseph Jones,Jay94@gmail.com,5239849718
8230247,22974,Dr. Katherine Davis,Mariah78@gmail.com,2440836893
9440397,53839,Kathryn Torres,Lindsay80@gmail.com,6262531672
4147105,59009,Joseph Francis,John27@gmail.com,8757383621
7548766,37999,Robert Kelley,Annette19@gmail.com,6538858205
7683373,64420,Brent George,Patrick98@gmail.com,4515297909
9265554,92682,Donna Mosley MD,Melissa95@gmail.com,9283306737
2506825,28937,Gavin Hunter,Jennifer8@gmail.com,2881195389
5531088,74213,Stephanie Fleming,Tyler1@gmail.com,5992800149
6367556,95858,Michelle Brown,Amy39@gmail.com,3038408840
1917427,53339,Zachary Wilkerson,Stephanie59@gmail.com,9001549882
5639418,16309,James Miller,Bradley55@gmail.com,5703693081
5193459,92278,Karen Jackson,Dawn45@gmail.com,7043143293
5658265,83280,Richard Compton,Richard15@gmail.com,2107571196
3596956,35120,Hunter Lester,Peter18@gmail.com,1876028972
4148265,32346,Dana Lopez,Bobby95@gmail.com,6550775830
1282898,62861,Jacqueline Martinez,John74@gmail.com,6906600894
9107597,77882,Sylvia Johnson,Sharon26@gmail.com,4607645321
5761389,93999,Elizabeth Gray,Richard65@gmail.com,7872320039
1465148,84505,Haley Miranda,Peter83@gmail.com,6162226804
6605850,69123,Summer Matthews,Rhonda89@gmail.com,6475520728
5907219,88467,Katherine Powers,Julia4@gmail.com,9217341291
5680368,95712,Tara Little,David44@gmail.com,7840339526
4152307,25642,Nicole Daniel,Lisa44@gmail.com,8724606174
5786132,28148,Jennifer Smith,Jesse27@gmail.com,4678636957
4850641,42162,Benjamin Brown,Raymond24@gmail.com,7297056480
3383488,48604,Emily Long,Matthew68@gmail.com,4690161031
6710691,61564,Angel Fisher,Susan77@gmail.com,5116199128
3525948,65488,Raymond Morgan,Mandy24@gmail.com,6679141372
1323113,72896,Christine Andrews,Jason82@gmail.com,8338657999
2700618,42847,Chelsea West,Nancy93@gmail.com,9491378084
5752624,42849,John Jones,Michael32@gmail.com,2646020342
3029030,62787,Alexander Jordan,Jennifer100@gmail.com,5314799366
7080650,37856,Diane Sampson,Mark41@gmail.com,7652952608
6935581,75592,Brittany Wallace,Peter84@gmail.com,6068024528
1698607,13031,Sarah Kelley,Austin56@gmail.com,1075063431
3104718,61157,Leah Park,Bradley72@gmail.com,6248218626
6647235,91483,Kathryn Kennedy,Brady73@gmail.com,2392984430
4854728,98779,Virginia Torres,Steve13@gmail.com,1134465154
9778818,68555,Miss Brittney Pierce,Michael47@gmail.com,1275426390
7301268,72082,Crystal Ferguson,Nicole99@gmail.com,4736643027
2413050,35787,Christopher Smith,Keith5@gmail.com,1183558318
1936411,75834,Angela Becker,Leslie75@gmail.com,1345356633
3676036,36443,Emily Baker,Alexander19@gmail.com,6001598053
6614665,73308,,Mariah42@gmail.com,9386078790
3076506,24688,Sheryl Wyatt,Shannon60@gmail.com,1282343045
6472551,20767,Peter Davenport,Timothy29@gmail.com,3419015775
6867895,30825,Elizabeth Horton,Billy69@gmail.com,2628388598
7139253,84303,Robin Nolan,Johnathan51@gmail.com,7493974874
5486576,93016,Ms. Madison Herrera,Scott64@gmail.com,6591735059
1202623,94888,Pamela Roberts,Daniel51@gmail.com,9486192786
3279438,20897,Sean Weber,Sandra86@gmail.com,1995101224
8386299,98738,Thomas Brown,Kendra21@gmail.com,9774868291
1744086,70440,Jessica Armstrong,Ernest90@gmail.com,7675966487
2444760,52398,Theresa Cox,Michael42@gmail.com,4942540570
5938822,17868,William Ingram,Amanda70@gmail.com,9264174083
6514531,34835,Tammy Wallace,Michael41@gmail.com,5995479184
4521903,11939,Julia Saunders,Mark40@gmail.com,8278839400
4502782,48923,Mrs. Jamie Boyd,Brian16@gmail.com,5572362452
3048304,35667,Richard Taylor,Amy55@gmail.com,6774822333
4426446,23335,Mr. Martin Gonzalez,Jesse55@gmail.com,9567401102
2076729,58950,Christopher Rodriguez,Sharon86@gmail.com,9274493445
7296145,74500,Amanda Miller,Jonathan63@gmail.com,7116735395
7398238,81221,Michelle Baker,Mark66@gmail.com,3997615862
8040826,16744,Raymond Ingram,Sean48@gmail.com,8745816455
6972443,85780,Donna Whitaker,David43@gmail.com,5000870016
7031644,70522,Bryan Owens,Emma11@gmail.com,8129553699
9940226,12525,Amanda Howard,Kimberly43@gmail.com,3979099720
7104087,58714,Ronald Collins,Kaitlyn98@gmail.com,4489959189
7650033,75483,Emily Chaney,Reginald30@gmail.com,6961890763
3538185,42628,Thomas Munoz,Samantha74@gmail.com,5900097814
1226076,47750,Steven Davis,James53@gmail.com,6944183751
4180118,53648,Jason Martin,Brian64@gmail.com,4989779538
3383766,90473,Frank Fowler,Samantha3@gmail.com,4545382459
2973527,75958,Veronica Macias,Tyler68@gmail.com,9600416979
6366118,73579,Joseph Carter,Gina87@gmail.com,1251198771
6933833,56858,John Coleman,Thomas71@gmail.com,3827992972
7326522,99946,Nicholas Chavez,Todd53@gmail.com,2347947511
4250929,11471,Joann Ramos,Jacob45@gmail.com,7031969608
1605260,80832,William Lucas,Allison30@gmail.com,8818457611
5663990,61130,Brooke Johnson,Becky76@gmail.com,8925003632
2918616,95864,Patrick Rivas,Hayley35@gmail.com,8173339813
6884091,22261,Melanie Diaz,David64@gmail.com,4355839273
8659988,54291,Katelyn Shah,Shane16@gmail.com,1038027867
1086716,24119,Matthew Moore,Tina16@gmail.com,9651614457
7083225,90846,Katherine Martin,Tanner53@gmail.com,9681932104
3683661,59268,Kayla Richards,William7@gmail.com,9379785567
3030148,27938,Beverly Hill,Edward6@gmail.com,7551823476
9093440,60270,Angela Mills,Jessica91@gmail.com,8856014909
1915831,87595,James Miles,Aaron32@gmail.com,1030561248
3069241,88983,Sandra Hayden,Alexander86@gmail.com,8188075525
5120902,70318,David Giles,Rachel93@gmail.com,9959485541
8568374,21355,Morgan Bruce,Douglas82@gmail.com,5638602932
8889385,27284,Patrick Calderon,Nancy3@gmail.com,9728282944
4048154,69730,Tiffany Phillips,Jesus59@gmail.com,5188374476
4827034,51442,Michael Walker,Kimberly80@gmail.com,1133033590
7770839,90363,Keith Pugh,Jennifer82@gmail.com,3996714823
3194599,37422,Sara Patterson,Brandon52@gmail.com,6384327561
9143674,30210,Toni Martinez,Kent48@gmail.com,7464778835
2275671,11007,Angela Hayes,Michael91@gmail.com,6733181694
7202151,90383,Tricia Terry,Bradley86@gmail.com,1338986795
1432640,15397,Jeffrey Owen,Scott86@gmail.com,2489539448
1712905,70814,Amber Nguyen,Karl53@gmail.com,1330746799
4038817,28416,Nathaniel Allen,Mary37@gmail.com,8399142536
6006634,22212,Hector Brown,Luke90@gmail.com,3574354037
2180154,80367,Brianna Mckinney,Ronald80@gmail.com,5437086863
5344518,39634,Crystal Johnson,Mindy63@gmail.com,3137183367
6777279,33507,Damon Hayden,Autumn91@gmail.com,7955294735
3433781,79639,Michael Flynn,Stacey18@gmail.com,5000479943
6282334,77580,Paige Holmes,Vanessa92@gmail.com,3117883122
2091989,60086,Heather Cortez,Erin1@gmail.com,4518257116
5001047,28402,Stanley Washington,Walter53@gmail.com,6158879557
5296642,38391,John Williams,David12@gmail.com,8315493238
2566783,74367,Patrick Mullins,Ashley52@gmail.com,6023398471
8451237,55762,Diane Chavez,Dale40@gmail.com,6003932474
1129816,48005,Dominique Rivera,Marc14@gmail.com,4126856995
5871295,30868,Linda House,Jamie40@gmail.com,5365512477
4745339,37397,Shannon Richards,Ashley62@gmail.com,3799533071
4634115,81633,Rachel Wallace,Chelsea39@gmail.com,1430368441
8945398,97976,Robert Davis,Ann62@gmail.com,1098004149
4629868,19278,Mrs. Wendy Carlson,Terri83@gmail.com,5088194174
9844051,65557,Kevin Montgomery,Danielle34@gmail.com,1069610745
7715800,93918,Cheryl Michael,Katherine27@gmail.com,4763864201
7644736,22652,Julie Webb,George76@gmail.com,4020618866
1710208,48308,Christina Payne,Sarah79@gmail.com,5136396884
4617425,44051,Stacy Nguyen,Jennifer37@gmail.com,7028816165
7319005,27398,Lindsay Wallace,Kyle17@gmail.com,2219226767
1396946,12907,Earl Salas,Dennis83@gmail.com,7502577518
9790996,10695,Angela Hogan,Clifford76@gmail.com,6861262974
3290410,32295,Haley Graham,Jessica85@gmail.com,1144397747
5198434,70129,Jose Bates,Stacey28@gmail.com,8171553310
2314111,47082,Nicholas Wilson,Jody36@gmail.com,5278989314
3196803,86906,Nancy Deleon,Eric17@gmail.com,4906096051
8866555,97346,Chad Petersen,Brandon88@gmail.com,9402308567
5305992,36971,Corey Hinton,Kristy38@gmail.com,1619019529
8655530,60340,James Gonzalez,Diane67@gmail.com,4832812903
9650653,27456,Matthew Miranda,Alyssa86@gmail.com,3539746262
8090754,38547,Mr. Michael Johnston PhD,Veronica43@gmail.com,1070565267
7371168,15054,Michael Clark,Jeffrey99@gmail.com,8851914844
3661777,79298,William Stout,Marissa45@gmail.com,3480686127
3368867,44107,Cassandra Griffin DDS,Hayley61@gmail.com,3219396217
5465409,23606,Christopher Nash,Yvonne72@gmail.com,2206361074
9385854,47241,Lisa Mcintosh,Vanessa6@gmail.com,2699089170
9406293,75047,Chris Zuniga,Stephanie55@gmail.com,2635468261
9061872,40452,Benjamin Conner,Joseph40@gmail.com,3140538907
8893445,63614,Susan Burke,Michael20@gmail.com,5675162599
5589634,38281,Ian Richards,Brittany60@gmail.com,8712470004
2225920,75021,Joseph Harris,David65@gmail.com,8181240312
1568806,99261,Veronica Norton,Jose31@gmail.com,3997602295
5003126,64092,Wayne Edwards,Ryan40@gmail.com,3649890357
7571968,50977,Jeffery Carroll,Martha94@gmail.com,6150332553
5066944,12298,Scott Gallegos,Steve60@gmail.com,7320940722
1959385,26296,Christopher Espinoza,Elizabeth22@gmail.com,7468949789
3904012,10627,Sean Lopez,Karen57@gmail.com,4551558492
7662174,11015,Jennifer Flores,James64@gmail.com,7182587778
5338599,37567,Shannon Long,Matthew21@gmail.com,8803175522
8832247,75229,Laura White,William52@gmail.com,4292253748
8545319,11886,Caroline Brown,Jason44@gmail.com,9720741084
7771743,86615,Derek Wilson,Michele50@gmail.com,6809422630
8795826,96436,Jerry Flores,Jonathan43@gmail.com,3443430554
4324525,91879,Randall Rowe,Andrew13@gmail.com,4824804826
1685681,18244,April Fields,Donald52@gmail.com,6652031782
5951958,55353,Jay King,Michael30@gmail.com,3907926747
4176210,71788,Philip Washington,Cheryl39@gmail.com,2807602337
1050005,35774,Amber Meyer,Angela6@gmail.com,2833325942
8165499,16987,Kevin Bentley,Colin15@gmail.com,6101356401
4572783,95716,Andrew Miller,Kelly65@gmail.com,9120820601
8346783,12690,Brandon Davenport,Yvonne48@gmail.com,3870422752
7978300,42372,Rick Sullivan,David49@gmail.com,7024054521
4388024,98598,Tina Walsh,William92@gmail.com,4766415871
4076346,43693,Melinda Mcdaniel,Wendy80@gmail.com,4669381349
8836304,23035,Stanley Williams,Clarence49@gmail.com,7488533848
1954506,73007,Brandon Finley,Erik19@gmail.com,7005449782
8507973,30527,Joshua Lewis,Sarah92@gmail.com,7299511864
1735594,71990,Amanda Elliott,Jennifer75@gmail.com,9055077879
9536237,89505,Donna Morales,Laurie45@gmail.com,7136886101
5439643,91809,Christine Aguilar,Maria34@gmail.com,6861260513
6990063,21635,Kathryn Watson,Meghan63@gmail.com,2624041276
6365297,15037,Donald Noble,Nicholas71@gmail.com,3856173193
3302133,25338,Vernon Mills,Christopher47@gmail.com,5860974110
7300042,31719,Amanda Garcia,Jocelyn16@gmail.com,4416149595
1818505,63815,Dana Wilson,Kellie11@gmail.com,2860726789
8258714,93421,Leah Torres,Patricia30@gmail.com,2953606276
8531801,51049,Michael Nelson,Joseph91@gmail.com,7031437029
8723238,88289,Sandra Kelly,Jamie38@gmail.com,1321153369
5048063,73214,Tonya Pollard,Lorraine43@gmail.com,5714930884
1127490,36404,Bradley Williams,Misty10@gmail.com,6168009407
8248759,83252,Joel Moore,Shawn98@gmail.com,1675420349
3299768,39419,Eric Zimmerman,Dustin62@gmail.com,6064825194
1500175,92974,Charles Newman,Juan58@gmail.com,6799330545
9933992,17993,Juan Foster,Stephanie48@gmail.com,2574581063
8298526,62789,Tina Thompson,Amy39@gmail.com,3175686019
6558787,49180,Samantha Hart,Anita65@gmail.com,5353759376
3145334,52696,Alexander White,Gregory53@gmail.com,5238618737
3924797,72865,Robin Meyer,Christie16@gmail.com,9563635653
6821643,51904,Joseph Andrews,Robert97@gmail.com,8706791764
3906366,76084,Kelly Dennis,Maria86@gmail.com,7920340885
9709238,49459,Christine Smith,Michelle69@gmail.com,4494260612
1580567,84573,Kathryn Baird,Thomas29@gmail.com,1196464542
4993769,20980,Sydney Hughes,Catherine75@gmail.com,9566257154
1721231,97164,Dustin Mcgee,Thomas63@gmail.com,6873165423
5308918,90501,Hannah Franklin,Eric50@gmail.com,1013894822
1891942,55074,John Townsend,Kelly47@gmail.com,9886947095
5681702,56419,Robert Berger,Amanda32@gmail.com,4171153899
6640114,15609,Cynthia Hester,Evan13@gmail.com,8007096026
3179792,62946,Tammy Gordon,Maria75@gmail.com,3735336007
5404900,57395,Joshua Kline,Barry54@gmail.com,8015439810
4047063,25555,Monique Torres,Jose14@gmail.com,5802632634
4258820,30381,Danielle Cooper,Carol76@gmail.com,2385804839
8050397,59514,Becky Fisher,Tabitha54@gmail.com,6670067996
6600685,17747,Cheryl Ayers,Teresa7@gmail.com,9599013709
2142780,91537,Kelly Nichols,Margaret13@gmail.com,9299471383
1811421,90987,Kyle Nichols,Amanda52@gmail.com,2495650893
3014004,90890,Ana Barton,Alejandra46@gmail.com,3999210148
7551227,10393,Michael Mcdonald,Jenny21@gmail.com,1044111768
3434524,85687,Teresa Ramos,Justin33@gmail.com,5573173880
3103949,78276,Tina Griffin,Pamela68@gmail.com,5138439803
3925276,58827,Francisco Anthony,Wendy4@gmail.com,9811253282
7972578,37534,Gina Stephens,Melissa91@gmail.com,1875683125
8554387,27325,Robert Rivera,Penny36@gmail.com,9908028185
2182287,46315,Heather Bonilla,Richard35@gmail.com,3381305151
3838081,51463,Tami Jones,Steven37@gmail.com,5415980286
1158391,17847,Michael Reynolds,Shannon51@gmail.com,2318756327
1531688,94558,Kyle Sparks,Brittany55@gmail.com,1425798665
3455355,31037,Courtney King,Ashley13@gmail.com,5218114825
7787013,83067,Melanie Johnson,Cindy36@gmail.com,3083689430
7198831,55037,Brian Miller,Samuel31@gmail.com,7315823884
7772214,89074,Joshua Williams,Deanna67@gmail.com,8775804685
7767283,52032,James Smith,Brittany8@gmail.com,4448679531
7924449,32701,Dr. Jason Thornton,Rhonda49@gmail.com,2077857145
1754634,12594,Melinda Brewer,George54@gmail.com,8161396397
1389217,69953,Linda Mahoney,Antonio100@gmail.com,6301452577
1623883,43504,Jermaine Guerra,Sarah53@gmail.com,9433062344
8991553,66058,Tracy Adams,John53@gmail.com,3325870688
1239610,69721,Allison Oliver,Robert50@gmail.com,5377592339
3654353,54110,Michael White,Carlos52@gmail.com,5748325632
4417223,81131,Rebecca Short,Ashley46@gmail.com,7700811319
1848653,37053,Lisa Juarez,Danielle47@gmail.com,4589417663
7722685,94178,Edward Williamson,Yesenia13@gmail.com,4416420162
5812120,94601,Kimberly Salinas,Ronald21@gmail.com,5830318329
4157848,81971,Cody Williams II,Pamela48@gmail.com,2719241418
1087586,75128,Michele Suarez,Dennis74@gmail.com,5490926084
6655299,35630,Shaun Johnson,Elizabeth61@gmail.com,5346716234
7005716,66038,Paula Hinton,Janet26@gmail.com,5401911773
8368343,60993,Michael Dennis,Samantha96@gmail.com,2343695032
7419321,35864,Brittany Rice,David29@gmail.com,9094979365
3124982,12287,Danielle Arnold,Megan27@gmail.com,9476429374
3657213,86643,Ryan Mason,James78@gmail.com,5307937006
2646501,21784,Peter Oliver,Daniel30@gmail.com,3926546131
6786995,61946,Kyle Lewis,Yvette82@gmail.com,6964890112
8118457,69096,Johnny Cochran,Jose53@gmail.com,8998291165
1567380,73564,Patricia Jackson,James7@gmail.com,1799697192
8826182,59097,Michael Clark,David39@gmail.com,6097990827
8795037,31666,Mike Peterson,Bonnie22@gmail.com,4652715514
8268430,40521,Desiree Moore,Maria30@gmail.com,4208698620
2246735,11386,Jill Hall,Brooke85@gmail.com,8248391505
9993696,92815,Robert Hill,Nicholas20@gmail.com,2278124110
5556952,40963,Richard Cortez,April53@gmail.com,3890238847
6263947,87666,Dana Perkins DDS,Jaime6@gmail.com,2779671587
3426166,85998,Shelly Burns,Anthony92@gmail.com,9689127130
8046158,64873,Mark Ferguson,Scott51@gmail.com,9500859157
6351285,98917,John Coffey,Traci35@gmail.com,3952877595
1355011,56611,Melissa Castro,Lauren95@gmail.com,6154097147
6131113,32200,Mr. Joe Salinas,Daniel82@gmail.com,4086011105
5348572,27552,Gregory Reed Jr.,Barbara48@gmail.com,8348476922
6252521,53916,Tina Hicks,Paul93@gmail.com,2168663228
5628091,69506,Danielle Owens,Michael16@gmail.com,9970252000
7854231,83584,Samuel Powell,Michael39@gmail.com,9066915138
4503305,73731,Brenda Massey DDS,Robert67@gmail.com,8336784601
7983822,87394,Robin Garner,Crystal69@gmail.com,3513948625
6865372,97942,Jennifer Frye,Jonathan31@gmail.com,3702036766
7527188,33429,Cheryl Carpenter,Ashley57@gmail.com,7154376347
3194457,57292,Steven Sutton,Jacob19@gmail.com,2016321622
3989057,18700,Tyler Bender,Michael5@gmail.com,9833679877
6282990,15333,Daniel Mendoza,Amy62@gmail.com,7169313448
9321405,82295,Benjamin Warner,Sarah75@gmail.com,8392058094
7408151,48904,Kayla Salazar,Nicholas58@gmail.com,7952957357
6043794,39091,Lisa Summers,Emily56@gmail.com,7687258947
4547183,38735,David Diaz,Daniel32@gmail.com,4991512274
8323560,14855,Richard Wilson,David16@gmail.com,3513158110
9321057,95502,Scott Moore,Katie55@gmail.com,1928865311
2737622,71585,Jordan Wallace,Jenny94@gmail.com,4522209478
9028003,33192,Lauren Bowers,Mark91@gmail.com,3104350839
2370119,51013,Linda Parker,Dennis92@gmail.com,1934198747
1314386,50772,Andrew Gaines,Katrina92@gmail.com,5388986769
1556827,10333,Scott Hicks,Andrea88@gmail.com,9965784171
1936880,20581,Hannah Brown,Robert13@gmail.com,8948258177
5366355,61715,Kevin Curtis,Andrew61@gmail.com,9599878666
8876640,94260,Victoria Randolph,Jaime68@gmail.com,3390190500
8704181,23177,Nicole Le,Jessica52@gmail.com,5893157133
4458324,98323,Richard Dawson,Jay85@gmail.com,7151881322
1968738,42228,David Walker,Dawn23@gmail.com,1962317160
9262801,39447,Heather Padilla,Joshua19@gmail.com,6419101946
5807608,94906,Seth Jackson,Nicole31@gmail.com,3330088594
7467718,34221,Donald Jackson,Anthony82@gmail.com,3677369644
9859779,99039,David Mcgrath,Joshua99@gmail.com,8468607737
6494048,49750,Megan Williams,Ashley57@gmail.com,9757930990
4903478,10686,David Howard,Patricia31@gmail.com,1704212464
2871746,39810,Christina Rodriguez,James40@gmail.com,3615941207
3815899,16770,Pamela Duncan,Sean59@gmail.com,9381084187
1720518,29800,Shannon Richards,Todd94@gmail.com,2636656399
4340126,30839,Paula Davis,Hayley93@gmail.com,7380072263
8664131,42800,Spencer Brown,Brian79@gmail.com,8478437080
7779078,29957,Melissa Phillips,Peter32@gmail.com,1033907097
5952646,55628,Christopher Roberts,Michael38@gmail.com,4680401581
1327360,22704,Ethan Foster,Michael79@gmail.com,7859688781
8470866,76576,Shawn White,Robert27@gmail.com,4142012855
6352457,55297,Christopher Tyler,Aaron68@gmail.com,7877560569
4456449,47442,Janet Petersen,Dennis56@gmail.com,7107338423
7763583,88934,Danielle Harrison,Bradley26@gmail.com,3089887480
5612997,35744,Alexander Torres,Emma63@gmail.com,7250160946
1158157,75341,Joan Maynard,Nancy35@gmail.com,9139382146
2085845,53583,Jason Fields,Amanda65@gmail.com,6468535163
2997056,18103,Theresa Wells,Kathryn99@gmail.com,5075243851
2690370,26674,Victoria Williams,Corey82@gmail.com,6509782960
5170438,14351,Charles Shah,Jeanne4@gmail.com,1100874394
2156637,44586,Mario Palmer,Paula100@gmail.com,1595197596
2194647,66352,Stephanie Morgan,Laura33@gmail.com,1374325380
2467028,85012,Melody Perez,Jonathan77@gmail.com,9411262436
6315620,71469,Jonathan Baird,Diane97@gmail.com,1860106939
9149783,25126,Terry Campbell,Wendy34@gmail.com,4087049267
9814571,22056,Amy Kemp,Matthew13@gmail.com,9264972801
6406536,53327,Frederick Glover,Michael52@gmail.com,6998292119
5686853,93111,Angela Anderson,James33@gmail.com,3318668826
3508391,17727,Savannah King,Samuel35@gmail.com,9142376998
2990733,15069,Blake Myers,Andrea9@gmail.com,4267258328
4421769,17348,Charles Perry,Jessica85@gmail.com,8945819142
2214147,10462,James Freeman,Joshua13@gmail.com,9591983277
8077902,10119,Ronald Walsh,Kristen38@gmail.com,9250827095
1124681,50976,Nicole Burton,Patricia54@gmail.com,9417225504
9397873,72307,Steven Jackson,Theresa46@gmail.com,6399238308
9088855,69626,Cheryl Thompson,Martin14@gmail.com,1378477357
5197158,35777,Maria Hart,Hayley49@gmail.com,2355829027
9994258,27908,Jordan Owen,Lindsey88@gmail.com,8450773869
7125868,49703,Samantha Young,Michael38@gmail.com,2996275670
1923286,42533,Heather Miranda,Matthew67@gmail.com,4880383216
7233849,19296,Mr. Lonnie Murphy,Daniel2@gmail.com,3297080948
4513398,66548,Jennifer Duffy,Ian47@gmail.com,9434856115
4113585,14657,Margaret Burgess,Rachel89@gmail.com,5392421568
4153818,93828,Vanessa Hayes,Kristi51@gmail.com,3080074695
5492840,51174,Gina Estes,Nicole95@gmail.com,6448246711
5672361,99039,Johnathan Murphy,Brian17@gmail.com,5078366890
6390464,31920,Emily Tucker,Tiffany95@gmail.com,5804681678
8921898,46036,Connor Scott,Stephanie79@gmail.com,6658529372
6983334,51963,Laurie Garcia,Paul89@gmail.com,9981019020
2616813,24454,Julia Martin,Brent54@gmail.com,4392211430
4310124,35640,Erik Gillespie,Katie89@gmail.com,4755050271
6048860,78488,William Chung,Thomas25@gmail.com,9556383300
3141169,28894,Russell Bradley,Darren94@gmail.com,4079879325
7599975,13966,Charles Giles,David35@gmail.com,9443953315
3437465,22727,Christopher Greer,Anna6@gmail.com,3991006771
8000242,64373,Kurt Pierce,Timothy28@gmail.com,3681691434
1102619,31912,Randy Ellis,Amanda2@gmail.com,2747505548
4497845,36142,Joseph Snyder,Shane12@gmail.com,7660562553
2872697,43986,Justin Smith,Christopher90@gmail.com,9085376375
2032893,32762,Rebecca Mays,Christopher59@gmail.com,3605316537
3048261,82280,Michael Williams,Amy38@gmail.com,9886957213
2065149,27686,Carrie Garcia,Terry58@gmail.com,8801501800
7587924,25936,Denise Dean,Joseph65@gmail.com,7287858947
1191829,48280,Troy Ward,Mark83@gmail.com,8677411232
4340979,63256,Laura Hill,Jennifer93@gmail.com,1597511040
5938616,74223,Juan Johnson,Daniel36@gmail.com,8951738617
5453965,77268,Kimberly Vasquez,Amy2@gmail.com,7705005349
1712811,86283,Cody Clark,Phillip73@gmail.com,8535639879
8322130,58069,Patricia Warren,Patricia3@gmail.com,1373460986
4076384,19566,Jessica King DDS,Jason4@gmail.com,6535240945
1372190,24934,Renee Lane,Ashley3@gmail.com,1860818631
7667795,56042,David Perez MD,Holly20@gmail.com,4494110680
9498645,82731,Gabriel Barber,Jesse78@gmail.com,9659470025
8941031,56147,Courtney Petersen,Patrick2@gmail.com,2358843633
3867233,63142,Tracy Carpenter,Alexandria59@gmail.com,4768010651
6867484,29092,Andrea Brooks,Krystal89@gmail.com,9668003988
7814507,55896,Brian Cole,James41@gmail.com,5627734362
4839220,44592,Jennifer Jones,Rebecca31@gmail.com,6416926979
6497682,31385,Jacob Campbell,Cory3@gmail.com,4639828754
6887206,80183,Tyler Duncan,Wesley40@gmail.com,2838175092
8383964,50853,Lauren Torres,Christopher60@gmail.com,2736518903
4702527,28859,Angela Walters,Bradley81@gmail.com,1451707095
4274893,94129,Hannah Chandler,Samantha2@gmail.com,6138360543
5349510,54283,Joshua Carpenter,Alex30@gmail.com,1222006546
4849496,65634,Amanda Smith,Julie65@gmail.com,4705095832
3467434,92597,Lydia Leonard,Brenda35@gmail.com,7898275057
1906980,97901,Larry Farrell,Jonathan75@gmail.com,4559993379
2269454,80325,Brian Rich,Eric56@gmail.com,4766522060
5778531,85987,Joseph Ryan,Rebecca90@gmail.com,3558410197
6599920,28364,John King,Caroline55@gmail.com,5558452863
1755555,75079,Angela Cherry,Anthony16@gmail.com,2126513343
2388810,37225,Steve Smith,Luis28@gmail.com,1205575787
2584271,72414,Timothy Miller,Chad45@gmail.com,1248519240
8045261,44187,Mark Shah,Jennifer43@gmail.com,7626038612
3154961,92857,Donald Mccarthy,Andrew62@gmail.com,6506190417
2650719,91476,Vanessa Cruz,Sheryl53@gmail.com,6657919756
5679530,69850,Tina Miller,Amanda25@gmail.com,6319212051
7108659,47811,Rebecca Hunter,Charles53@gmail.com,6841292424
3593756,85582,Jocelyn Clements,Daniel29@gmail.com,2078994173
6918673,19751,Stephanie Wright,Erik12@gmail.com,4034548569
6641073,87352,Daniel Goodwin,Kelly97@gmail.com,8025652745
5326779,52224,Michael Townsend,Taylor85@gmail.com,1787271955
9246132,68562,Victor Chan,Tiffany44@gmail.com,9069906361
5771187,33109,Vanessa Parker,Kelly23@gmail.com,8811724211
6137533,23564,Dawn White,Peter90@gmail.com,2621500503
7106335,88623,William Gonzalez,James77@gmail.com,2832587421
7151913,14004,Rose Richards,Max66@gmail.com,3343418807
7801763,38784,Dominic Scott,Jon94@gmail.com,4276567159
5795054,31806,Susan Anderson,Jean56@gmail.com,1350013046
6870421,58597,Ashley Grimes,Jacob12@gmail.com,6584394001
4678930,59689,Patty White,John47@gmail.com,4481992011
1662981,61148,Carol Thomas,Deborah53@gmail.com,1568873842
8228064,91246,Jamie Morales,,8845189330
8125222,97810,Andre Collins,Nicholas81@gmail.com,1918550096
4965556,68142,Lee King,Sarah26@gmail.com,7576549366
6225483,13946,Stacey Luna,Andrew41@gmail.com,7474945819
9286879,66839,Rachel Ramirez,Brian43@gmail.com,2129269263
2425568,96585,Jason Bass,Debbie57@gmail.com,4218490941
7038377,61147,Patrick Turner,Wendy30@gmail.com,2027867870
6447118,94984,Brian Cantu,Brooke8@gmail.com,5869036140
2248927,52266,Margaret Espinoza,Paul56@gmail.com,6043840516
4124168,94443,Abigail Myers,Lynn15@gmail.com,4097152453
9369292,81139,Jamie Reed,Anthony60@gmail.com,7846078399
7739509,37433,David Baker,Daniel15@gmail.com,3010182307
3440046,40758,Jason Robbins,Patrick81@gmail.com,7423290970
6985716,82185,Tiffany Gonzales,Sarah91@gmail.com,9582505496
7840795,77127,Nicole Cox,Michelle60@gmail.com,9697175714
9813135,75477,Michelle Boyd,Ronnie68@gmail.com,5366453657
2833653,86541,Karina Miller,Michael6@gmail.com,5068514048
6744940,82642,Alan Martinez,Susan57@gmail.com,5795282349
2134385,54263,Wesley Lindsey,Ryan12@gmail.com,7207798723
7568806,54698,Dr. Stephanie Robinson DDS,Christopher75@gmail.com,1026419254
7592535,88254,Harold Santos,Diane20@gmail.com,2696919889
1277503,46728,Valerie Werner,Kevin89@gmail.com,7502932626
1596806,14157,Kimberly Johnson,Bryan67@gmail.com,5843494717
9977174,99432,Joshua Carter,Carla41@gmail.com,9882123549
6770296,53174,John Guzman,Steven27@gmail.com,9941846733
5447200,39258,Kenneth Maxwell,Brandon72@gmail.com,1573224445
6552071,75024,Joan Acosta DDS,Mary23@gmail.com,4396634799
6376465,16661,Michael Casey,Daniel5@gmail.com,6215736186
3282214,35549,David Norris,Rachel27@gmail.com,5246774953
4372153,98741,Nicholas Miller,Jake25@gmail.com,7476488033
1203037,94357,Kenneth Daniel,Dominique47@gmail.com,1962113737
7777366,46085,Shannon Anthony,Sandy71@gmail.com,1838673175
4172137,30930,Keith Price,Pamela63@gmail.com,6462834522
9341718,22347,Megan Zamora,Jason49@gmail.com,6757587376
1816839,11635,Reginald Martin,Laura18@gmail.com,2593858803
1923709,34521,Jay Perkins,Connie78@gmail.com,5408485329
1339115,73020,Alexander Potts,Jennifer60@gmail.com,2229992240
6412981,18423,Dr. Michael Phillips,Lindsey30@gmail.com,8054522259
1267520,61593,Amy Wilson,Karen47@gmail.com,3676125549
3728500,61472,Jared Evans,Emma55@gmail.com,8419347096
5035303,76030,Shawn Ramos,Andrea92@gmail.com,6799137213
4169746,68062,Brenda Jones,Keith16@gmail.com,6622807250
3088821,53267,Brian Stark DVM,James69@gmail.com,4897194590
6341399,73421,Douglas Martin,Nathan67@gmail.com,8750617123
6670963,84031,Sandra Thomas,Joshua68@gmail.com,6139862974
3877053,62001,Brooke Robinson,Ashley48@gmail.com,1356377316
9535373,40443,Timothy Montes,Melissa78@gmail.com,4014715247
2254163,14102,Joshua Jennings,David34@gmail.com,4827396238
1807116,17228,Jose Roberts,Jason88@gmail.com,2950293058
6052367,25199,Nathaniel Love,Gregory65@gmail.com,8389420047
1957486,92467,Alyssa Brown,Barbara57@gmail.com,3560721106
5814868,38229,Mary Hardy,Christine72@gmail.com,6842488303
6794348,36956,Jamie Vega MD,Tonya37@gmail.com,1063563296
7066936,94173,Jasmin Lara,Karen52@gmail.com,8276365139
1570455,87684,Amanda Saunders,Donna25@gmail.com,9347037066
3706274,40203,Paul Hernandez,Taylor31@gmail.com,7437707606
2318387,88422,David Serrano,Robert65@gmail.com,9775385527
3742197,19526,Nathan Gamble,Stephanie11@gmail.com,7983572744
5264324,10810,Randy Green,Matthew77@gmail.com,2821120403
4921567,45538,Cindy Dennis,Heather86@gmail.com,1256824889
8740313,91723,Christopher Farmer,Debra100@gmail.com,1135589523
6908737,55662,Suzanne Henry,Mary44@gmail.com,5793217568
7844507,77303,John Richardson,Scott18@gmail.com,8013968921
4563921,72414,Henry Fleming,Zachary7@gmail.com,3544939481
6373331,43749,John Peterson,Kyle81@gmail.com,8543970901
6766569,58206,Angela Price,Laurie15@gmail.com,3467980824
6524891,59716,William Johnston,Mary69@gmail.com,1742454212
6123786,14750,Rachael Stein,Madison12@gmail.com,8165279318
5889849,13645,Joseph Rodriguez,William33@gmail.com,2901340330
4674112,51203,Mia Gomez,Curtis5@gmail.com,5661256379
7404909,37168,Dr. James Patel,Laura20@gmail.com,3889076412
6709972,35925,Maria Smith,Joshua61@gmail.com,8539986379
7412509,18214,Jennifer Allen,Michael91@gmail.com,6699410439
1302563,82725,Vickie Smith,Jacob59@gmail.com,9268375660
7230678,70323,Scott Jensen,James31@gmail.com,3879525372
8886431,65930,Renee Kline,Mary82@gmail.com,2507813345
7936839,12270,Mary Gilbert,Megan96@gmail.com,8727275517
7430402,17064,Katherine Singh,Robert34@gmail.com,6123534309
8353918,39566,Cheyenne Kaiser,Kenneth79@gmail.com,2613058945
4265080,97474,Dana Hill,Troy61@gmail.com,4710862579
9766821,82262,Jennifer Willis,Brenda54@gmail.com,4668883665
6517399,33599,Donna Mata,Thomas87@gmail.com,3478508563
6595396,99323,Mason Parks,Vickie26@gmail.com,3132810857
8971029,31125,Dustin Moon,Dawn13@gmail.com,3070914331
8039507,68944,Bryan Grimes,Michael65@gmail.com,8668908578
4667882,87205,Tracey Ruiz,Lisa42@gmail.com,5446057338
4621986,11235,Jennifer Logan,Steven30@gmail.com,3234019213
5139589,71370,Alex Thompson,Brandon38@gmail.com,4915694985
8258484,46895,Amber Atkinson,Kevin29@gmail.com,2804591105
,91391,Jacqueline Peters,Rachel25@gmail.com,6895460902
6349449,56104,Cassandra Palmer,Donald95@gmail.com,9813631098
7871063,62417,Victor Sampson,Colin62@gmail.com,3432309178
9860908,42174,Elizabeth Arnold,Stephanie88@gmail.com,1439385937
1444733,89076,Elizabeth Hernandez,Michelle14@gmail.com,6979459373
5552715,98606,Erik Flores,Meghan27@gmail.com,2521620150
4508042,60103,Stephanie Wilson,Shelly27@gmail.com,2301898524
2230150,82925,Cheryl Allen,Dawn22@gmail.com,9528419898
4314301,78947,Alex Johnston,Joseph13@gmail.com,2299461286
4452165,37612,Melanie Mcdonald,Megan40@gmail.com,2309326183
5286078,28047,Kevin Morgan MD,Steven8@gmail.com,7334549023
2575937,38151,Kyle Wiley,Joann72@gmail.com,1471936662
4963879,53908,Mr. David Henry,Rhonda66@gmail.com,6433703456
6843735,50364,Matthew Thomas,Hannah60@gmail.com,4305640815
3477081,79926,Evelyn Zuniga,Charles19@gmail.com,4118866902
5038526,57819,Tammy Smith,Ashley70@gmail.com,1147963634
5470294,52335,Jason Cunningham,Julie6@gmail.com,9291143224
9572449,14546,Michael Morris,Brianna88@gmail.com,1091248378
4719173,37625,Rebecca Smith,Sarah33@gmail.com,2361582884
9392135,94016,Angela Smith,Michael99@gmail.com,3596283104
1795616,26320,Susan Jacobs,Karen22@gmail.com,6956083084
5103659,24338,Danielle Bullock,Kevin65@gmail.com,1964114549
3219499,71697,Cody Bowen,Nicole5@gmail.com,5493213433
4642047,36967,Jerry Gamble,Melissa83@gmail.com,7354146944
2773974,44084,Tiffany Greer,Nicole44@gmail.com,9721496663
5555310,29908,Robert Whitehead,Jeanette89@gmail.com,5388337167
7118920,17737,Brian Jackson,Eric7@gmail.com,5792412201
3210693,52472,Lori Boone,Robin67@gmail.com,7784300030
2493179,83714,Christopher Larson,Rebecca89@gmail.com,6475851327
4873114,39661,Angelica Hardy,Jacqueline5@gmail.com,8657340840
3090097,24853,Ricky Brown,Kent24@gmail.com,2144737111
4626049,72511,Norman Ho,Justin91@gmail.com,3237974576
1511906,56764,William Smith,Fernando62@gmail.com,9804610942
8949601,15163,Anthony Lopez,Cheryl88@gmail.com,1043539510
4060588,35202,Raymond Rodriguez,Michelle26@gmail.com,6636418045
5052573,71183,Ashley Turner,Jennifer85@gmail.com,8134943666
5006548,93512,Daniel Zhang MD,Lauren90@gmail.com,8667842945
3795370,36171,Stephanie Johnson,Mark71@gmail.com,6089132902
4177569,72652,Philip Anderson,Gabrielle90@gmail.com,4836710068
6968571,29833,James Ross,Nancy42@gmail.com,8298689002
1253694,95290,Christian Smith,Margaret27@gmail.com,4289995878
3024722,30556,Andrew Nelson,Breanna24@gmail.com,4944842639
4616412,74616,Samuel Zamora,Julie54@gmail.com,2672707924
2671114,24694,Oscar Cabrera,Megan43@gmail.com,4386775610
4853899,52734,Tracy Lucas,Daniel99@gmail.com,2097333781
2013155,63073,Brooke James,Anne90@gmail.com,3056540788
2751051,98841,Douglas Barrera,Deborah19@gmail.com,9608004262
2861105,82290,Paul Brandt,Emily59@gmail.com,5098066200
5344200,70914,Gregory Williams,Jeffrey56@gmail.com,1793866727
1574385,48467,Benjamin Thompson,Carol59@gmail.com,9567811297
2013079,87783,John Payne,Kimberly12@gmail.com,2375941947
9573634,91350,Brianna Hudson,Brian75@gmail.com,8283933571
1364600,43586,Mathew Scott,Kathleen12@gmail.com,1629069343
6252820,53569,Samuel Montgomery,Tammy19@gmail.com,3283366484
5861477,77341,Jeremiah Dodson,Stephanie49@gmail.com,2899954848
2549942,92009,Brandon Jordan,Wesley90@gmail.com,8853044494
5189120,12154,Ann Ramirez,Matthew22@gmail.com,1020840210
8606868,19090,Alicia Carter,David34@gmail.com,8882548870
1980859,82041,Ernest Ellis,Carol67@gmail.com,9360646598
1489244,23710,Laura Smith,Carolyn33@gmail.com,2267880487
7142861,37804,Suzanne Perez,Tyler81@gmail.com,8988580324
3159799,58306,Susan Lawrence,Jonathan71@gmail.com,6032239273
7309757,84107,John Holloway,Anthony69@gmail.com,3990952059
3436363,87875,Annette Wood DDS,Alan37@gmail.com,4508959033
9241516,79598,Andrew Rollins,Tyler63@gmail.com,7280588525
4448701,56455,Keith Martin,Alfred51@gmail.com,1803188799
7249895,51008,Thomas Maxwell MD,Judy7@gmail.com,8328591313
8044520,45598,Katherine Vazquez,David8@gmail.com,8933126313
4019005,52472,Christopher Walker,Eric28@gmail.com,8576175028
9258833,69970,Mr. Louis Chase,Patricia95@gmail.com,6026090243
5895472,61837,Gloria Norman,Craig23@gmail.com,9223685910
9134639,12438,Jill Vega,Jack3@gmail.com,
2828201,85267,Andrea Hanna,Stephen55@gmail.com,6964767131
2179719,50958,Melissa Kim,Debra33@gmail.com,4913171632
9808661,11929,Kendra Anderson,Linda50@gmail.com,4746163234
7335771,97466,Anna Andersen,Gabriel3@gmail.com,5549489856
3463770,74697,Adam Higgins,Peter58@gmail.com,6464849485
5416988,66821,Cindy Franklin,Phillip10@gmail.com,8913077197
1041184,69379,Hannah Anthony,Brian47@gmail.com,7041983929
5873856,89875,Taylor Mcintosh,Steven50@gmail.com,3205502684
7648588,92746,Scott Brown,Sydney9@gmail.com,5033547773
8490638,78658,Tracy Jones,Jason58@gmail.com,9977824604
8001210,47137,Mr. Scott Choi Jr.,Courtney72@gmail.com,1236950002
2894111,82921,Henry Martin,Sarah50@gmail.com,3935506554
5623526,91011,Joy West,Kevin34@gmail.com,8894756696
1592014,44432,Dawn Perez,Tamara6@gmail.com,9009142604
2458351,82189,Sarah Martin,Jeffrey90@gmail.com,2367643392
4499479,45827,Gabriel Baker,Brooke89@gmail.com,9645812477
9456707,28410,Eric Medina,Adam33@gmail.com,1018878814
9611828,96319,Janet Parker,Samantha60@gmail.com,3717978257
7474156,80412,Cynthia Mcdonald,Timothy56@gmail.com,9078386830
1723212,31991,Leah Brewer,Michael28@gmail.com,7941857280
5960339,22906,Angela Perez,Erik10@gmail.com,9360344202
1941373,68417,Joshua Snyder,Patrick44@gmail.com,6862735730
6535767,33241,Lindsey Jackson,Carmen17@gmail.com,4398167877
4079598,82516,Jason Underwood,Robert6@gmail.com,2963328852
8443564,13092,Hector Russell,Jennifer69@gmail.com,1140698218
2936276,59642,Allison Dixon,Charles77@gmail.com,9377804355
4397278,78804,Sarah Kelly,Kristen98@gmail.com,5925790689
3652528,85138,James Diaz,Morgan2@gmail.com,1984037799
7464357,55602,Melissa Ortega,David80@gmail.com,6876233731
7047962,14603,Lisa Phillips,Brandon83@gmail.com,4800952695
9400653,64685,Lauren Nguyen,Sharon93@gmail.com,4806383814
3911132,79665,Rebecca Kim,Thomas28@gmail.com,5421590841
9550301,59997,Brittany Jordan,Patrick67@gmail.com,2309632063
4664318,20067,Melissa Khan,Kevin78@gmail.com,6716299593
1843932,84581,Larry Day,Brittany75@gmail.com,5501725628
2868414,43534,Brandi Myers,Becky44@gmail.com,2876431230
8134461,95380,Alison Smith,Lisa28@gmail.com,7787638247
6694035,27597,Henry Sutton,Russell93@gmail.com,2909182636
2492762,64726,Thomas Spencer,Ruben87@gmail.com,4119678860
8372003,39997,Parker Rubio,Krystal13@gmail.com,9525171239
7436949,74301,Timothy Martinez,Mark79@gmail.com,8645788739
8427737,34353,Mr. Benjamin Patterson,Nathan16@gmail.com,5651083835
6227904,22005,Brooke Jackson,Jacob11@gmail.com,4394863022
2441012,83140,William Chaney,Charles93@gmail.com,6562191347
6710339,66053,Christopher Lynch,Amber7@gmail.com,7223893430
9090164,73912,Samantha Nelson,John51@gmail.com,8229745669
3359054,71701,Elizabeth Dixon,Katrina26@gmail.com,5444559284
2518673,86875,Christopher Gonzalez,Sarah93@gmail.com,5820824753
1278350,28005,Rebecca Bolton,Brian86@gmail.com,3094969974
9104248,85616,Seth Serrano DVM,Russell97@gmail.com,4428644127
8838545,51249,Jason Leonard,Jill90@gmail.com,4427584097
3484504,40330,Corey Duran,Tina97@gmail.com,7781440512
4157628,48622,Christina Whitaker,Parker42@gmail.com,9080430812
2751909,65372,Karen Mckee,Wanda85@gmail.com,2064050471
7584047,26228,Jesse Long,Timothy99@gmail.com,1344590919
9201749,91484,Jacqueline Smith,Wyatt86@gmail.com,6914909382
2484584,94012,Russell Payne,Kimberly95@gmail.com,2405225850
6924686,31792,Michael Mills,Philip46@gmail.com,4593595614
1197584,32829,Mr. William Richardson,Elizabeth32@gmail.com,5074979921
8089897,53970,Robert Watson,Barbara93@gmail.com,8872810715
7076741,59219,Cody Jones,Alec6@gmail.com,6084409865
5483799,94945,Raymond Johnson,Mark90@gmail.com,3563182208
3580680,47595,Tammy Phillips,Victoria70@gmail.com,8241120587
5391532,65774,Danielle Wood,Carolyn72@gmail.com,4342005249
1444187,86118,Angela Velez,Stephen85@gmail.com,3831696124
6583442,19313,Devin Jones,Edwin56@gmail.com,8094014390
7509455,15686,Richard Hutchinson,Tina21@gmail.com,3985842387
5654558,84653,Dr. Olivia Smith MD,James71@gmail.com,
1551236,57962,Joseph Martinez,Megan77@gmail.com,8283513282
2608195,20790,Richard Rivera,Catherine41@gmail.com,9835398905
2762575,99399,Tammy Nguyen,Christine54@gmail.com,8936775861
6487959,46143,Kayla Dunlap,Brian35@gmail.com,3593239267
4317689,15629,Christopher Martin,Christian10@gmail.com,2523575760
7042447,34685,Tony Rojas,Cynthia10@gmail.com,9185053641
8493149,71827,Brooke Howard,Jake14@gmail.com,5512077848
2104973,85393,Olivia Williams,Kristy41@gmail.com,4662072669
8017988,25654,Amy Green,Tina58@gmail.com,1344703295
7207335,17966,Justin Robinson,Joshua100@gmail.com,8553164812
3498072,34627,Michael Grant,Ryan89@gmail.com,7598713987
7173725,59218,Robert Davis,Tina60@gmail.com,7648914607
2227223,86776,Tammy Johnson,John60@gmail.com,5869150380
2354223,21417,Cynthia Scott,Regina22@gmail.com,1203473399
1964977,58523,Karen Dean,Melissa80@gmail.com,5814933548
8994559,51490,Sarah Mendoza,David62@gmail.com,8164171220
5965953,31000,Natasha Garcia,Daniel7@gmail.com,7371069895
6715931,55626,Beth Baker,Michael56@gmail.com,9976924284
4836815,27853,Brittany Jones,Sherry67@gmail.com,9587520250
2022133,97954,Mark Pineda,Emily2@gmail.com,5474176974
3288757,88423,Connie Hughes,Miranda55@gmail.com,2664125422
5242017,32982,Joshua Parks,Susan21@gmail.com,8507125434
7077519,89279,Ashley Thompson,Maria16@gmail.com,1321717777
1728087,62884,Jill Williams,Brittany82@gmail.com,9789703804
1680148,35994,Casey Flores,Patrick59@gmail.com,7712032549
6083409,23424,Tanya Smith,Steven71@gmail.com,7516182501
5773281,66924,Kurt Watson,Robert30@gmail.com,2893717857
5938444,50646,Kenneth Peterson,Kenneth34@gmail.com,4230531044
8423427,55702,Richard Wilkinson,Anna44@gmail.com,1074050014
1905345,13007,Joseph Rodriguez,Stephanie97@gmail.com,1942619566
6447452,43609,Robert Sutton,Gina53@gmail.com,1536053464
7517991,61666,Sarah Hughes,Morgan12@gmail.com,7161162673
4412991,62211,John Jensen,Julie40@gmail.com,6116345362
4068862,83927,Jennifer Walters,Teresa92@gmail.com,3711288831
2987438,29019,Vincent Thompson,Heather37@gmail.com,7724095853
4697549,43708,Angela Jones,Michelle12@gmail.com,2294212039
6630784,94189,Shannon Roberts,Eric62@gmail.com,3714356933
1405099,24561,Amanda Jones MD,Samantha6@gmail.com,4915538085
6404961,77111,William Simmons,Brianna67@gmail.com,1637602402
7857907,39189,Tyler Williams,Rachel81@gmail.com,3686463168
8784690,94559,Michael Medina,Jason95@gmail.com,8149524004
4252394,77819,Jamie Taylor,Julian50@gmail.com,1757767216
5312026,15039,Pamela Macias,Karen72@gmail.com,7841326506
1727919,26398,Matthew Skinner,Angela9@gmail.com,7950483974
4662348,60548,Jenny Adams,Taylor98@gmail.com,7926549541
3242418,46313,Dustin Pittman,Donald69@gmail.com,5162096984
3573072,75623,William Richardson,Richard35@gmail.com,8411762090
4197212,25997,Rebecca Lucas,Jeremiah28@gmail.com,9548367557
1224087,20815,Dawn Bolton,Michael39@gmail.com,2180432802
3425262,32452,Dr. Kimberly Stafford,Austin9@gmail.com,4202915668
3659046,79659,Carolyn Baker,Megan83@gmail.com,6147784844
4488313,81733,Ann Gilmore,David20@gmail.com,7055341908
9058974,26556,Heather Jones,Anthony17@gmail.com,6665885606
3023623,69515,Valerie Mendoza,Gregory75@gmail.com,3811866222
2606335,64660,Whitney Zavala,Morgan93@gmail.com,8200839285
7361868,48763,Mr. Cameron Mcclain,Todd53@gmail.com,3719963252
3984917,82237,Amanda Mata,Matthew18@gmail.com,2224162250
1250495,31871,Nancy Mayer,Dustin26@gmail.com,3452962260
9995547,72362,Thomas Rice,Luis54@gmail.com,3124032989
9224489,97516,Micheal Kelley,Gary57@gmail.com,1547217665
3890608,11834,Andrew Johnson,Clarence36@gmail.com,9266476386
9856302,76590,Christopher Martinez MD,Angela100@gmail.com,6494485265
2615630,86920,Rhonda Lopez,Mark3@gmail.com,1570493095
7563241,18335,Jennifer Nelson,Dawn46@gmail.com,2768399641
6492121,61831,Brian Barnes,Joseph80@gmail.com,5179498548
1710461,67441,Michelle Lee,Christina24@gmail.com,9422899551
5979825,69085,Ruth Ward,Devon73@gmail.com,8242591522
7531916,61567,Sheila Ramsey,Jennifer67@gmail.com,4517207890
4940289,59244,Kevin Bean,Christian48@gmail.com,2197132510
8949700,76873,Steven Torres,Isaac30@gmail.com,2069375106
4394733,10739,Joseph Gonzales,Sandra87@gmail.com,3861653066
6418228,69321,Joshua Bond,John43@gmail.com,8989911338
6836367,76051,Donna Saunders,Marco60@gmail.com,9702551791
2883587,36395,Thomas Watkins,Melissa58@gmail.com,8391788791
8725756,20032,Lauren Wilson,James61@gmail.com,4603507078
9510360,86487,John Steele,Deborah54@gmail.com,1767376827
8695311,79412,Ian Collins,Jennifer85@gmail.com,3285593676
9026484,97271,Cole King,Debbie40@gmail.com,8370237693
6757302,10563,Sherri Henderson,Gregory17@gmail.com,5855818370
7756426,59921,Michael Davis,Hannah36@gmail.com,7507135920
1152120,57339,Zoe Dorsey,Krystal9@gmail.com,3719667918
4671431,22283,Clinton Lee,Denise12@gmail.com,1466165991
6170089,90896,Joe Bishop,Anthony7@gmail.com,4817203330
3069892,74780,Makayla Carter,Linda82@gmail.com,7033996128
3102925,53802,Richard Hernandez,Rebekah58@gmail.com,6900309508
5234243,20349,Stacey Villa,Michelle63@gmail.com,8534598016
5771576,86325,Amanda Mcclain,Melissa56@gmail.com,3258110537
3277053,20746,Leroy Phillips,Christopher97@gmail.com,7560288058
9143273,33559,Brittany Cannon,Nicholas64@gmail.com,8148514091
2214797,65491,Paul Cox,Joel64@gmail.com,5470103028
3476790,88847,Lindsey Case,Katie54@gmail.com,4854626960
2235211,20132,Thomas Lawson,Timothy46@gmail.com,3868157856
8780817,97498,Jamie Adams,Mary23@gmail.com,4975067019
3430883,91031,Miranda Berger,Michael65@gmail.com,5161258807
5445938,28295,Chad Brown,Alejandro12@gmail.com,8582900792
4708663,70463,Stephanie Garza,Lauren58@gmail.com,8871631794
3421537,81693,James Davis,Kevin42@gmail.com,7355259972
5231058,46077,Andrew Li,Felicia83@gmail.com,3313313664
5944675,76234,Andrew Myers,John66@gmail.com,5418640812
2670855,61816,Deborah Cook,Jennifer55@gmail.com,4532689054
5072165,97277,Stanley Dunn,Mary44@gmail.com,5442237419
7789144,37843,Michael Murillo,Megan87@gmail.com,3106747373
6172657,57366,Debra Sheppard,Michael8@gmail.com,5840417440
1613910,11274,Paige Griffin,Whitney53@gmail.com,3820149417
8888305,56616,Daniel Spencer,Julie97@gmail.com,4631583148
9776812,84455,Zachary Allison,Kelli48@gmail.com,2743407564
3617965,32224,Eugene Sanders,Tammy23@gmail.com,2917979618
7093360,42227,Jennifer Romero,Krista45@gmail.com,9121137589
7248735,52943,Nicholas Johnson,Amanda76@gmail.com,1324281911
6138651,17610,Aaron Rodriguez,Renee80@gmail.com,4586894528
1914066,94478,Christopher Torres,Amanda63@gmail.com,7304916551
2760094,95774,Brandi Weiss,Vincent75@gmail.com,2354115254
6802404,71714,James Rodriguez,Michelle68@gmail.com,8582033075
6291374,64800,Nancy Hicks,Michelle35@gmail.com,2427444886
7393459,52546,Cody Mcgee,John97@gmail.com,8360128425
6679336,78097,Jacob Brown,David6@gmail.com,1582447089
3858326,57837,Christina Garcia,Cody92@gmail.com,6944628050
9659134,61985,Christy Foster,Sally63@gmail.com,1608393222
9804383,54520,Sharon Harvey,Todd76@gmail.com,4565840178
7874538,81264,Edward Strickland,Christopher83@gmail.com,4320529546
1514590,39050,Susan Willis,Melissa6@gmail.com,4933058264
4325474,67615,Samantha Martinez,David25@gmail.com,4088186247
7867225,17196,Amanda Rodriguez,Carl59@gmail.com,2028553506
6133065,66052,Kimberly Paul,Kyle92@gmail.com,4720171816
6576153,95993,Dana Strong,Autumn86@gmail.com,6642094610
3905486,24220,Jorge Yu,Kimberly76@gmail.com,9979807989
5590560,38084,Jeremiah Jones,Damon42@gmail.com,7136946644
6904346,62083,Karen Pierce,Seth35@gmail.com,1527399161
1303890,29746,Lacey Harvey,Melissa63@gmail.com,4542796993
3795098,53842,Margaret Jones,Robert63@gmail.com,5895032526
3954237,64436,Eric Jenkins,Melissa2@gmail.com,2005316022
9751379,69950,Ryan Jefferson,Kenneth66@gmail.com,4610991326
9965335,80934,Brittany Vaughn,Maria16@gmail.com,7597455567
7268846,14523,William Nelson,Kelly2@gmail.com,6448855501
6644617,40268,Matthew Ruiz,Alexandra100@gmail.com,5652939799
4999897,13092,Maria Williams,Danielle11@gmail.com,9934942656
5822084,85952,Tonya Williams,Jacqueline43@gmail.com,4498225192
1269568,52605,Alyssa Wright,Tiffany51@gmail.com,6388012250
8292955,90971,Alexander Gonzales,Lori29@gmail.com,8849492104
6607097,59118,Angela Beasley,Ashley77@gmail.com,4442713348
1187574,61589,Christine Bullock DVM,Kevin48@gmail.com,4160663917
2393724,22336,Andrew Johnson,Nathan12@gmail.com,8552846073
7838196,97154,Abigail Morrow,Jocelyn32@gmail.com,3867718141
2058239,47134,Amanda Roberts,Robin1@gmail.com,7823712911
7919283,40652,Robin Murphy,James94@gmail.com,9227453425
9477645,38037,Brenda Jensen,Erin22@gmail.com,4378703886
7006026,45448,Amanda Ortiz,Jordan81@gmail.com,7228908598
6991704,64229,Kathy Adams,Michael58@gmail.com,8742861093
7084058,66641,Angela Jackson,Daniel99@gmail.com,6880021885
4575674,83465,Shelly Webb,Michael75@gmail.com,8011757192
5655430,26235,Michael Hall,Erin49@gmail.com,9029510686
2790936,17368,Sarah Garcia,Charlene91@gmail.com,2420470679
8905221,62286,Kevin Cruz,Christine67@gmail.com,5810808490
9448501,17865,Reginald Ward,Ethan74@gmail.com,3133734093
5516335,82160,Dawn Sullivan,Leah34@gmail.com,5964047682
6403803,82485,Tammy Jones,Wayne21@gmail.com,3020591767
9194357,31494,Denise Miles,Melissa70@gmail.com,6430044412
2250092,60056,Rebecca Huffman,Elizabeth27@gmail.com,3043553166
4206698,73750,Matthew Hahn,Michael7@gmail.com,4911761586
7385806,20365,Edwin Reyes,Richard86@gmail.com,7091476115
1746540,40014,Christopher Lane,Rebekah94@gmail.com,1539553741
1328567,13406,Michael Cortez,Mary20@gmail.com,9847113715
4352534,70802,Michael Warren,Kimberly48@gmail.com,2735446937
6366880,35632,Kathy Steele,Rita68@gmail.com,7496776605
7842612,29176,Carl Gonzalez,Corey64@gmail.com,6128301255
6547733,86743,Patrick Coleman,Carla2@gmail.com,2348195379
7662694,83541,Ryan Collins,Tony72@gmail.com,8753108638
8634023,27148,Michael Rosario,Michelle16@gmail.com,4599471364
4292517,41338,Randy Stokes,Victor65@gmail.com,6448240782
3028939,91673,Barbara Saunders,Megan54@gmail.com,6084614571
4960839,64709,Daniel Simpson,Michael92@gmail.com,9662531788
2627364,83769,Erica Mcdowell,Derek62@gmail.com,2016388656
1983229,88913,William Edwards,Patricia55@gmail.com,1453805168
8591606,53897,Caitlin Frye,Henry27@gmail.com,4191167573
3723659,50229,Joanna Erickson,Becky44@gmail.com,2856435415
4710590,53528,Colin Taylor,Sophia28@gmail.com,1181246499
9050299,95193,Pamela Anderson,Eric39@gmail.com,1955109233
5689436,28790,Patrick Cortez,Judy61@gmail.com,1987837780
7006945,13034,Kathy Garcia,Jessica63@gmail.com,2121189834
2746617,36409,Charles Adams,Kimberly37@gmail.com,2396371293
3785904,82562,Jacqueline Gomez,Dawn92@gmail.com,4113885971
4546041,95372,Diane Hanna,Anthony79@gmail.com,7258554903
4002241,78691,Dale Chavez,Dakota51@gmail.com,3106837986
2108330,41717,Bonnie King,Sean66@gmail.com,2219270317
5278720,25599,Jackie Harper MD,Travis26@gmail.com,5240184162
2683118,68265,Stephen Bray,Teresa89@gmail.com,7792384521
5996269,36249,Dennis Scott,Colleen97@gmail.com,6614191088
9057723,35739,Julie Duncan,Sharon56@gmail.com,7088364289
5397879,31278,Brittany Mullins,Julie5@gmail.com,4579720466
9273447,50074,Dawn Brown,Ethan12@gmail.com,5055145643
2353016,42501,Nathan Smith,Mark5@gmail.com,9405061653
5657187,71607,Michael Kelley,James6@gmail.com,1007735679
1123910,55072,Kevin Clark,Rebecca84@gmail.com,1349153166
6856083,90092,Deanna Rose,Hannah33@gmail.com,3360907177
7191775,47689,Anthony Taylor,Edward96@gmail.com,7435889352
8368060,41884,Ernest Rivera,Gwendolyn28@gmail.com,6721991398
3970938,56627,Tracey Gibson,Heather94@gmail.com,8108402836
8786626,32986,Regina Moore,Jose58@gmail.com,8323687362
4380492,31476,Katherine Cordova,Jackson61@gmail.com,8311774287
3853484,81953,Jason Benjamin,Dustin79@gmail.com,6931583506
8429469,39095,Michelle Ware,Edward65@gmail.com,5905020359
4955957,28418,Tami Lane,Kelly89@gmail.com,9757931302
8444156,62873,Barbara Miller,Michael17@gmail.com,9268281998
7753190,27755,Robert Smith,Barbara92@gmail.com,9437154626
1416959,56399,Michael Stone,Cody93@gmail.com,2483962175
3860348,18736,Sheryl Higgins,Sharon96@gmail.com,9939146174
8772924,49608,Natasha Williams,Louis23@gmail.com,3760459363
6285345,90430,Brittany Gutierrez,Whitney55@gmail.com,9439224876
1228349,62609,Stephen Mason,Kelly10@gmail.com,2420123811
8078260,31311,Julie Nichols,Mary87@gmail.com,5589892260
2101000,30669,Kelly Berry,Jenna33@gmail.com,3523596369
5393017,75235,John Russell,Matthew37@gmail.com,3220157061
8489209,53572,Alexandria Lawrence,Alexandra49@gmail.com,8941184669
6363377,15803,Daniel White,Thomas21@gmail.com,4455750484
2353750,31532,Veronica Williams,Susan58@gmail.com,5182969972
8488895,62715,Jennifer Saunders,Rebecca87@gmail.com,8832291634
7909079,16383,Angela Cruz,Samantha68@gmail.com,3064554675
8067409,21087,Jerry Howard,Diane87@gmail.com,7008699428
8721662,98697,Erica Becker,Kimberly12@gmail.com,2453149752
6754022,55232,Timothy Simmons,Christopher96@gmail.com,9517945566
8553835,95595,Jennifer Wood,Dawn12@gmail.com,
7149657,29182,Todd Estes,Sarah77@gmail.com,3528892653
9657413,39721,Melissa Bennett,William80@gmail.com,7961596188
8847215,16854,Patrick Ryan,Amanda91@gmail.com,1267925956
8837631,36311,Ryan Ruiz,Carl52@gmail.com,5381064451
6522754,18538,Christine Robinson,Fernando67@gmail.com,7437021246
8471137,56689,Ivan Woodard,Valerie42@gmail.com,9600709304
3821288,74144,Katelyn Hobbs,Laura100@gmail.com,4301539283
5913102,72988,Joshua Simmons,John33@gmail.com,3312725391
4468822,77864,Jeffrey Ochoa,Brenda36@gmail.com,9284878737
2368950,50860,Allison Scott,Ruth64@gmail.com,4763332703
7605203,71384,Jordan Haley,Kimberly57@gmail.com,3731542641
5719081,25004,Cynthia Blackwell,Monica76@gmail.com,1322236160
7257896,72427,Katherine Roberson,Erica18@gmail.com,7835724468
4258109,14741,Jose Odonnell,Bryan99@gmail.com,8135697324
2138975,95218,Nicholas Harris,Julia65@gmail.com,7482189830
7752679,52447,Lori Bonilla,Susan42@gmail.com,9658803680
2604765,78324,Paige Wilson,Marc26@gmail.com,6691834515
5098809,63764,Mr. Douglas Smith,Eric100@gmail.com,5621763611
7901222,22280,Marvin Weeks,Tim54@gmail.com,2293105326
3513970,62277,Ethan Middleton,William46@gmail.com,4950326486
9104281,58091,Andrew Reeves,Gerald41@gmail.com,2604047677
5152451,66879,Lisa Brown,Tammy100@gmail.com,2834238506
2207124,91751,Pamela Carter,David69@gmail.com,7386543163
1803060,35288,Sally Keith,Alyssa89@gmail.com,8491403318
9880074,53966,Darrell Patton,Cody85@gmail.com,8515574323
4973479,42578,Jacob Beard,James80@gmail.com,2999802487
3091275,75211,John Hayes,Amber84@gmail.com,2111232856
1821345,12038,Mackenzie Thomas,Rebecca35@gmail.com,9655519283
5559912,10256,Phyllis Nguyen,Margaret58@gmail.com,2082143387
7778815,85706,Andrew Jones,Vincent26@gmail.com,8025165986
9165527,78064,Jeremy Schneider,Stephen87@gmail.com,7486076449
2235448,33368,Brandon Burnett,Krista91@gmail.com,1903829166
9570259,11051,James Leblanc,Lisa21@gmail.com,4326855850
3677468,35875,Sandy Keller,Daniel80@gmail.com,1098507484
1837455,67410,Joshua Moss,Pamela78@gmail.com,5344541839
5943822,99303,Joyce Lewis,Gregory46@gmail.com,6986798800
4553676,69598,Eric Hebert,Patrick21@gmail.com,5835472752
6358613,79079,Tiffany Poole,Samantha89@gmail.com,1289098345
4359670,96843,Zachary Huynh,Lori21@gmail.com,8940746490
1921550,75194,Nicole Armstrong,Courtney1@gmail.com,7297974175
4468355,51004,Kelli West,Mary67@gmail.com,6186339631
9857068,74146,Anna Maxwell MD,Keith15@gmail.com,8228045638
3862241,77521,Todd Conner,Jessica75@gmail.com,1159563784
1350861,60287,Kristin Moore,Nicholas25@gmail.com,4515824479
7987491,91686,Vickie Harris,Anita57@gmail.com,9044627075
2344605,38080,Beverly Haynes MD,Kurt58@gmail.com,2268394169
1050798,16899,Charles Hamilton,Matthew39@gmail.com,5256457939
6166590,33463,Kelli Espinoza,James15@gmail.com,7291664260
5940979,37314,April Ray,Yolanda38@gmail.com,3088280678
2918586,41169,Amy Gonzales,Bryan52@gmail.com,3280812382
2611984,20742,Patricia Gomez,Scott8@gmail.com,6260244886
9323731,78296,Jennifer Williams,Angela95@gmail.com,3704179323
8382233,67927,Timothy Lane,Kelli41@gmail.com,6330982749
6275567,70806,Xavier Rowe,Miranda39@gmail.com,9644008676
7033196,68585,Caroline Williams,David81@gmail.com,6538957625
3910357,29293,Raymond Evans,Jerry76@gmail.com,9366578233
5131394,86403,Jennifer Thomas DDS,Tammy73@gmail.com,2279142501
3013073,13414,Jennifer Taylor,Victor93@gmail.com,6941672283
3580326,54510,Samantha Gonzalez,Jacob76@gmail.com,7655981172
8051054,96335,Michael Garza,Lori63@gmail.com,1632157678
6964852,65750,Gabrielle Jones,Mackenzie22@gmail.com,7184246108
8449319,28204,Courtney Mcmillan,Amy13@gmail.com,8288286571
2251919,13162,Kathleen Holmes,Kelly90@gmail.com,4246709072
3222836,14771,Victor Arellano,Jennifer14@gmail.com,7395748545
4980251,65363,Shannon Owen,Janet10@gmail.com,1780368405
9411097,30828,Shirley Hernandez,Tanner87@gmail.com,1848059882
2376914,50817,Victoria Brock,Brenda22@gmail.com,3598694282
6346887,81014,Carrie Randall,Pamela15@gmail.com,1582693679
2919688,42471,Amanda Taylor,Patrick5@gmail.com,2835624895
6381830,87126,Brian Swanson,Katrina23@gmail.com,9436654154
2433424,89719,Mary Beard,Leah23@gmail.com,1529270248
6454157,91089,Daniel Lawson,Chris65@gmail.com,1904709224
4917133,50121,Christopher Bradley,Ricky9@gmail.com,7244964836
1390154,79270,Tonya Stone,Robert27@gmail.com,4078017620
8483656,29005,Kevin Powell,Donald75@gmail.com,3704684118
2184671,35785,Paul Santiago MD,Gerald60@gmail.com,9523944426
9065070,32826,Lisa Davis,Kevin4@gmail.com,8718233235
4799728,86650,Susan Ray,Cory95@gmail.com,2913198130
3089651,76081,Breanna Lyons,Gregory11@gmail.com,8657113626
8190232,75211,Kevin Stewart,Steven57@gmail.com,8037124804
4253928,86229,Jessica Flores,Jennifer91@gmail.com,8536665385
8505418,55004,Sheryl Gonzalez,Barbara98@gmail.com,2058980482
4661417,79120,Tiffany Brown,Lisa58@gmail.com,5914571589
8848431,98050,Megan Rush,Marilyn99@gmail.com,9235503515
6628597,89428,Angela Terrell,Scott97@gmail.com,3750511625
8232962,78329,Paul Evans,Marcus92@gmail.com,4386220824
7339927,85459,Anna Young,Brian92@gmail.com,5277273968
8880787,95946,Abigail Alvarado,Sandra35@gmail.com,8914076904
3010244,27840,Chelsea Schneider,Joshua30@gmail.com,3190391625
7660288,74648,Nicholas Martin,Patricia9@gmail.com,2717196120
1677631,77694,Gerald Williams,Antonio21@gmail.com,6249491989
6630371,92217,Juan Walsh,Breanna77@gmail.com,9874544719
6879305,63696,Eric Peck,Kevin15@gmail.com,4609875965
8629167,72927,Erin Baker,Glen40@gmail.com,1314201143
8050980,38562,Cody Simpson,Lauren10@gmail.com,8735575477
9195916,65331,Stephen Ramirez,Kyle41@gmail.com,3501184580
4818059,42967,Rebecca Valencia,Paul55@gmail.com,1252473102
6892011,64562,Lee Smith,Daniel21@gmail.com,4704794770
6514658,15895,Jeff Lynch,George72@gmail.com,6787822808
2873703,72820,David Ross,Robert69@gmail.com,3715354322
7223368,73459,Chloe Hansen,Jeremy50@gmail.com,7069416600
3973494,23042,Barbara Flores,Nicole30@gmail.com,5020116865
6102669,22663,Martha Kelley,Amber82@gmail.com,5923052903
6148820,29116,Kevin Garcia,Linda100@gmail.com,1969659798
4192811,25949,Kelsey Mccarty,Thomas89@gmail.com,1491401915
9238515,12642,Jennifer Bush,Kelsey26@gmail.com,5479545533
9589260,15069,Lisa Ward,Ronald70@gmail.com,5794752873
2321518,29741,Alexandra Salas,Michelle99@gmail.com,3783921451
6218766,21316,William Krueger,Marie57@gmail.com,8160152894
9055952,63589,Jennifer Hamilton,Crystal33@gmail.com,2196415677
4619475,26215,Christian Williams,Susan82@gmail.com,8893165808
9807683,54803,Kyle Sanchez,Brandon68@gmail.com,1767849897
3958167,66895,Lauren Dixon,Jeffery85@gmail.com,2084382919
1554718,47204,Timothy Campbell,Eric93@gmail.com,4681983031
3011825,20316,Ashley Robinson,Denise76@gmail.com,7113352644
7776116,14750,Kenneth Ramos,Daniel80@gmail.com,6344883976
8828320,87862,Darlene Cruz,Scott13@gmail.com,5367636298
5144518,42938,Sarah Kelley,Donald97@gmail.com,6103216717
1425581,52011,Ann Mata,Ernest22@gmail.com,4200243019
2435286,43640,Alejandro Case,Tammy23@gmail.com,7730122119
9971512,24213,Aaron Wright,Molly80@gmail.com,7983421534
1770768,78437,Mariah Rodriguez,Michael68@gmail.com,3220413354
6729153,73331,Sonya Torres,James5@gmail.com,6984022087
3516525,33173,Jason Scott,David23@gmail.com,5657656039
3389831,40242,Meagan Rodgers,Joseph41@gmail.com,1290075725
1281967,59579,Jeffrey Cole,Vanessa70@gmail.com,3520439960
8398277,84534,Todd Russell,Tiffany20@gmail.com,1652544191
9701135,40620,Natalie Rogers,Debra91@gmail.com,8296832438
8111890,99582,Eileen Spence,Tyler92@gmail.com,2338197204
1095296,38223,Jennifer Martinez,Antonio11@gmail.com,7140540154
3672859,46785,Gabriel Mason,Janice12@gmail.com,4334687628
6710293,82691,Tony Johnson,Curtis13@gmail.com,1093137232
3790525,82212,Melissa Hull,Renee37@gmail.com,9363170414
3220335,14495,Larry Walton,Amanda47@gmail.com,7218054387
2942179,19886,Zachary Browning,Laura14@gmail.com,8115825568
3847355,65356,Kevin Davis,Evan31@gmail.com,3749314707
7040452,11637,Jennifer Randall,Gary48@gmail.com,9624380348
1555946,70102,Deborah Johnson,Dennis87@gmail.com,1097812032
9219244,87289,Anthony Lam,Jessica7@gmail.com,8385490320
4302766,60262,Carlos Chavez,Kristopher25@gmail.com,4720165848
7494846,98520,Tony Gibbs,Aimee91@gmail.com,6419332335
2305872,88944,Kristin Ryan,Austin21@gmail.com,6238763495
4626905,85133,Maria Avila,Bruce15@gmail.com,1417823752
1313756,52826,Wendy Parker,Sally98@gmail.com,8969054223
6925082,46536,Terrance Burke,Jonathan79@gmail.com,3947581725
8875340,64156,John Munoz,Robert61@gmail.com,1686537928
4139131,75775,Timothy Mckinney,Zoe91@gmail.com,5902312820
7152558,32662,Crystal Skinner,Karen7@gmail.com,8101452960
2865155,94477,Kimberly Wise,Yesenia40@gmail.com,7592329672
7517921,96980,Kathleen James,John67@gmail.com,1109303558
2140309,70859,Yvette Bowman,Jonathan49@gmail.com,2944266962
4240887,80920,Christopher Larson,Christopher13@gmail.com,5831637200
9950501,76682,Peggy Rodriguez,Patrick58@gmail.com,1258469928
5105183,65646,Mrs. Cassandra Morrison,Donna57@gmail.com,1403414347
7399494,65745,Dalton Lee,Douglas26@gmail.com,6989579363
8812045,68701,Jennifer Lewis,Jacob83@gmail.com,6459391386
3069741,65495,Corey Stone,David30@gmail.com,3903591296
8007315,98112,Barbara Camacho,Angela64@gmail.com,7257756828
3400696,12804,Ruth Middleton,Krista52@gmail.com,5151063835
2942584,77698,Rachel Walsh,Erin12@gmail.com,7526310609
9801812,13377,Mr. Ryan Morales,Joshua78@gmail.com,7335990399
7913612,87824,Gregory Simpson,Brenda57@gmail.com,2627111627
8107860,20573,Mrs. Alicia Wilcox,Nicholas9@gmail.com,1386709342
2640308,24575,Adam Fuller,Ann98@gmail.com,3080467168
4882382,26401,Bonnie Carlson,Victoria72@gmail.com,7399960418
7917504,98847,Kenneth Barrera,Joshua7@gmail.com,4497764521
1509425,18893,Jeffrey Mclean,Reginald87@gmail.com,4203594164
1676870,79251,James Bridges,Sean60@gmail.com,9554245013
3481345,32738,Lisa Cox,Nathan2@gmail.com,1820656490
8925797,26847,Heidi Arias,Jennifer82@gmail.com,
8200979,74036,Thomas Allen,Becky49@gmail.com,3820062361
5904043,93384,Ashley Hansen,Shelby5@gmail.com,8531547249
4706728,34070,Matthew Thompson,Jonathan71@gmail.com,5117890880
1281759,46326,Michael Brown,Robert40@gmail.com,3335247512
9912671,62248,Bobby Harrell,Andrew9@gmail.com,2842453667
5455930,68969,Jerry Mccarty,Mark30@gmail.com,5947623570
5317671,90526,Kenneth Dickson,Bonnie15@gmail.com,8317201137
1173998,69774,Mary Novak,Janice87@gmail.com,1961157784
3262904,73599,Nicole Page,Anthony66@gmail.com,3653360377
1721769,47162,Joan Miller,Kevin7@gmail.com,9521638295
9951939,14430,Virginia Tucker,Destiny53@gmail.com,3318330194
9472935,64216,Linda Sanchez,Sherry29@gmail.com,3644632887
5075079,51561,Patrick Johnson,Amber73@gmail.com,8263083909
4276717,61630,Kelly Gonzalez,Wesley8@gmail.com,4801667113
1969332,13125,Jennifer Howell,Angel64@gmail.com,8740722706
6851026,11010,Mrs. Jessica Thomas DDS,Dalton52@gmail.com,4865506175
9178400,16611,Megan May,Christian24@gmail.com,9889653490
1567521,30193,Amy Woods,Shelley81@gmail.com,8152600730
3316915,19043,Edward Sharp,Brian76@gmail.com,5489011340
8654738,62300,Arthur Cruz,Peter48@gmail.com,8932358246
7512540,77812,Janet Bell,Rachael82@gmail.com,3475556665
2708553,76755,Thomas Townsend,Abigail94@gmail.com,8028837114
9188275,87049,Courtney Ellis,Andrew7@gmail.com,4611806013
7607297,59008,Brian Wells,Dennis10@gmail.com,3695176883
7789747,72698,Austin Moyer,James38@gmail.com,8555575450
2977433,37843,Amanda Campbell,Steven82@gmail.com,9323060654
6854646,59447,Amy Mcfarland,Alvin60@gmail.com,8054901704
6622166,72656,Patrick Vaughan,Craig24@gmail.com,3881048623
8871337,43816,Michael Gutierrez,Yolanda23@gmail.com,5156184631
5402874,73438,Brittany Haley,Courtney4@gmail.com,4137173830
4582598,65448,Miss Anna Rodriguez,Jason45@gmail.com,4297796666
5641555,50646,Dr. Julia Taylor,John12@gmail.com,9056054306
1601643,84397,Leslie Flores,Daniel51@gmail.com,3265288483
9703359,26139,Brittany Arnold,Warren12@gmail.com,4801059795
1876766,88992,Megan Hunter,Kevin51@gmail.com,2339397002
2461899,34195,Joseph Smith,Stephanie17@gmail.com,5822212563
1190019,58531,Amy Hernandez,Joseph48@gmail.com,6489039008
8812058,32849,Lori Collier,Christopher34@gmail.com,4977452459
2716950,77989,Dr. Jessica Powell,David21@gmail.com,5724328330
7442342,24774,John Norris,Veronica9@gmail.com,4729494914
9610008,92894,Ann Briggs,John11@gmail.com,3200740196
4051930,12226,Yolanda Hart,Steve81@gmail.com,7724508251
2677445,53285,Rebecca Berger,Katherine17@gmail.com,6033251411
7141945,56636,Kirk Jones,Christopher81@gmail.com,5526225215
8475322,46179,Karen Johnson,Carla92@gmail.com,1931203956
1813664,71590,Susan Bell,Becky16@gmail.com,5103599746
2368392,23573,Steven Manning,Amber79@gmail.com,8686211920
4178829,67685,Sarah Lewis,Bailey62@gmail.com,1316098132
5351020,44951,Warren Russo,Bryan39@gmail.com,9105266525
8459475,24180,Jeffrey Prince,Jennifer51@gmail.com,3773010472
3175863,37239,Justin Smith,Kevin10@gmail.com,1935794819
6414375,61696,Joseph Green,Charles83@gmail.com,2228017551
1062953,56662,Kimberly Lane,Kristen83@gmail.com,2681843791
8147291,24839,Sharon Hampton,Anna98@gmail.com,1655198561
9256091,46471,Nathan Rollins,Kevin6@gmail.com,4910953474
7725478,25689,Rebekah Wilson,Erin90@gmail.com,3628316695
3897130,18326,Brian Douglas,Melissa84@gmail.com,2012635420
3659359,59482,Brooke Wiggins,Zachary36@gmail.com,9270265446
3493546,59513,Albert Johnson,Derek17@gmail.com,9034358370
4691532,20123,David James,Nancy72@gmail.com,7214338770
6049224,58490,Brenda Stuart,Ashley28@gmail.com,5311729598
9995899,81315,Melanie Taylor,Katie51@gmail.com,3686000010
7572230,50968,Brandon Patel,Diana30@gmail.com,3746770710
4956898,80176,William Bond,Kevin63@gmail.com,1907890073
5089509,97852,Bethany Clark,Vanessa96@gmail.com,3596501947
3475668,11654,Leroy Morgan,Jacqueline19@gmail.com,2383083871
4213335,59693,Sherry Ho,Maria1@gmail.com,4700113143
2628988,42559,Alicia Holmes,Dustin80@gmail.com,3182885940
8593237,14311,Alan Johnson,Ronald50@gmail.com,2429333361
4703011,59086,Kyle George,James17@gmail.com,3882744723
8083840,42119,Juan Walker,Joseph89@gmail.com,5972703320
2742129,53548,Christina Romero,Sandra20@gmail.com,1437185910
7573005,17032,Angel York,Rhonda49@gmail.com,6577330601
5030709,58552,Michael Johnson,Christopher35@gmail.com,2227395071
1213958,65185,Amber Brooks,Bryan93@gmail.com,1938566197
6861671,94514,Matthew Burke,Ronald94@gmail.com,4761216181
1393029,22898,Julie Greer,Maxwell28@gmail.com,4594624743
7396424,15542,Megan Evans,John12@gmail.com,1314679001
6511938,85874,Christina Romero,Henry78@gmail.com,6604991636
4745567,80981,Peter Duran,Karen36@gmail.com,1491308676
2744305,46629,Tara Rosario,Regina85@gmail.com,2573969713
6601366,16676,Kelly Collier,Ashley15@gmail.com,8005253726
6963242,31772,Craig Cruz,Tammy78@gmail.com,1273521670
9353758,38221,Luis Brown,Jennifer66@gmail.com,4993987143
7758444,17413,Joan Mack,Andrew98@gmail.com,6656257657
9547553,44812,Margaret Jackson,Anna58@gmail.com,1718243986
8382661,33068,Amanda Rubio,Kyle3@gmail.com,4031056453
4602940,89957,Holly Robinson,Elizabeth58@gmail.com,7349645462
6465941,88536,Kelsey Watson,Alexandria85@gmail.com,9787333710
9181719,,Dwayne Harris,Karen41@gmail.com,6926646206
3899475,10317,Austin Romero,Melissa30@gmail.com,6074891355
7017206,94213,Brandi Crosby,Billy37@gmail.com,6209334440
1234639,64702,James Baker,Jorge6@gmail.com,6926688822
6681432,78951,Paul Porter,Pamela76@gmail.com,6401711586
9772574,10930,Kyle Davis,Christopher44@gmail.com,3976928751
8586983,47637,Paul Rogers,Richard95@gmail.com,7753655094
5865080,46032,Kathryn Johnson,Kyle10@gmail.com,8850112858
7270186,70332,Candice Powers,Stanley88@gmail.com,9313716094
9268095,10876,Craig Miller,Sara12@gmail.com,9885326217
3192374,29422,Cindy Carter,Bryan19@gmail.com,9067875531
3146875,53553,Herbert Bass,Keith76@gmail.com,3140107125
9976941,54552,Allen Davis,Amy71@gmail.com,3018324096
2661475,81704,Karen Rogers,Michelle41@gmail.com,6931580543
2703927,15848,Sarah Carpenter,Emily71@gmail.com,2714404691
6843975,88965,John Thompson,John42@gmail.com,1482970096
4927511,11477,Lindsay Sexton,Jack20@gmail.com,6751313915
2637073,18122,Rachel Taylor,Eric64@gmail.com,5095131326
9162007,42089,Patricia Vasquez,Robert2@gmail.com,6312142150
2250458,91935,Lindsay Patterson,Travis53@gmail.com,9860694517
1717889,73771,Sophia Martin,Robin46@gmail.com,8304172896
1993567,96280,Alan Graves,Thomas66@gmail.com,2380177520
6164995,10982,Charles Ferrell,Paul3@gmail.com,3892832686
6944484,89233,Ronald Rojas,Lisa62@gmail.com,9571210147
6561486,53665,Kristin Anderson,Christopher43@gmail.com,3413696197
3197226,23268,Tammy Blackwell,Thomas43@gmail.com,2469477076
6797335,64305,Timothy Schneider,Travis31@gmail.com,9339460538
5124429,82913,Charles Nielsen,Gina4@gmail.com,3614400692
2884067,15395,Diana Kennedy,Carol37@gmail.com,8952189443
1256809,13274,Eric Flowers,Troy38@gmail.com,7506045469
4293262,27712,Paula Perry,Kimberly35@gmail.com,2093358215
4112826,72267,Kylie Clark,Courtney64@gmail.com,8843590838
8137684,86014,Johnny Guzman,Rachel11@gmail.com,9388841046
1141169,46860,Mary Kelley,Gerald63@gmail.com,6876087106
6723194,88958,Phillip Salazar,Jonathan80@gmail.com,6639837740
5285771,41701,Reginald Clark,Cynthia100@gmail.com,3734816146
6274200,43707,Kenneth Harris,Leslie13@gmail.com,2138122112
8250152,55344,Shelby Mcclure,Alex70@gmail.com,2082922085
4980079,92585,Shawn Robinson,Ricky15@gmail.com,7644728999
9386180,74873,Holly Collins,Patrick72@gmail.com,4265994588
7485920,13828,Lisa Reyes,David30@gmail.com,4608438793
9031032,48272,Mary Pierce,Deanna96@gmail.com,3893033230
6007214,66872,Deborah Rangel,Betty18@gmail.com,1831035935
4215891,59672,Charles James MD,Russell60@gmail.com,7126805140
8750999,84424,Elizabeth Tyler,Natalie34@gmail.com,2115895947
7269056,,Christopher Patrick,Antonio34@gmail.com,5884778714
2862142,58218,Ian Morales,Andrew99@gmail.com,9521916262
7031340,51764,Carolyn Miller,John56@gmail.com,4574427670
6105608,41479,Joshua Hawkins,Phillip31@gmail.com,9099032426
2553732,10679,Lori Martin,Keith10@gmail.com,7404047560
4685681,34173,Joseph Lawson,Vernon48@gmail.com,3271794674
3796547,33380,Lisa Hernandez,Clifford58@gmail.com,8413810282
3644025,33807,Brandon Mcknight,Stephanie64@gmail.com,2389376541
3912385,90796,,Carol98@gmail.com,6969608432
7412332,91727,Jennifer Keller,Troy60@gmail.com,5047097906
9711927,84165,Sean Chambers,Cindy86@gmail.com,7310511059
4858380,35218,Marcia Martin,Sandra84@gmail.com,5980187727
9251832,61664,Jennifer Lee,Michael58@gmail.com,2241652750
5383206,44248,Carlos Stevenson,Lauren93@gmail.com,9067019577
6243387,86453,Alicia Willis,Eduardo69@gmail.com,8770036327
3896189,61514,Stephanie Rodriguez,Kelsey75@gmail.com,3693707742
8420349,45624,Phillip Wright,Erika13@gmail.com,7065171227
3169169,16140,Andrew Malone,Alexa22@gmail.com,3981418414
6691978,11256,Sean Franklin,Danielle89@gmail.com,1967519727
8582619,84556,Bradley Rowe,Anne37@gmail.com,4963777623
7257319,14209,Steven Newman,Allen94@gmail.com,2610940147
3542917,85758,Walter Hendricks,Christopher92@gmail.com,3059591447
4276845,71179,Theresa Harvey,Cheryl76@gmail.com,2923462449
7241534,97028,Paula Stephenson,Ashley58@gmail.com,8791890651
2068800,72638,Barbara English,Cody6@gmail.com,2460439046
7574541,79638,Heidi Wade,Ronald100@gmail.com,3090985328
6546555,75486,William Smith,Jamie67@gmail.com,5720947669
5242655,88247,Kristine Medina,Barry90@gmail.com,7049278353
8228571,86901,Jonathan Davis,Brianna74@gmail.com,3678497214
5104852,48069,Jamie Medina,Renee9@gmail.com,1349276799
1253259,30988,Nancy Meyer,Jeffrey96@gmail.com,8207970289
7837077,77505,Keith Howard,Edward42@gmail.com,1366112985
3138332,32466,Blake Schultz,Chelsea28@gmail.com,2392279492
2028690,71003,Natalie Haynes,Jessica43@gmail.com,4449509272
4532662,45567,John Brooks,Rachael28@gmail.com,2741440989
2280037,70583,Nicole Copeland,Lauren78@gmail.com,8980957695
3500740,80850,Paul Carter,Randy39@gmail.com,2844574632
9703773,32562,Amber Patton,Jennifer22@gmail.com,8194221341
5951592,67909,Kerry Rodriguez,Nicholas84@gmail.com,2771817039
1760437,16672,Debbie Brown,Kayla36@gmail.com,9051715074
9866004,78437,Michael Garner,Jeanne42@gmail.com,8659608776
5376147,40688,Stephen Roman,Brandon26@gmail.com,1494513190
1845100,52939,Amanda Chan,Melanie91@gmail.com,2510457987
7423709,97599,Jim Ryan,Justin40@gmail.com,4738291640
5612364,68622,Cynthia Smith,Thomas17@gmail.com,7026345316
9627715,27103,Jennifer Acosta,Michelle64@gmail.com,3172806922
5269924,76306,Felicia Montgomery,Kevin82@gmail.com,1264468611
6299239,24945,Trevor Maldonado,John31@gmail.com,8034986957
9080940,57059,Robert Tanner,George72@gmail.com,1800746800
2204064,10964,Joel Ford,Joseph78@gmail.com,7981452507
1796610,46162,Nicholas Vaughn,Connie51@gmail.com,8573850534
9659897,56491,Thomas Drake,Stacy17@gmail.com,4132001528
1484976,38263,Eric Aguilar,Kyle24@gmail.com,4131914651
8324771,60172,Karen Ward MD,Anthony14@gmail.com,1388573085
1881577,47915,Erica Smith,Denise11@gmail.com,1162478486
1698654,86843,Adam Martin,Stephen70@gmail.com,5205446715
9722153,36834,Shari Grant,Heather48@gmail.com,7842944371
4493964,22322,Kayla Gray,Rachel10@gmail.com,4991192059
8013479,83228,Sarah Hudson,Scott68@gmail.com,4198616566
1883350,47250,David Evans,April24@gmail.com,4333477222
9248065,82638,Cynthia Wagner,Kimberly26@gmail.com,2944175776
2989637,32808,Dr. Jason Sexton,Edwin79@gmail.com,3963425460
3565127,78595,Charles Hill,Tyler66@gmail.com,1061192490
8848551,66522,Audrey Riddle,Kristen56@gmail.com,9225849945
5768529,89724,Shawn Miller,Robert82@gmail.com,5987228462
1478939,60143,Brenda Cruz,Brenda54@gmail.com,6236732587
2329036,53734,Bethany Curtis,Christopher13@gmail.com,7379331325
3358138,32972,Dylan Smith,Robert57@gmail.com,5472666964
3957413,20260,Douglas Taylor,Harry94@gmail.com,9274667770
7160934,71404,Kendra Robinson,Michael83@gmail.com,9838339137
4371901,67633,Denise Le,Luis55@gmail.com,4219051450
8169891,25024,Courtney Roberts,James6@gmail.com,2199160086
1890333,51843,Diane Mccoy,Victoria3@gmail.com,4762758559
5210477,22059,Joan Velazquez,Howard72@gmail.com,9917298764
6489566,51314,Mary Garcia,Laura40@gmail.com,9495303361
3169201,91854,Jacob Ellison,Christopher37@gmail.com,9412975096
6516305,99564,Jacqueline Watkins,Lisa68@gmail.com,3444143113
9468096,53918,Jesse Hall,James1@gmail.com,9982562219
1133438,52967,Richard Lee,Allison18@gmail.com,9615636807
7955264,24135,Jacob Cobb,Amanda38@gmail.com,8112519410
6869945,43772,Thomas Houston,Kim30@gmail.com,7285701168
7285193,46397,Melissa Rich,David88@gmail.com,2739633827
2853313,80725,Susan Mckinney,James9@gmail.com,9982172655
8693607,28371,Michael Case,Carrie84@gmail.com,1265460885
9570594,83884,Erika Henderson,John55@gmail.com,9197946078
7140687,42971,Nicole Arnold,Carol30@gmail.com,1317643811
6737848,85445,John Love,Travis13@gmail.com,6464517973
1420717,65290,Brenda Martin,James55@gmail.com,6951863102
6834020,35960,Diana Shields,Ryan14@gmail.com,5456162640
9636011,95075,Jesse Gordon,John82@gmail.com,2074227645
9250186,19909,Teresa Gardner,Melinda69@gmail.com,8111694671
3931054,31630,Arthur Blake,Harold11@gmail.com,1910422677
2092903,40581,Tyler Butler,David35@gmail.com,5479988891
6664467,33310,Harry Callahan,Shannon32@gmail.com,6879649730
4665971,83104,Danielle Randolph,Joseph85@gmail.com,2108466267
1604245,72025,Luis Ellis,Amanda54@gmail.com,2985083265
1840133,48943,Beth Hanson,Julie50@gmail.com,8767444700
4371051,18430,Amanda Macias,Samuel19@gmail.com,7723846138
8354650,42603,Heather Frey,Terri69@gmail.com,8984943177
9612729,37574,Charles Davis,Rita4@gmail.com,6192753672
9240579,60508,Thomas Carrillo,Arthur27@gmail.com,9937694761
8358104,44121,Caleb Morgan IV,Sabrina33@gmail.com,3942708497
6719661,95882,Gloria Steele,Jennifer9@gmail.com,3128387342
4492562,80233,Heather Collins,Colleen53@gmail.com,1914516135
5068163,95168,Christine Hernandez,Sara45@gmail.com,9425379829
5536869,40946,Paula Sanders,Tamara77@gmail.com,2238997613
1427426,63594,Curtis Munoz,Suzanne15@gmail.com,4968381321
7812279,84475,Cody Smith,Melissa84@gmail.com,3627471792
1268893,63421,Cody Hunter,Daniel25@gmail.com,2773613631
5263272,25799,Dustin Anderson,Danielle16@gmail.com,1414658992
9496478,51958,Justin Hansen,Becky45@gmail.com,2483561331
1740080,23692,Emily Thomas,Nicole63@gmail.com,2858639232
3470520,24106,Melanie Cobb,Joshua67@gmail.com,6201987227
8103464,53038,Deborah Figueroa,Adam1@gmail.com,7469430925
4693239,28616,Julia Crawford,Jessica48@gmail.com,7698301336
2478783,49894,Mr. James Benjamin,Kristen14@gmail.com,6068417128
8613472,80117,Cheryl Anderson,Robert59@gmail.com,7721323969
6768612,39742,Christopher Mcdaniel,Sarah58@gmail.com,1959870377
6950774,30041,Jeremy Hall,Jonathan15@gmail.com,8254554985
2004899,14266,Kimberly Richard,Christopher90@gmail.com,9820926829
7578795,11136,Jessica Jordan,Linda57@gmail.com,3892481354
9029843,30258,Ricky Delgado,Jason92@gmail.com,9114661473
8703770,29370,Jasmine Francis,Karen37@gmail.com,6297702533
7134757,68781,Ashley Smith,Joanna53@gmail.com,3069385761
9939468,67540,Erin Hernandez,Christopher4@gmail.com,7352305436
9646720,42496,Seth Allen,Alexis5@gmail.com,7777890229
9210814,81562,Krista Yates,Janice58@gmail.com,2414699820
9958115,60887,Glen Miller,Tammy4@gmail.com,3417802901
6724818,92938,Christina Gibson,Debra14@gmail.com,9243934636
3658199,34812,Teresa Peterson,Stephen97@gmail.com,7423437128
2204678,94407,Nancy Bridges PhD,Andrea96@gmail.com,3220311229
1935629,56364,Misty Johnson,Roger84@gmail.com,1634348324
2862581,25426,Ronald Garcia,Billy26@gmail.com,1625543060
4457225,27546,Teresa Valencia,Melanie31@gmail.com,2118243654
5840552,71272,Thomas Fowler,Lisa65@gmail.com,6065321110
2495009,24187,Amy Perkins,Elizabeth68@gmail.com,1455744231
7601813,71080,Benjamin Hart,Mary60@gmail.com,5283559216
6251162,84188,Amanda Padilla,Nicole84@gmail.com,4758854231
2986488,59493,Frank Bowman,Laura51@gmail.com,9404372908
5043442,47329,Nicole Berry,David29@gmail.com,9235057818
4960414,63335,Jessica Merritt,Jesse27@gmail.com,6609562048
4803585,59448,Johnny Roberts,Steven11@gmail.com,8814452710
7778938,92673,Connor Serrano,David50@gmail.com,8227669496
4117227,77952,Sara King,Emily89@gmail.com,3934767593
5283118,11264,Matthew Quinn,John25@gmail.com,6291044581
4579678,61007,Katie Green,Sandy64@gmail.com,7848297922
4403031,19845,Crystal White,Leah20@gmail.com,7778809297
8116297,21769,Melinda Ellison,Malik14@gmail.com,9471808643
9130599,31366,Brandi Allen,Robert62@gmail.com,3220658082
6705831,69929,Amanda Carroll,Trevor50@gmail.com,6158950490
3931782,91132,Jenna Ross,Maureen86@gmail.com,1232380924
7213779,81186,Peter Rice,Samantha62@gmail.com,7509403523
9808047,12664,Connor Golden,Michael47@gmail.com,5684948070
5340332,43253,Edward Moses,Alvin85@gmail.com,3523399437
1153787,13341,Joseph Larson,Latasha82@gmail.com,5429310598
4175410,80040,James Giles,Brian64@gmail.com,3081548973
4445385,81242,Leslie Valdez,Matthew63@gmail.com,4129163619
1410198,48981,Adrian Lopez,Tanya59@gmail.com,2178836734
1159014,51016,Jeanne Brooks DDS,Angela88@gmail.com,8774319616
8678638,81165,Lauren Reeves,James6@gmail.com,7797874920
4133950,18928,John Weber,Michael79@gmail.com,8438436968
4003795,22470,Shari Williams,Jesus18@gmail.com,1119479618
9943907,26782,Erica Cruz,Lauren98@gmail.com,7888018763
7869364,62263,Jennifer Thornton,Leah37@gmail.com,7294170783
9306194,53704,Sheila Rodriguez DDS,Kevin37@gmail.com,1940659706
5292661,28612,Brittany Coffey,Holly81@gmail.com,3610116160
7115426,49263,Jason Garrett,Scott74@gmail.com,9294950747
8875017,13144,Thomas Barnett,Karen91@gmail.com,5291424537
6502099,77737,Miguel Brown,Nancy48@gmail.com,3730983676
3631785,41858,Michael Case,Jessica90@gmail.com,4921518305
3901474,23244,Virginia Walsh,Gary36@gmail.com,6941057272
4887058,94647,Nancy Tate,Monica62@gmail.com,6269600614
2405002,54129,Megan Douglas,Scott50@gmail.com,6199392608
6472425,95730,Melody Anderson,Stephen6@gmail.com,4434890875
9454811,69883,Heather Thomas,Sarah92@gmail.com,9712488792
6750621,46732,Mr. Benjamin Campos Jr.,Andrew6@gmail.com,4633803617
8005773,28710,Tiffany Turner,Anthony26@gmail.com,8225095047
3116579,52004,Thomas Lopez,Matthew59@gmail.com,1519823901
7411637,24053,Robert Sutton,Christopher71@gmail.com,4478710182
1800022,97699,Ryan Horton,Jason20@gmail.com,6782576315
5888761,10129,Justin Burns,Michele50@gmail.com,1017269741
7704839,49888,Robert Gill,Joseph87@gmail.com,1795044974
3617325,58594,Robin Gibson,Kathy21@gmail.com,8303807815
4531692,70752,Barbara Smith,Patrick97@gmail.com,9677145171
9764306,79430,Kyle Tucker,Kyle20@gmail.com,3392819954
9428431,86412,Aaron Lee,Steven66@gmail.com,2190004557
5405803,31057,James Payne,April20@gmail.com,3920648686
1933197,18453,Brian Harvey MD,Miguel54@gmail.com,8534506414
4082932,97686,Sean Sanchez,Laura16@gmail.com,2978714480
4419134,82617,Deanna Wilson,Michelle26@gmail.com,5272672039
5719866,10067,Matthew Meadows,Andre92@gmail.com,6810581065
7495193,22328,George Anderson,Carrie16@gmail.com,7737804074
2994168,22171,Kathryn Torres,Diana1@gmail.com,3659179415
8381564,90305,Taylor Morris,Mary30@gmail.com,3847311235
5505377,20284,Robert Davila,Monica86@gmail.com,2907672322
3089304,43997,Laura Harrison,David67@gmail.com,5958925451
9722907,76701,Michelle Phillips,Donald54@gmail.com,7499149995
3678274,72783,Samuel Boyd,Nicole35@gmail.com,8272731030
3262205,45461,Edward Hernandez,Andrew24@gmail.com,2173707316
8795350,80654,Robert Zuniga,Kim87@gmail.com,6143516868
3510561,29377,Renee Zimmerman,Carla22@gmail.com,6982850789
2703429,67264,Bradley Barnes,Charles10@gmail.com,5075553839
5610357,38648,Leah Simmons,Stephanie26@gmail.com,2029151054
5803049,37618,Kathleen Morales,Robert88@gmail.com,2411332996
9907591,67977,Stephanie Andrews,Cheryl34@gmail.com,2012129271
2889708,75328,Sherri Griffith,George71@gmail.com,2866695669
7922573,66645,Nicole Stewart,Emma95@gmail.com,9616152528
2489744,98990,Kelly Pennington,Vanessa5@gmail.com,6783966010
6241687,31944,Evan Sanchez,Timothy76@gmail.com,7874932038
9679836,73294,Brandon Mendez,Jeffrey25@gmail.com,5814200377
2278155,74911,Amber Kramer,Nicole89@gmail.com,5795587559
4824517,89248,Angela Kennedy,William78@gmail.com,8785285391
1590835,34173,Sheri Turner,Michael30@gmail.com,7987047624
2047293,72331,Renee Bush,Rachel52@gmail.com,1453157631
7559116,98680,Richard Bolton,Kenneth98@gmail.com,2978005134
6835064,19678,Aaron Lambert,Richard79@gmail.com,6275966508
9088955,83656,John Lewis,Lindsey90@gmail.com,3666797308
9762019,76165,William Mcclure,Joseph15@gmail.com,8821512998
2150711,31596,Raven Wheeler,Richard61@gmail.com,9670205998
8758139,75563,Dr. Christian Clarke,Steven46@gmail.com,6106412827
9933321,15543,Holly Glover,Matthew43@gmail.com,8898881691
5052729,11569,Leah Underwood,Brittany44@gmail.com,9692363982
3531328,71993,Donna James,Alexandria15@gmail.com,8573522170
7889739,19102,Ashley Clark,Brian77@gmail.com,4314357239
8263232,52975,Keith Lambert,Christopher64@gmail.com,6244798813
8403167,91091,James Roy,Travis42@gmail.com,5257670355
1296750,82577,Donna Russell,Rhonda56@gmail.com,1941184986
2208383,64581,Thomas Mcmahon,Emily71@gmail.com,8279403305
3921980,39335,Megan Garcia,Vanessa81@gmail.com,3419994667
2227729,12681,Heather Scott,Michael12@gmail.com,9629595031
5282061,64422,Vanessa Gibson,Devin78@gmail.com,8752709983
8656340,10140,Joseph Hampton,Rebecca84@gmail.com,9657910970
7354490,39591,Allison Young,James98@gmail.com,1319593422
6552808,80609,Brian Salas,Shelby46@gmail.com,9730389211
9676895,54527,Erin Lara,Jennifer19@gmail.com,6560088840
2730822,33336,Christopher Harris,David80@gmail.com,9113743844
6402088,57879,John Goodman,Lance31@gmail.com,3784325888
4650294,50623,Kathy Coleman,Tara22@gmail.com,7250188542
3739710,77333,Robin Shepherd,Benjamin27@gmail.com,2884596225
8064713,84676,Morgan Anderson,Mitchell30@gmail.com,1295996697
8696310,34554,Julia Gray,Pamela81@gmail.com,7740830548
7770623,12337,Sara Marsh,Lisa55@gmail.com,8454154918
9264491,43733,Daniel Lewis,Kevin81@gmail.com,2969280509
6735201,51247,Hannah Stuart,Justin49@gmail.com,6818231570
2302925,20454,Katherine Jones,Joshua97@gmail.com,7588194388
3029736,92287,Dr. Paul Wallace,Jorge59@gmail.com,1410202624
7764918,44713,Paige Collins,William46@gmail.com,9607675544
3950183,63425,Jessica Navarro,Jason20@gmail.com,4117862654
1169110,63226,Heather Byrd,Katrina82@gmail.com,5342944842
5969555,86214,Nicholas Myers,Rodney99@gmail.com,1873682842
8790441,20482,Dana Rasmussen,Kenneth45@gmail.com,5848227344
2004796,96348,Christopher Mills,Michael79@gmail.com,3391465298
4885350,61204,Linda Taylor,Steven93@gmail.com,4638551546
6669187,50686,Joyce Boyd,Thomas54@gmail.com,4949237490
5753758,99035,Jennifer Richardson,Mark43@gmail.com,4688011679
1106253,52458,Eric Mayer,Justin42@gmail.com,6096346194
7832641,46442,Alexander Hays,Christopher95@gmail.com,6963113576
3403610,94190,Mrs. Laura Smith,Alexa23@gmail.com,7790459920
5115384,25092,Connor Garcia,Nicole72@gmail.com,1280694450
2393181,80782,Mark Williams,Luis70@gmail.com,7922646137
7108121,97543,Angela Aguilar,Kelsey47@gmail.com,5331333297
2796476,58146,Victoria Boone,Evan79@gmail.com,3735345251
5226118,57980,Danielle Spencer,Susan1@gmail.com,3019374047
5354888,58400,Robin Murphy,Sabrina85@gmail.com,9298572473
9462870,44077,Monica Lambert,Kerry18@gmail.com,5052597744
3939800,53829,Scott Montoya,Tyler82@gmail.com,9053350642
3182765,79912,Brian Williams,Maurice5@gmail.com,6261843338
9718082,18720,Barbara Vega,Heather73@gmail.com,3556024705
1044546,29369,Mrs. Mary Craig DDS,Linda45@gmail.com,1000145832
7884778,99846,Jason Casey,Melvin42@gmail.com,9328893338
3591238,33782,Rebecca Wang,Lori37@gmail.com,4412795844
4269259,80812,Sara Robles,Melinda45@gmail.com,6689128659
8907310,83818,Ryan Vance,William75@gmail.com,1603587028
5654554,56009,Lisa Rodriguez,Rick2@gmail.com,5156836380
7346813,19019,Jennifer Aguilar,Jamie92@gmail.com,3244597474
4860069,35502,Michael Khan,Amanda34@gmail.com,8652917264
4516647,17528,Brandy Barber,Rebecca70@gmail.com,2303099215
1422999,90459,Matthew Young,Crystal56@gmail.com,6163255265
5299219,96027,Stacy Rodriguez,Laura87@gmail.com,5022326179
8859943,27623,Joseph Morrison,Marc20@gmail.com,8747873650
9976806,30485,Derrick Harvey,Adam74@gmail.com,8285244458
2621171,87415,Ernest Jackson,Brianna51@gmail.com,2733042361
4224724,33432,David Owens,Patrick46@gmail.com,5487939465
2738599,81387,Jason Barrett,William10@gmail.com,3287573632
4398060,77756,Kenneth Turner,Lisa42@gmail.com,
3304234,33827,Mr. Jerry Zavala,Mark67@gmail.com,2146962656
4999986,72958,Nicholas Sutton,Patricia99@gmail.com,4295319105
9716037,18368,Jennifer Green,Evelyn31@gmail.com,1380244032
1696550,54552,Debra Perez,Jimmy54@gmail.com,4231417625
4136572,42193,Brandon Robinson,Pamela58@gmail.com,2496780622
3821956,14797,Amy Patel,Jennifer83@gmail.com,8747030123
3323718,42546,Jordan Monroe,Christopher27@gmail.com,4866334336
2965091,40151,Kathy Gonzalez,Erika39@gmail.com,1283557546
3726205,26383,Jason King,Bonnie1@gmail.com,8014543429
6253669,60714,Frederick Mullen,Craig9@gmail.com,8416944060
4778519,23032,Julie Davis,Aaron49@gmail.com,6308019651
8464900,42997,Roger Daniel,Michael15@gmail.com,5029559919
3892780,66823,Willie Richards,Christopher27@gmail.com,4660426550
4769477,57298,Jerry Park,Morgan65@gmail.com,6317775746
5393035,51236,Debra Allen DVM,Barbara25@gmail.com,7025311930
4761002,26288,Juan Brown,Greg10@gmail.com,6670755603
1077432,73816,Chelsea Harper,Mark9@gmail.com,1046336673
1474129,89258,Caroline Gross,Sharon71@gmail.com,2793034081
8949177,20488,Rachel Moreno,April67@gmail.com,3743534972
5672141,86937,Anita Nunez,Krista93@gmail.com,3112933187
2207632,26728,Mrs. Jamie Pena,John33@gmail.com,1983894666
7436549,51976,John Rodriguez,Eric22@gmail.com,7822185983
8214693,30875,Drew Dyer,Mark89@gmail.com,6757204873
7268307,55017,Elizabeth Maldonado,Angela20@gmail.com,9003341357
1636715,40387,Virginia Hamilton,Juan36@gmail.com,2650410023
2800855,47035,Steven Hoover,Michael34@gmail.com,7494642636
2351150,66366,Lisa Perkins,Andrea94@gmail.com,5324176423
8054114,49232,Matthew Salazar,Timothy29@gmail.com,4882544310
1223323,77458,Michael Schultz,Christina21@gmail.com,4209839801
9362110,74339,Amy Wallace,Kimberly12@gmail.com,9990878473
6443289,24522,Kelly Cowan,Jonathan13@gmail.com,8024034005
3010415,94748,Kristen Kirk,April75@gmail.com,2509420908
2319807,40607,Dylan Fletcher,Adam34@gmail.com,3622383174
9301449,50497,Jennifer Ward,Stephanie91@gmail.com,6248369909
2629437,19262,Gerald Ramirez,Lisa4@gmail.com,9477612895
9801006,87693,Brandon Gomez,Harry5@gmail.com,9629462552
2830574,64357,Cindy Stewart,Jose49@gmail.com,9229758014
5183459,19195,David Mckinney,Sergio28@gmail.com,2094595443
2344872,31820,Anthony Hughes,Jerry79@gmail.com,7154348692
6020203,73996,Michelle May,Manuel54@gmail.com,4849002491
4103788,85457,James Mcguire,Charles32@gmail.com,9398382394
6980300,63539,Nathaniel Jones,Wayne15@gmail.com,3042060933
7950545,37340,Teresa Hernandez,Julie75@gmail.com,6232604240
6941860,90555,Jaime David,Albert1@gmail.com,8371866869
3102338,10390,Lawrence Wilson,Kristin28@gmail.com,2483368950
5247894,36036,Nancy Delgado,Mary14@gmail.com,9177548273
6233347,66843,Carla Estes,Caleb52@gmail.com,8647049677
8720443,53184,Sarah Davis,Brian93@gmail.com,8526183862
6625546,42419,Emily Martinez,Rodney78@gmail.com,5792655088
1680150,85214,James Williams,Tina43@gmail.com,2144747993
9256364,22279,Keith Stewart,Marco82@gmail.com,6460566916
4382045,49739,Erin Cunningham,John37@gmail.com,2091460322
8943472,40887,Angela Peterson,Jessica8@gmail.com,4036070655
3427138,83677,Anne Wilson,Nathan87@gmail.com,2587012675
9836180,54858,Aaron Perkins,Ronald74@gmail.com,8251653795
5750083,32603,Brian Murillo,Curtis10@gmail.com,1478929239
7649299,98687,Joseph Wong PhD,John19@gmail.com,9375010403
6068441,78280,Stephen Washington,Kristen91@gmail.com,6293817271
2282880,29678,Steven Williams,Dalton82@gmail.com,6413657954
7767306,14757,Frederick Holt,Nancy55@gmail.com,4096740813
3292744,88229,Carlos Becker,Paul61@gmail.com,6852071014
9503878,19046,Rachel Levine,Veronica48@gmail.com,8494755792
3116688,11554,Kathleen Davis,Margaret8@gmail.com,3357665171
6222911,29159,Lacey Burton,Jesse3@gmail.com,9675704742
3400892,17628,Matthew Hampton,Gabriela76@gmail.com,7666682524
9873999,26144,Stacy Brown,Calvin39@gmail.com,2054498322
3211357,25344,Jamie Taylor,Arthur16@gmail.com,1618891441
1868218,48816,Laurie Roberts,Monica49@gmail.com,7065418159
8107527,66948,Brendan King,Julie16@gmail.com,5640709265
6145518,85253,Holly Gonzalez,Mary32@gmail.com,8733443468
4604544,18322,Jill Cunningham,Stephanie56@gmail.com,8792072968
3106768,59895,Taylor Rubio,John19@gmail.com,9845454755
7090000,23255,Garrett Casey,Christopher74@gmail.com,7376197563
9304259,52536,Joel Khan,Megan44@gmail.com,3109891754
1899119,70096,Debra Kemp,Ian41@gmail.com,8097775959
1099969,81578,Thomas Mcconnell,Matthew18@gmail.com,1775589521
2479129,25283,Dr. Rebecca Richards,Rodney84@gmail.com,9091541615
7600442,42028,Carolyn Miller,Dustin19@gmail.com,8415581192
8153538,73876,Courtney Merritt,Ryan88@gmail.com,3642593377
9093828,59622,Craig Kennedy,Marcus5@gmail.com,4469858942
9397493,82818,Ashley Ortiz,Rhonda24@gmail.com,5695693865
5130285,65204,Tiffany Gordon,Sharon48@gmail.com,9320920378
2464840,77066,Lori Garcia,James69@gmail.com,8923706776
9408256,22738,Samuel Wright,Kimberly47@gmail.com,3856886893
3973578,10548,Stephen Daugherty,James56@gmail.com,7481778545
3332818,69954,Michelle Robinson,Alex33@gmail.com,9949697202
7739814,99044,Deanna Garcia,Shawn69@gmail.com,7983533076
9831071,45250,Christina Peters DDS,Matthew9@gmail.com,8247432528
3764593,35611,Michael Delacruz,Maria18@gmail.com,1904017679
4131697,22969,Christina Meadows,Shannon72@gmail.com,3006060604
2295045,81812,Glenn Harrison,Christopher32@gmail.com,8437279653
3778867,60337,Jesse Molina,Candace39@gmail.com,2763019378
9369798,13333,Benjamin Cuevas,Matthew25@gmail.com,3577274119
1944146,21638,Joseph Chavez,Stephen56@gmail.com,1081499407
5960579,26448,Leah Cook,Natalie22@gmail.com,8674096800
2420183,53142,Colleen Larsen,Matthew78@gmail.com,4510761569
2644765,45456,Annette Mullins,Jon85@gmail.com,2761945555
9737231,25163,Sara Newton,Kirk68@gmail.com,2263073323
3356758,86091,Matthew Cisneros,Sierra54@gmail.com,2666605643
9895267,27329,Brent James,Whitney98@gmail.com,5117108179
3832567,36983,Brent Jackson,Anthony62@gmail.com,1044705605
5868713,84712,Bradley Hampton,Andrea58@gmail.com,8656037891
7772768,70537,Lisa Moore,Rebecca35@gmail.com,4833396688
9479270,25885,Anthony Ingram,Ricardo37@gmail.com,1262544637
2141524,14777,James Gardner,Laura73@gmail.com,1828783547
1577080,63985,Laurie Good,Kevin79@gmail.com,4726686167
9884826,72282,Elizabeth Hunter,Brandy79@gmail.com,3027087696
2135667,39574,Alex Taylor,Robin24@gmail.com,6764079818
7609110,14270,Andre Diaz,Andres92@gmail.com,2378352228
2795807,35451,Nicole Dalton,Shelly73@gmail.com,5485038186
7614632,77765,Michael Davis,Alexandria12@gmail.com,5387735120
9188364,59584,Joan Flores,Jack100@gmail.com,7832843582
3922527,26359,Travis Knight,Catherine51@gmail.com,9078817773
1192714,69219,Robert Fields,Alexandra12@gmail.com,4832442892
9090281,83404,Susan Cross,Maria10@gmail.com,1453202121
5316674,53602,Jack Curry,Scott87@gmail.com,6298464813
7960100,71198,Lori Adams,Jeremy31@gmail.com,6137323384
3418251,76859,Sara Bowers,Samuel95@gmail.com,8055454073
1628923,38016,Scott Martin,Christopher75@gmail.com,4965667030
1931598,83876,Sarah Schmidt,Tracy80@gmail.com,5679283472
4064589,12065,Kimberly Doyle,Penny45@gmail.com,7920880055
8255659,51413,Robert Johnson,Michael75@gmail.com,7023322379
4557666,54924,Sean Mitchell,Joseph61@gmail.com,1898438673
5660232,41298,Mark Powell,Michelle16@gmail.com,8412731140
8121099,77068,Virginia Nelson,Travis3@gmail.com,4868050967
4832173,53981,Jennifer Watkins,Marilyn65@gmail.com,5351983482
5480266,24504,Ronald Black,Andre10@gmail.com,6588894450
1561132,70869,Richard Walker,David1@gmail.com,9945256100
2756085,64174,Nancy Ingram,George87@gmail.com,2619171433
1962010,93227,Desiree Bailey,Kelsey34@gmail.com,4479254619
2063343,91253,Courtney Weaver,Philip2@gmail.com,4283336875
3158726,76913,Shawn Miranda,Andrew27@gmail.com,1533360984
4571332,12321,Amber Kelly,Christopher7@gmail.com,9749934291
8327745,61232,Wayne Singleton,Timothy29@gmail.com,4672332184
6395913,53391,Jason Lewis,Eric38@gmail.com,9913105668
6876572,58584,Ashlee Lewis,Victor64@gmail.com,8138002222
1434227,54937,Lisa Sullivan,Tina63@gmail.com,7255976272
1423548,76849,James Mills,Julie2@gmail.com,3762814297
2725713,71762,Michael Martinez,Haley82@gmail.com,5381486643
8605961,77073,Nicholas Williams,Ryan13@gmail.com,3288088266
2374714,20235,Kayla Craig,John90@gmail.com,2279333100
6624575,74652,Melanie Henderson,Herbert19@gmail.com,2754702807
5123623,46685,Gregory Torres,Patricia84@gmail.com,8342259224
8702132,42918,Adam Smith,Brian64@gmail.com,1336819239
2289179,84886,Wendy Green,Alexis28@gmail.com,7583739206
8922026,14783,Sarah Hatfield,Elizabeth23@gmail.com,7514471007
3682480,76285,Gary Adams,Teresa12@gmail.com,6125687272
6136580,23137,Amanda Cunningham,Sarah34@gmail.com,2593689968
2976540,17381,Derrick Olson,Kristin80@gmail.com,1141984737
3670874,26862,Lucas Myers,Lee43@gmail.com,6425944782
8868960,94994,Kelsey Franco,Richard10@gmail.com,8989967625
2590464,25401,Michael Barber,Monica20@gmail.com,3544230819
4291762,68335,Richard Campbell,Denise7@gmail.com,8150667907
8430044,23017,Timothy Miller,Danielle86@gmail.com,3373034175
5293547,14195,Bryan Zimmerman,Stacey29@gmail.com,1647502413
1692658,14815,Kevin Vincent,Kari43@gmail.com,1110231727
5845426,82555,Shawn Allen,Robert43@gmail.com,2885418780
3969818,90536,Renee Thomas,Anita83@gmail.com,3371467186
7345044,30660,Nichole Christian,Ruth36@gmail.com,2674085007
9161520,90068,Jacob Wilkerson,Adam81@gmail.com,8969814966
8048766,74441,Erin Walker,Kristen58@gmail.com,2309579559
5017712,24930,Cassandra Durham,Francisco59@gmail.com,9491740784
5089812,25492,David Barron,Kimberly31@gmail.com,6870358991
8612308,94514,Nicholas Kelly,Toni20@gmail.com,2915721537
9235596,95371,Nicholas Williams,Kristin4@gmail.com,9033182889
5628089,26093,Paul Sanchez,Tiffany40@gmail.com,6335562985
3387069,16774,Steven Bennett,Susan70@gmail.com,3648084136
2977950,91760,Crystal Taylor,Deborah57@gmail.com,4616076021
2193149,89441,Anthony Kim,Jeffrey65@gmail.com,2814558347
2010494,79293,Cole Henry,Darin32@gmail.com,1396718892
7099809,20077,Jennifer Holden,Lauren93@gmail.com,7621466443
5931635,51057,Michelle Armstrong,April22@gmail.com,9979914028
3244070,80412,Kimberly Choi,Leonard52@gmail.com,7751594030
2729055,87829,Sydney Smith,Jenny49@gmail.com,3079375023
8165333,77921,Scott Whitaker DVM,Kelly57@gmail.com,3357538889
6419498,17176,Paul Fischer,Cindy34@gmail.com,1477637936
5759111,79116,Erin Smith,Erica23@gmail.com,3344634802
6434606,53992,Rachel Hernandez,Jason28@gmail.com,3796211068
7249501,44436,Janet Nelson,Natalie81@gmail.com,9134033239
1762140,53113,Elizabeth Martin,Caitlin86@gmail.com,1841754431
1106015,35990,Yolanda Miller,Dawn43@gmail.com,5315867285
5805561,47116,Daniel Wagner,Holly53@gmail.com,5457198145
7554243,78390,Sheri Ortiz,Brett68@gmail.com,5420093131
2676072,96271,Sarah Fisher,Jane55@gmail.com,1566744482
9630932,50147,Christopher Taylor,Erica12@gmail.com,4970955120
4402878,80514,Justin Garcia,Matthew87@gmail.com,2662878022
7618305,73151,Aaron Barnett,Kaylee4@gmail.com,9292852583
6520789,43731,Heather Byrd,Daniel58@gmail.com,3344966313
6371137,14329,Cynthia Caldwell,Jennifer67@gmail.com,2154330617
6571204,77001,Wendy Scott,Jessica39@gmail.com,3367558800
7113860,49709,Michael Small,Theresa66@gmail.com,2068251830
5381642,50982,Evelyn Brown,Julian2@gmail.com,2595844541
7393165,35781,Michelle Dudley,Michael84@gmail.com,7503470203
4048162,65770,Kenneth Jenkins,Anthony68@gmail.com,7119439086
9987997,36215,Jacob Maxwell,Erin36@gmail.com,3526540713
7481633,52911,Wendy Shaw,Lauren78@gmail.com,6266194839
1276721,88351,Kelly Olson,Ricardo99@gmail.com,5030715331
8631519,16120,Scott Davis,Jonathan43@gmail.com,6634825759
4573371,97817,Gabriel Moore,Alyssa43@gmail.com,4775046864
9189720,71520,Michele Harrison,Ann64@gmail.com,6256802609
5956072,23856,Jennifer Arias,Amanda97@gmail.com,5649356346
5803245,21389,Daniel Cuevas,Shelby75@gmail.com,2349727137
9224299,99831,Michael Lewis,Keith4@gmail.com,1018935206
9776439,23183,Patrick Kerr,Debra46@gmail.com,6933465725
4961723,36057,Kimberly Perez,Martha15@gmail.com,1581154908
7956735,23436,Rebecca Dickson,James62@gmail.com,1194519628
9645382,70639,Priscilla Garcia,Stephen49@gmail.com,5395317710
3559972,45224,Debra Rodriguez,Cindy92@gmail.com,6417454031
8555127,33009,Felicia Evans,Marilyn79@gmail.com,3792661204
6601074,26763,William Holmes,Nicholas50@gmail.com,1548713688
2485061,97642,Mr. John Garcia,Shari18@gmail.com,8799089068
2600937,99621,Lindsey Collins,George69@gmail.com,7168686623
6152223,99127,Alicia Vega,Paula62@gmail.com,3596022807
6268068,48842,Alexis Dawson,David54@gmail.com,7601886539
2680606,92940,Olivia Travis,Peter79@gmail.com,2209038180
2448989,66993,David Riley,Jennifer50@gmail.com,5299763584
4726802,96789,Michael Casey,Regina26@gmail.com,
2552408,91043,Peggy Harvey,Norman98@gmail.com,3071110236
7796626,23977,Rachel Hubbard,Eric58@gmail.com,9952844572
3897210,52872,Bailey Miller,Jennifer9@gmail.com,1555438410
4015968,31392,Anne Chen,Karen96@gmail.com,4738521784
4133316,19884,Jeffery Thompson,Samantha81@gmail.com,3108549652
7153996,77180,Julie Martin,Kevin99@gmail.com,9757852834
7223243,93162,Stephanie Collier,Ellen98@gmail.com,7128415151
3086082,17910,Eric Matthews,Jon78@gmail.com,4622447497
9645481,21538,Sean Myers,Justin44@gmail.com,5098081581
9389529,75551,Kimberly Davis,Kristina3@gmail.com,3937264656
5476955,89496,Laura Lucero,Amy64@gmail.com,7419308942
3245530,18040,Chris Henderson,Jennifer80@gmail.com,1567494495
1256901,58668,Spencer Goodman,Elizabeth85@gmail.com,3500634914
6532969,39644,Heather Wright,Adrian57@gmail.com,9753057806
2674374,70343,Andrew Bennett,Robert20@gmail.com,4176057254
3601707,18253,Richard Cooper,Mario77@gmail.com,1824665607
6593591,46474,Curtis Marshall,James68@gmail.com,7932482918
3000362,15467,Francisco James,Rachel61@gmail.com,2305228868
5334733,64386,Matthew Torres,Stephen88@gmail.com,7775901239
9561163,15107,Kenneth Harper,Kimberly3@gmail.com,4352168344
1268375,71890,Bradley Clark,Beth53@gmail.com,5510150929
2181665,96341,Jennifer Lozano,April74@gmail.com,1675952615
5598853,30799,Kristina Sosa,Roy92@gmail.com,7948152867
8061762,92605,Mrs. Jennifer Douglas MD,Becky100@gmail.com,5500154011
,46175,Amanda Gardner,Bobby11@gmail.com,9409382477
3957203,16464,Kyle Brown,Brian36@gmail.com,3775520743
7069391,54896,Rebecca Foster,Sean73@gmail.com,4144293639
1483577,84656,Kathleen Daniels,Samantha52@gmail.com,5091516102
5728797,37516,Michael Nelson,Brittney15@gmail.com,5806103606
7422974,45369,William Christensen,Angelica91@gmail.com,9679675884
7018277,16875,Joshua Joyce,Colleen78@gmail.com,9025209111
5888405,67251,Savannah Wallace,Kelly61@gmail.com,9957170738
5061836,59455,Carrie Guerrero,Brad37@gmail.com,2614963953
4132324,64741,Kyle Burgess,John49@gmail.com,1225288728
4874986,49567,Terry Martin,Andrew25@gmail.com,2392466866
2647969,28734,Jason Barber,Sarah10@gmail.com,9687972676
4009229,12407,Gabriela Lawson,Andrew83@gmail.com,6272838798
2462705,20633,Heather Jimenez,Ronald98@gmail.com,7779920244
3534744,32033,Linda Campbell,Hannah100@gmail.com,7813394502
9139843,42972,Kim Harvey,Elizabeth3@gmail.com,2626316660
2405772,16765,Nicole Smith,James42@gmail.com,4070428449
6911764,89233,Margaret Hernandez,Kathryn100@gmail.com,2460953104
1816217,48277,Allison Thompson,Anthony70@gmail.com,7483111879
6992329,28682,Monica Caldwell,Michael74@gmail.com,8544149856
1616361,96038,Joanna Simmons,Cassandra27@gmail.com,8662891676
7007667,23033,Patricia Conner,Michael79@gmail.com,8876350221
4255159,79097,Pamela Stein,Ashley86@gmail.com,6481080545
1748860,55547,Heather Mcpherson,Peter98@gmail.com,6302591433
3068555,15495,Mary Shepard,Amanda36@gmail.com,6395613363
8909748,88347,Courtney James,Whitney59@gmail.com,6527543807
2110482,90553,Christian Cole,Annette67@gmail.com,4718038421
9356108,60926,Kelly Hahn,Jason39@gmail.com,4380767948
1458157,20029,Kelsey Smith,William20@gmail.com,7292295429
9722783,10300,William Taylor,Vickie22@gmail.com,2918123128
1209710,53218,Sara Rios,Richard56@gmail.com,6533051478
5512413,48928,Carol Simpson,Marcus95@gmail.com,4687624649
8751903,73556,Meghan Spencer,Timothy2@gmail.com,4811251285
5583106,36577,Marissa Hill,Brian73@gmail.com,9093778230
6019013,52278,Robert Ross,Anne98@gmail.com,3133873669
5688507,68270,Linda Price,Jaime18@gmail.com,8357576895
4512507,55469,Molly Torres,Jacob86@gmail.com,3939428078
1400480,77542,Kim Turner,Daniel22@gmail.com,4373676363
5328138,18527,Heather Watkins,Allison74@gmail.com,8354113866
5579817,40331,Denise Baldwin,Jason69@gmail.com,7217106258
7450536,44277,Katrina Johnson,William22@gmail.com,1018864497
7768986,94188,Mrs. Katie Buckley,Alexandra16@gmail.com,8186567046
9907484,69298,Nancy Reynolds,Jenna84@gmail.com,6472223634
5611245,84570,Katherine Davis,Danielle61@gmail.com,2794099177
3054321,64093,Jonathan Hoffman,Lance60@gmail.com,8657756183
5247984,63422,Tammy Wang,Jason24@gmail.com,5662627242
1045643,87926,Jack Francis,Peter80@gmail.com,8632037909
2641759,46869,Andrew Livingston,Kelsey54@gmail.com,5346263012
3548106,87924,Rodney Kent,Kristen68@gmail.com,9604836645
9394666,45063,Jonathan Navarro,Michael60@gmail.com,8806407678
8075546,39001,Clinton Fernandez,Shawn49@gmail.com,3236317675
4731397,99646,Megan Taylor,Jeffrey44@gmail.com,9549208704
5780067,14570,Elizabeth Lopez,David67@gmail.com,8358891196
9261106,93518,Charles Lane,David15@gmail.com,2384518495
4311150,75405,David Robinson,Bryan62@gmail.com,2670415258
9165516,62573,Amy Martin,Andrew55@gmail.com,4389156850
9616422,41832,Mark Branch,Robert88@gmail.com,1103018930
4864048,82084,Edward Barber,William89@gmail.com,7418969647
7443181,92820,Michael Kemp MD,Melissa77@gmail.com,7565958081
2852119,50194,Lori Brown,Eric5@gmail.com,2999548873
9071414,79549,Jacqueline Roberts,Carolyn15@gmail.com,1900348677
7362376,11769,Debra Flowers,Brittany63@gmail.com,4777696857
7953625,72095,Tracey Brown,Travis86@gmail.com,8251141444
6126130,39473,Jessica Gonzalez,Greg53@gmail.com,7951614986
5851548,55013,Anthony Robbins,Melissa94@gmail.com,7485416170
8071559,34679,Paula Wilkinson,Kelly77@gmail.com,6712235655
7366759,66598,Katherine Wolf,Johnny5@gmail.com,4243750308
6761746,19591,Mrs. Kelly Gardner,Jason77@gmail.com,4200323576
5364922,36464,Cynthia Hill,David47@gmail.com,8020411236
4858857,66671,Kenneth Yates,Daniel55@gmail.com,9751954118
7982415,15299,Casey Stanley,Julie34@gmail.com,7533020381
1241148,37310,James Mitchell,Jeffrey79@gmail.com,7414940724
1835387,77699,Amy Smith,Christine35@gmail.com,6633995321
5575927,57817,Mary Hernandez,Gregory36@gmail.com,1755487857
8105521,16888,Derek Finley,William37@gmail.com,3267949480
4734741,64051,Elizabeth Silva,Natalie12@gmail.com,1024117343
4674490,55640,John Williams,Anthony12@gmail.com,9775925877
7262764,13864,Tammie Murray MD,Samantha83@gmail.com,6626243187
3275906,42685,Jenna Pitts,Julia48@gmail.com,8010790967
9145696,20593,Eric Young,Maria8@gmail.com,5413674239
2362480,78499,Edgar Lucas,Aaron77@gmail.com,7818961559
1679264,27723,James Jensen,Martha71@gmail.com,6258994692
5910851,89168,Christopher Hensley,Joseph56@gmail.com,5413744547
5198379,81290,Amy Carroll,Sandra62@gmail.com,8868035573
3020951,74790,Ariana Meyer,Joann81@gmail.com,8491081573
2456016,16280,Bryan Odonnell,Ronald2@gmail.com,7931597488
8674210,27874,Christina Adkins,Louis84@gmail.com,2257519817
5968509,23601,Fred Vaughn,Gregory14@gmail.com,1373660018
3497679,54815,Brian Jackson,Kevin91@gmail.com,6105061014
1668012,68427,Savannah Hart,Amanda2@gmail.com,7130118957
6082833,85012,Christopher Hood,Danny81@gmail.com,1483972907
4698258,60805,Edward Hampton,Roy71@gmail.com,1732498173
1637084,98765,Rodney French,Rachel14@gmail.com,1822534523
8990511,27141,Matthew Thompson,Robert14@gmail.com,5174290931
6213934,70413,Logan Curtis,Charles45@gmail.com,9490732933
5275774,18661,Jill Sanders,Benjamin46@gmail.com,2219907249
3533487,85361,Barbara Patrick,Aaron34@gmail.com,8501862449
5775181,34405,James Fields,Lauren48@gmail.com,6637462778
8075948,14027,Heather Davidson,Cheryl53@gmail.com,1916446715
5941473,21706,James Oconnor,Amy85@gmail.com,1548788027
6562669,32235,Phillip Watkins,Melissa85@gmail.com,1357357843
5168651,60203,Norma Lloyd,Kimberly24@gmail.com,9685310824
7039828,85418,Matthew Ortiz,Mary53@gmail.com,9190791953
8395903,69220,Jonathan Stanley,Jonathan4@gmail.com,3361979310
4835137,33766,Terry Mccann,Katie9@gmail.com,4121182701
8185067,28782,Jake Rodriguez,Mary79@gmail.com,6122387254
5897781,69010,Christina Dixon,Curtis38@gmail.com,7714941339
7735017,57425,Timothy Evans,Michelle24@gmail.com,3912605993
3527750,23348,Michael Stone,Timothy66@gmail.com,5450524667
7600493,85198,Christopher Sexton,Jose68@gmail.com,7722314271
2820810,54116,Jason Hicks,Patricia72@gmail.com,5895273841
7327183,82275,Brenda Barnett,Jo12@gmail.com,2225625414
2601028,69935,Crystal White,Renee49@gmail.com,8211083081
8358627,68362,Kyle Galloway,Parker99@gmail.com,8228018055
7904710,50065,Christine Taylor,Lisa19@gmail.com,9112990892
7673044,38945,Marcia Garcia,Matthew95@gmail.com,9846191782
9677981,70984,Roy Hernandez,Elizabeth13@gmail.com,5932160223
7318336,62369,Sara Ramos,Jessica25@gmail.com,8501479644
6875632,93957,Belinda Adkins,Kayla23@gmail.com,7082661060
1002568,81763,Andrew Frank,Kim73@gmail.com,1317645848
8654447,79092,Melissa Thomas,Chase77@gmail.com,1041027191
2998170,27707,Faith Rojas,Brenda49@gmail.com,4079609472
8304457,18975,Holly Morris,Sherri35@gmail.com,9182394072
1030826,89314,Cynthia Miller,Teresa18@gmail.com,3032948334
3130195,79825,Christopher Moore,Leon27@gmail.com,5892950471
6227853,11120,Brandon Gibson Jr.,Michael92@gmail.com,4430387573
7117415,80083,Alyssa Martin,Joshua80@gmail.com,1533872398
5452636,36976,Alejandro Garcia,Zachary54@gmail.com,9928580130
4146108,35993,Kristina Hunt,Jared44@gmail.com,4508758698
2634037,40208,Robert Hayes,Lindsay75@gmail.com,3740191926
5011391,42739,Mark Hall,Michele80@gmail.com,7498038521
4495271,17666,Dr. Sarah Foster,Jennifer16@gmail.com,3419911572
2839526,55231,Brandi Davis,Robert8@gmail.com,1733599011
3326454,53555,Evan Parker,Amanda52@gmail.com,9322879962
4674136,71715,John Harvey,Cynthia54@gmail.com,4466553399
8914509,97683,Tracy Rivers,Thomas80@gmail.com,4092645861
8970305,61888,Olivia Wood,Edgar48@gmail.com,6571730793
3752641,32034,Brandon Anderson,Judy77@gmail.com,9263079581
6622217,14259,Daniel Davidson,Benjamin21@gmail.com,7057571358
5735566,93868,Jonathan Bentley,Diana81@gmail.com,6307679076
6737548,65303,Debra George,Sheryl30@gmail.com,6450352362
7819094,90808,Aaron Harris,Kevin31@gmail.com,7988155767
8764067,47270,David Collins,Heather78@gmail.com,1243334125
9922273,16275,Ryan Melton,Ryan17@gmail.com,3219560491
1093606,12698,Regina Johnson,Richard77@gmail.com,5766808182
7987908,63371,Sarah Robinson,Jennifer44@gmail.com,7643364385
9427977,15736,Gina Hernandez,James82@gmail.com,6388134322
4289216,98265,Crystal Wright MD,Crystal83@gmail.com,1114808885
4868523,10180,Margaret Sutton,Shawn83@gmail.com,4544264645
2327914,82900,Daniel Young,Ryan61@gmail.com,7398215366
2233008,91797,Travis Griffith,Emily24@gmail.com,6683867285
6254748,27990,Victoria Long,John52@gmail.com,2802386479
4353123,31894,Mr. Benjamin Thomas,Kelly76@gmail.com,6723698001
8882372,77480,Sara Bell,Destiny56@gmail.com,9246729411
1887502,19735,Nicole Preston,Robert41@gmail.com,8673472848
9749960,36837,Alexander Lynch,Crystal80@gmail.com,2942734015
1830935,60413,Angela Foster,Vincent97@gmail.com,7947919308
4620649,91806,Laura Williams,Caitlyn83@gmail.com,1211912879
1603617,89690,Elizabeth Foster,Jennifer12@gmail.com,3643648121
5400054,47914,Anthony Kaufman,Amanda52@gmail.com,8131410430
3883730,99932,Erik Chavez,James20@gmail.com,3329865650
3092036,72630,Karen Peters,Jenny18@gmail.com,8596098001
1617471,28498,Jeffrey Daniels,Joan80@gmail.com,7745181697
6160747,14379,Adam Coleman,Robyn62@gmail.com,9173264748
1741654,14866,Theresa Smith,Julia58@gmail.com,2430331433
6187278,41384,Walter Barrett,Alyssa40@gmail.com,6267089205
7823293,57061,Michael Cook,Brandon10@gmail.com,6968722711
3590415,26075,Vickie Atkinson,Jason10@gmail.com,2480822261
4008689,47804,John Kane,Stephanie67@gmail.com,6814776308
7430102,10646,Sherry Harrison,Cynthia87@gmail.com,1562447805
9092224,84208,Tanya Willis,Daniel35@gmail.com,5190965926
8550980,62611,David Johnson,Whitney33@gmail.com,1135464713
3210236,51179,Frank Woods,Chris46@gmail.com,3428721529
4087292,73187,Margaret Hutchinson,Michael61@gmail.com,9588490765
1020137,27857,Lawrence Davila,Nicholas58@gmail.com,2026872042
8157155,46770,Monique Chang,Kevin77@gmail.com,4617728051
5467262,89144,William Franklin,Zachary77@gmail.com,2813558376
2649709,45459,Benjamin Smith,Eileen21@gmail.com,1234624026
7283428,33429,Kathryn Johnson,Steven58@gmail.com,8203274360
9751607,63639,Bailey Sanders,Tammy75@gmail.com,9835282700
1550167,84616,Mrs. Amy Schmidt,Gail29@gmail.com,1572215008
5856728,99387,Suzanne Murillo,Amy57@gmail.com,8448128342
9555564,84031,Amy Hall,Jacob83@gmail.com,1976525690
1737035,24739,Jennifer Kirby,Wanda72@gmail.com,9081967641
1211638,92796,Brittany Webb,Donna89@gmail.com,3719900377
9572430,96722,Brian Johnson,Ronald94@gmail.com,1752907731
7488711,87008,Lisa Lee,Stephanie68@gmail.com,9197375659
5374624,85676,Ruth Berry,Carl15@gmail.com,2319885765
1001278,52775,Richard Cunningham,Maria90@gmail.com,3966044206
3597780,34459,Victoria Fitzgerald,Mark54@gmail.com,4367127375
5451028,84699,Kenneth Smith,Jared59@gmail.com,4321710953
1748357,78008,James Owen,Michael39@gmail.com,6286066939
7804710,68249,David Johnson,Kimberly63@gmail.com,2877938162
2719259,79374,Erica Jenkins,Sean63@gmail.com,2353539469
7409744,90427,Laura Butler,Arthur93@gmail.com,1415898319
3576043,51790,Ruth Martin,William6@gmail.com,8181779286
8136864,77932,Michael Carr,Carla78@gmail.com,9199056019
1831540,27954,Richard Robertson,Tiffany26@gmail.com,6545575590
7359252,73361,Crystal Wise,Shane36@gmail.com,1370922363
6804549,74640,Trevor Munoz,Cassandra61@gmail.com,6728276687
5896060,20246,Elizabeth Hawkins,Christopher69@gmail.com,9100070824
1833083,88764,Christopher Bowers,Jason33@gmail.com,7554442157
7573520,52214,Robert Diaz,Donna62@gmail.com,9568874056
9226404,82185,Donald Mccarthy,Tina45@gmail.com,9136201587
3682399,99416,Michael Hernandez,David47@gmail.com,3299371880
7263104,13400,Jessica Porter,Isaac49@gmail.com,1234887565
4564053,48340,Sean Graves,Heather9@gmail.com,3660982984
1937916,25541,Bryce Smith,Bradley44@gmail.com,3497134596
1772932,75471,Jessica Cantu,Elizabeth71@gmail.com,2906053930
5825933,80858,Renee Russo,Kenneth100@gmail.com,9761142066
7784348,77057,Johnny Hogan,Kayla99@gmail.com,5549852262
9539890,82122,Johnny Fernandez,Nancy90@gmail.com,9797114086
2561951,93740,Julia Bolton,Stacey66@gmail.com,8236353721
6582960,16013,Gail Sandoval,Miranda73@gmail.com,9623532534
9788903,31498,Janet Fox,Nicholas96@gmail.com,3059892102
9247962,11121,Kathleen Williams,Tiffany100@gmail.com,8695114591
2004311,35563,Gregory Wang,Tracy81@gmail.com,6045837249
7098586,75476,Joseph Simpson,Brandon20@gmail.com,6512356705
5220888,72369,Michael Lee,April74@gmail.com,9062493394
4117374,22955,Christine Lee,Brent72@gmail.com,5699465118
4593705,85744,Jeff Henderson,Jessica30@gmail.com,6608058975
9578528,48614,Erik Merritt,Jessica80@gmail.com,3989120101
5085089,17202,Emma Morgan,Dawn94@gmail.com,2481767437
7027102,93632,Wendy Bailey,Kristen32@gmail.com,9952464072
8015734,79694,Diana Bryant,Andrew30@gmail.com,4615247687
3035810,38868,Bradley Payne,David66@gmail.com,5125217060
8250837,44965,William Davis,Maureen41@gmail.com,8602973844
6949438,23721,Matthew Howard,Rebecca93@gmail.com,9549744200
1556688,47581,Jennifer Ortiz,Brandon48@gmail.com,9080985095
7393941,60351,Dr. Brian Bailey,Amanda90@gmail.com,7796327491
6975854,77325,Michael Vargas,Vincent75@gmail.com,1115204876
2547854,55685,Mrs. Mary Davis,Nina68@gmail.com,2475945531
4209482,46464,James Mccall,Yolanda9@gmail.com,4562271921
3461610,81367,Kimberly Morgan,Rebecca71@gmail.com,7444713027
2724353,39410,Paul Payne,Taylor16@gmail.com,4056349993
8742223,88046,Michelle Bell,David73@gmail.com,9825872709
6102954,85322,Victor Smith,Kathy49@gmail.com,3084885190
4190241,43125,Mary Palmer,Katie26@gmail.com,3269516258
1409596,30751,Jill Wagner,Sabrina81@gmail.com,1498366467
4908718,18494,Gary Mitchell,Jessica76@gmail.com,8062291600
7860450,46140,Wanda Pineda,Tammy37@gmail.com,9550316560
2329828,63278,Craig Warren,Scott75@gmail.com,6072230674
5735251,43130,Nichole Nguyen,Glenda6@gmail.com,8022965677
8908866,70896,Kristin Barnes MD,Daniel60@gmail.com,8023987720
1701168,52132,Vanessa Miles,Mark54@gmail.com,4241917354
9017973,37487,Sharon Sanders,Christina16@gmail.com,3115212300
7065882,63702,Thomas Rodriguez,Rita58@gmail.com,9802809928
2311187,12072,Martin Whitaker,Melissa39@gmail.com,5669268985
1694195,27269,Timothy Castillo,Amanda21@gmail.com,8867179567
7600136,23324,Abigail Jensen,Anthony41@gmail.com,2403360905
7227994,77669,Mark Hines,Robert13@gmail.com,2711155354
2691983,52813,Mrs. Shirley Carter,Valerie46@gmail.com,6050277731
1675020,56203,Xavier Johnson,Christopher67@gmail.com,6845837595
3410750,62987,Michael Koch,Samantha38@gmail.com,1313170577
3513003,84305,Jeffrey Chen,Justin12@gmail.com,2155786633
6831222,55329,Donald Barker,Ryan18@gmail.com,8511593287
6132268,77596,Elizabeth Olson,Carl96@gmail.com,6837114189
3796952,34211,Daniel Vargas,Emma37@gmail.com,6920421927
5914183,37564,Donna Campbell,Kylie24@gmail.com,1559968558
7426755,77098,Laura Russo,Ronald3@gmail.com,6858315593
8563956,50607,John Schultz,Barbara92@gmail.com,6388279428
1353771,88236,Shannon Burgess,Bianca50@gmail.com,8336232848
4073448,40565,Anne Lee,Thomas79@gmail.com,7756039248
7037897,94932,John Schmidt,Brad70@gmail.com,7830109087
7375814,92470,David Allen,Danny57@gmail.com,4313783681
9004298,28238,Melissa Rivera,Philip3@gmail.com,2029079611
8646893,95122,Jessica Conley,Paul58@gmail.com,1019410907
9628048,95138,Mr. Joe Bailey,David57@gmail.com,7372957823
4432602,33855,John Rice,Mark42@gmail.com,1375469230
7614857,47501,Jennifer Cooper,Michael49@gmail.com,1382802604
5989534,40078,Natasha Johnson,Patricia27@gmail.com,2451379489
9702292,70322,Joel Stone,Joanna75@gmail.com,3698780280
2862044,30049,Glenn Smith,Amanda97@gmail.com,2213379625
9560275,25453,Ashley Coleman,Deborah12@gmail.com,6500771146
7779727,24158,Jonathan Kelly,Wyatt97@gmail.com,7348441328
8513565,21338,Wendy West,Steven23@gmail.com,7627105814
7881324,82856,Jonathan Jones,Melinda14@gmail.com,7917015091
5392522,16212,Natasha Harvey,Jose88@gmail.com,3661439189
8889918,12926,James Maddox,Nicole37@gmail.com,5616644429
9454115,79501,Ryan Newman,Jeremy33@gmail.com,8986840377
8891317,36595,Joshua Lee,Mark47@gmail.com,8969112809
1005736,82714,Cheryl Martinez,Anthony76@gmail.com,7893956571
1808517,48446,David Gallagher,Colleen47@gmail.com,3897860234
5100353,32476,Tiffany Parks,Anthony26@gmail.com,5518444797
1073242,29402,Gabrielle Gutierrez,Andrew4@gmail.com,9282676400
2095084,43534,Christopher Bryant,Cindy24@gmail.com,8603972415
1083485,80001,Jesus Miles,Christopher14@gmail.com,3092972008
7102270,64410,Reginald Garcia,Antonio9@gmail.com,2078491391
4567900,92758,Gail Bender,Kayla61@gmail.com,1367495326
6686113,55420,Heather Allen,Cody28@gmail.com,5940304569
7503261,63868,James Oliver,Ashley86@gmail.com,2697078477
8511120,89078,Patricia Gardner,Justin82@gmail.com,9878784205
2891410,14700,Timothy Martin,Jeremiah67@gmail.com,3701683418
1087966,55652,William Barnett,Megan12@gmail.com,1473123576
3227329,55251,Whitney Garcia,Barbara45@gmail.com,6408425272
9650524,62182,Charles Alexander,Melissa13@gmail.com,6581732777
2619412,91643,Robert Estrada,Lisa77@gmail.com,4828530430
3935816,55696,Brianna Mckenzie,Michael26@gmail.com,5903160835
6224649,52361,Victor Giles,Jennifer45@gmail.com,3571617592
2019621,34267,George Mills,Perry53@gmail.com,4592983979
3094372,21132,Marie Osborn,Dwayne58@gmail.com,2250864389
4269283,23307,Douglas Middleton,Andrew73@gmail.com,3030281270
1866356,87990,Alejandro Giles,Linda58@gmail.com,4733148606
6150083,38531,Kevin Gallegos,Eric55@gmail.com,3745553501
8689710,90827,Jessica Castro,Bailey61@gmail.com,1412033475
4721233,30136,Anthony Blair,Jacob72@gmail.com,4738818791
7572026,33308,Adrienne Khan,Brandon44@gmail.com,4461679636
3429729,47398,Angela Brown,John90@gmail.com,5352166889
7382541,81961,Lisa Hunter,Cameron100@gmail.com,5255783090
3334163,18220,Jeffrey Jacobs,Michael78@gmail.com,9729882108
9875042,11791,Philip Wilson,Megan37@gmail.com,5038863711
3825981,27451,Michele Acosta,Steven99@gmail.com,9446385761
3550361,96598,Terry Garcia,Donna81@gmail.com,5522758346
5219756,19259,Jared Mann,Douglas57@gmail.com,8883442278
6160596,99842,Patricia Webster,Jeremiah67@gmail.com,6362220033
5881593,82874,Amanda Perry,Todd37@gmail.com,3113062859
3387581,74043,Jacob Hernandez,Eric79@gmail.com,5108400354
8537795,59610,Lance Campbell,Olivia29@gmail.com,1771384903
9444060,55856,Linda Reed,Jill41@gmail.com,3981390467
5006881,62177,Alex Floyd,Joe29@gmail.com,2273451230
7911293,80173,Edwin Moore,Jacob20@gmail.com,8433027372
1233898,51806,Kenneth Lawrence,Stanley98@gmail.com,7390825153
6770146,50577,Cindy Richards,Lori25@gmail.com,4534824499
4537392,31255,Richard Le,Ariel43@gmail.com,4582848039
8868962,74816,Hannah West,Hannah43@gmail.com,6537463356
3421586,49667,Sandra Blackwell,Charles32@gmail.com,1161688833
6551437,87448,Stephanie Wright,Travis98@gmail.com,8459039382
8689520,94959,Michael Henson,Christina49@gmail.com,3564455818
4255900,34874,Stephen Shepherd,Brian56@gmail.com,2298440237
3033751,32700,Matthew Holland,Manuel13@gmail.com,5395209306
4550243,87042,Elizabeth Galvan,Karen3@gmail.com,6525437228
1019014,,Carrie Medina,Jonathan55@gmail.com,7845687754
7199388,99166,Henry Carter,Darius42@gmail.com,1814727493
9065187,64864,Joshua Blair,Samantha28@gmail.com,2273044035
2409218,71741,John Chandler DDS,Michael12@gmail.com,9746064478
7473360,25917,Dawn Stevens,Jamie17@gmail.com,6028828185
2663508,56625,John White,Thomas12@gmail.com,6963206819
7741880,30256,Kenneth Pittman,Bernard30@gmail.com,8274477588
4128867,92887,Ernest Jones,Benjamin55@gmail.com,2223968385
3807127,91997,Colin Blankenship,Heather6@gmail.com,2168485096
4780632,11989,Susan Miller,Jonathan26@gmail.com,6060848953
5419664,42513,Donald Haney,Dalton86@gmail.com,4679278886
7988572,25050,Pam Spencer,Jessica90@gmail.com,5737311884
8215524,46341,Russell Palmer,Cory81@gmail.com,5187067207
6309959,92677,Sherri Horton,Amber12@gmail.com,3761430779
3896007,64260,Michael Haas,Timothy86@gmail.com,7026990005
1892184,92602,Andrew Martinez,John47@gmail.com,3195752451
4807993,33439,Stephen Odonnell,Olivia16@gmail.com,3203467622
8709596,40279,Alejandro Romero,Heather41@gmail.com,6384894135
9290708,58571,Melanie Richard,Jeffrey4@gmail.com,1597621440
2724427,16417,Elaine Fisher,Emily69@gmail.com,8696418838
5528406,50688,Summer Parrish,Philip22@gmail.com,1117944363
5751517,53514,Joseph Wilkinson,Paul77@gmail.com,3374856254
9252481,31142,Christopher Douglas,Michael8@gmail.com,5738310444
4645062,97772,Kayla Brown,Robin71@gmail.com,3611311520
6850814,99002,Marilyn Wiggins,Mary53@gmail.com,6477411514
9678924,89731,Meghan Larsen,James100@gmail.com,3363935422
4263946,67355,Mitchell French,Stephanie30@gmail.com,1415189858
5300145,63338,John Larson,Jody100@gmail.com,6037702046
1491917,56952,Sarah Peters,Kyle49@gmail.com,3792294002
5498788,56729,Amanda Peters,Jonathan37@gmail.com,1805166939
1261466,98706,Lindsey Wolfe,Catherine11@gmail.com,2521079151
3630119,11536,Brenda Mclean,Lisa31@gmail.com,7159917058
9984415,16687,Andrew Carpenter,David9@gmail.com,1973039893
2041287,59994,Christopher Oconnell,Michelle92@gmail.com,7438495835
8570309,13798,Beth Christensen,Julie20@gmail.com,8499686322
5379100,44961,Andrew Hogan,Robert75@gmail.com,5291645988
1335633,66234,Xavier Clayton,Christopher31@gmail.com,4154401952
7630583,47971,Dana Sandoval,Amy74@gmail.com,7268863074
7643890,16418,Cynthia Rice,Dustin97@gmail.com,4042544450
3860220,41288,Sharon Mack,Antonio43@gmail.com,1602888760
5636124,33472,Joshua Hall,Emily27@gmail.com,8286978989
6491091,53313,Leslie Calhoun,Shannon7@gmail.com,9125074819
5245000,51144,Gordon Davies,Steven73@gmail.com,3199357061
3537916,58923,Yvonne Mclaughlin MD,Hannah58@gmail.com,3587661260
8614914,75866,Angel Morales,Danielle39@gmail.com,7191234611
4393237,91204,Dana Lee,Lauren10@gmail.com,6566866182
7989214,80051,Donald Reynolds,Christopher81@gmail.com,7120934213
9341705,19233,John Porter,Michael22@gmail.com,5451824224
3052856,72948,Trevor Jensen,Lori86@gmail.com,2069720317
3160163,20795,Christopher Garcia,Ronald85@gmail.com,9924908335
7303081,88899,Anthony Jones,Stephanie29@gmail.com,1453727845
8166413,11695,Malik Davis,Jacqueline100@gmail.com,4021287570
5219752,38050,Christopher Phillips,Melanie36@gmail.com,2747236531
9655746,18252,Patrick Frazier,Cristina40@gmail.com,6221060936
4224498,59889,Andrew Reed,Robin21@gmail.com,8231285971
7125694,76130,Dr. Justin Mitchell,Michael11@gmail.com,7122370581
5666181,52530,Tammy Ibarra,Christy81@gmail.com,6708625957
3649053,94957,Trevor Bailey,Benjamin1@gmail.com,6237432531
6357444,79555,Jeffrey Alexander,Phillip8@gmail.com,8639517873
5848496,42436,Christina Kim,Roger15@gmail.com,5647867613
4301926,39180,Hunter Nelson,Craig95@gmail.com,1574783587
7958774,41408,Kristen Mills,Carlos2@gmail.com,7388855131
2073584,92438,Gordon Hale,Tyler13@gmail.com,1265924006
2483257,14012,Alexa Jones,Brandon47@gmail.com,3036828247
4606183,35556,Jared Watson,Lauren10@gmail.com,9898671044
4436157,26006,Richard Higgins,Denise78@gmail.com,2978337347
9317748,97236,Shannon Yu,Melvin44@gmail.com,2770237596
5782818,91796,Deborah Porter,Richard16@gmail.com,6440285288
5403317,30895,Jason Wright,Jennifer52@gmail.com,5180728852
3018578,97721,Larry Rhodes,Jeff73@gmail.com,6712282919
1375685,89737,John Beck,Timothy9@gmail.com,1423591771
6280317,72070,Maria Davis,Lynn82@gmail.com,8740691622
1287988,14431,Elizabeth Bennett,Robert75@gmail.com,1792075074
8650722,66920,Christopher Baker,Sonya17@gmail.com,3453142293
8802948,22741,Jennifer Lewis,Emily5@gmail.com,2141132075
9563937,48595,Madeline Rangel,Kathryn89@gmail.com,1216559609
3017143,68607,Thomas Hernandez,Penny42@gmail.com,5463521761
8359924,63345,Robert Morrison,Nathan43@gmail.com,6701535311
7969616,63178,Alan Morgan,Scott60@gmail.com,5915264341
9666805,73835,Jacob Cisneros,Linda5@gmail.com,8638291806
5373822,88329,Timothy Melendez,David87@gmail.com,4504808602
3358552,50237,Monica Reilly,Tara65@gmail.com,3310450532
6465490,85018,Melissa Massey,John71@gmail.com,1971994482
6780054,46713,Katelyn Spencer,David11@gmail.com,4734497747
3302526,82347,Christopher York,Taylor6@gmail.com,8172924740
8089619,75638,Jessica Shields,Lauren29@gmail.com,7743176255
9873177,94129,Hannah Dennis,Brooke46@gmail.com,6356713078
9250281,66420,Jill Tucker,Megan65@gmail.com,7712429311
9356441,74263,Randy Porter,Marcus15@gmail.com,2425956183
3209540,33720,Joseph Bowen,Kristin55@gmail.com,7053094597
2697631,18513,Steven Walker,Tyler91@gmail.com,2699789593
9437777,18294,Michael Kirby,James68@gmail.com,7696818206
4256227,30257,Miguel Moore,Shannon100@gmail.com,1557629949
5245880,34756,Keith Fernandez,Robert37@gmail.com,8302625514
2665230,51203,Matthew Hines,Whitney11@gmail.com,9748855126
6024539,93641,Edward Neal,Louis10@gmail.com,1269596444
6684857,30552,Jacqueline Brown,Joseph25@gmail.com,1912525289
5665491,70008,Matthew Jones,Darryl63@gmail.com,6299554366
2220148,79332,Holly Hawkins,Stacy23@gmail.com,7735024985
9442500,10374,Scott Nichols,William86@gmail.com,1176826269
3621002,65461,Thomas Osborne,Ryan91@gmail.com,8078320799
1613407,21468,Matthew Hopkins,Rachel63@gmail.com,2768590169
1523927,13274,James Taylor,John28@gmail.com,2512046719
3310166,88290,Julie Walton,Jessica57@gmail.com,3863660380
6873698,81161,Jamie Abbott,Tiffany84@gmail.com,1080495394
2431300,52593,Angela Jacobson,Stacey96@gmail.com,7025216395
6522598,84231,Diane Callahan,Jeffrey73@gmail.com,6091960518
7643096,23979,Brian Skinner,Amanda28@gmail.com,2572743621
9669614,58890,Brandon Martin,Meghan31@gmail.com,2685058311
1210747,29201,Emily Johnson,Mark53@gmail.com,1226859749
3029696,88074,Nicole Hubbard,Rachel1@gmail.com,3116329233
5520214,17571,Hannah Wheeler,Carmen75@gmail.com,2797821052
6436820,17359,Garrett Smith,Lisa81@gmail.com,6481045943
7163149,64052,Catherine Moore,Andrea63@gmail.com,4445997521
4471047,86880,Misty Thomas,Elizabeth56@gmail.com,3070865151
8135975,97802,Joseph Green,Marco100@gmail.com,7118733210
3800168,74994,Valerie Romero,Melissa50@gmail.com,1895376638
3975475,62729,Elizabeth Reid,Christopher12@gmail.com,5184303458
3792469,46136,Mr. Brian Hill,Melissa10@gmail.com,1132548393
5498554,16405,Nathaniel Byrd,Michael75@gmail.com,3864458391
9018870,99226,Alexandra Peterson,Sara21@gmail.com,3146759539
5965575,66044,Andrew Glass,William4@gmail.com,2314823654
5210196,73568,Erica Bradshaw,John2@gmail.com,6496695304
9364535,70234,Ashley Ramirez,Angel67@gmail.com,6599463361
7825030,68773,Timothy Mitchell,Christopher94@gmail.com,7903206785
8137087,89032,Katherine Turner,Jeremy69@gmail.com,5796330906
1214929,72927,Brooke Barton,Jennifer1@gmail.com,2081358863
3624295,23863,Nicholas Bryant,Kyle47@gmail.com,4985548233
7237266,87178,Emily Hernandez,Regina92@gmail.com,8941003225
3931910,74547,Regina Robles,Mark9@gmail.com,5245746366
5486057,71310,Paul Moore,Greg15@gmail.com,2574755880
1064420,45961,Sandra Fischer,Lauren81@gmail.com,8212137614
6210874,13728,Shelly Chen,Wendy91@gmail.com,7489521448
6958382,87712,Debra Miller,Elizabeth40@gmail.com,8929943052
1876754,48202,Ashley Gates,Karen51@gmail.com,3231736181
5856441,33889,Jennifer Gregory,Matthew27@gmail.com,5058069080
4509124,65680,Connie Henry,Tammy56@gmail.com,7106868559
9747182,82398,Michael Brooks,Brianna14@gmail.com,8362688941
2444307,37566,Laura Green,Ronald41@gmail.com,1519148270
5218918,64313,David Clarke,Brandon56@gmail.com,7384253943
3562433,91083,Connie Ballard,Robert36@gmail.com,4218681955
2748763,63220,Destiny Davis,Lynn49@gmail.com,8710026808
4536780,26896,Julie Allen,Shannon73@gmail.com,7418018569
4310878,22400,Kenneth Jensen,Robert72@gmail.com,7865350692
1603146,68468,Robert Gallagher,Dylan39@gmail.com,8361946424
6110106,84587,Marie Roberts,Adam52@gmail.com,4295116618
3870500,29285,David Bell,Aaron16@gmail.com,3923020764
1522844,51525,Sara Lee,Bradley95@gmail.com,5177397996
5082511,78867,Rebecca Jacobs,James25@gmail.com,9250975427
1248074,13555,Christina Hall,Matthew87@gmail.com,9805722036
8404389,13696,Jessica Tucker,Rachel99@gmail.com,7149009323
5398088,66891,Robert Grant,Linda1@gmail.com,4410195043
2192289,47519,James Holmes,Gregory16@gmail.com,2116635017
9170654,50923,Alexis Chavez,Michelle62@gmail.com,6618442541
5637403,15497,Joseph Norman,Dawn16@gmail.com,2728541940
3775393,97839,Andrew Watts,Lance86@gmail.com,1912198291
8344037,50417,Crystal Keith,Stephen1@gmail.com,4298829527
4275805,22953,Misty Jones,Christina3@gmail.com,5497287834
4305250,66973,Michelle Perez,John56@gmail.com,5394788818
6408303,27231,Katherine Baker,Elaine52@gmail.com,2743338793
7992889,46033,Erik Wallace,Lauren76@gmail.com,5040850205
5042134,27773,Brandy Kaufman,Philip36@gmail.com,7507906198
4454633,32133,Elizabeth Carter,Jacqueline60@gmail.com,7846181331
4376242,53307,Sonya Carter,Desiree51@gmail.com,6236141422
9694896,27221,Anthony Fernandez,Todd99@gmail.com,8430612477
3761851,90658,Margaret Haynes,Andrew22@gmail.com,1717488948
8683153,64012,Darrell Wiggins,Timothy97@gmail.com,6887159061
6667453,62525,Luis Moore,April4@gmail.com,1155082244
8515920,47917,Amy Owens,Steven27@gmail.com,5792664223
6113029,55123,Angela Wallace,Mary29@gmail.com,5873104379
2566346,33316,Marvin English,Patrick92@gmail.com,9935730057
9729462,12162,Mason Harris,Samantha62@gmail.com,1986612580
3554128,26221,Jessica Meza,Kristine73@gmail.com,9213926372
6909349,15542,Anna Barnes,Kimberly76@gmail.com,6838829507
4761006,69260,Grant Reed,Jeffrey41@gmail.com,1046970152
5147035,21076,Christopher Pineda,Jillian91@gmail.com,7992883187
3161333,85452,Kathryn Medina,Gail12@gmail.com,5840007949
4984263,77236,Dakota Gutierrez,Kathryn22@gmail.com,1268851713
5249185,97054,Alexander Richardson,Diane89@gmail.com,4537568703
4462947,60660,Whitney Turner,Donna69@gmail.com,5903616413
3473623,37093,Ronald Kaufman,Mark95@gmail.com,7870370765
2814682,26682,Daniel Silva,Jeffrey25@gmail.com,1358068648
9255802,73117,Sarah Henderson,Amy4@gmail.com,7640436818
2212431,67796,Lisa Thompson,Kenneth2@gmail.com,3565720297
5482440,65148,Hannah Leon,Zachary57@gmail.com,3425892336
9346773,47961,Michael Stevens,Joel20@gmail.com,5658126092
7090334,75265,Chris Norman,Samantha14@gmail.com,8942968525
2945245,10928,Jamie Stevens,Barbara61@gmail.com,2390457612
2708305,54273,Stephen Alvarado,Carmen48@gmail.com,6626847543
3608876,48863,Daniel George,Joel3@gmail.com,9970388187
5347700,49109,Steven Wilkins,Maria21@gmail.com,4259576129
1155416,95192,Yvette Cruz,Jeffrey54@gmail.com,9565548923
1635879,56770,Alexandra Roberts,William91@gmail.com,1052641584
1509867,70179,Victoria Mccarty,Bridget30@gmail.com,4231235481
9758684,35094,Mrs. Leslie Mejia MD,Thomas49@gmail.com,5471561969
6842968,48040,Lauren Jimenez,Lauren77@gmail.com,4682967422
9152950,22113,Michael Warren,William94@gmail.com,8440350599
1034380,88218,Scott Dominguez,Christine68@gmail.com,6997854019
4885437,83362,Kevin Lang,Cynthia16@gmail.com,9078139414
8160322,10140,Natalie Horton,Melanie83@gmail.com,5585989168
8272131,68943,Billy Vasquez,Jennifer38@gmail.com,5495224108
6591287,43244,Cindy Proctor,Ryan6@gmail.com,8289868849
3392332,32669,Mark Bell,Isabel40@gmail.com,5244252124
5896126,90547,Debra Powell,Sarah43@gmail.com,7813579639
8998329,19452,Paige Murillo,Kurt48@gmail.com,4884224816
7436820,97825,Jill Nielsen,Jeremy80@gmail.com,9307525790
2526812,43716,Kimberly Montoya,Samantha56@gmail.com,7844767175
8253839,78018,Peggy Perez,Isaac1@gmail.com,5977500607
9527691,28572,Dr. Justin Olsen,Alexander64@gmail.com,3137003743
7733567,90699,Brandon Lutz,Curtis6@gmail.com,4658803395
8965178,42558,David Scott,Kimberly48@gmail.com,7550347558
7994887,65811,Adrian Shaw,Julia86@gmail.com,5602073937
9382837,85038,Joshua Hernandez,Crystal65@gmail.com,2060920076
6113817,31000,Rachael Nelson,Robin3@gmail.com,7678432627
2420625,66829,Robert Phillips,Alexander48@gmail.com,7157909987
4309236,62836,Adam Thompson,Kevin47@gmail.com,9825557783
8888868,70887,Joshua Benton,Pamela63@gmail.com,6748735310
9219155,78401,Nancy Farmer,Robert4@gmail.com,6255685958
3250062,84796,Blake Burns,Michael18@gmail.com,7210588812
4608546,65871,Susan Adkins,James8@gmail.com,6517425489
7201677,18260,Troy Barron,Samantha73@gmail.com,5562299618
3884647,56033,Lisa Chambers,William9@gmail.com,4328778875
2344999,11063,Laura Smith,Melissa98@gmail.com,9264818810
4272805,24359,Tommy Mason,Jessica44@gmail.com,6958879598
9248346,80468,Mark Phillips,Cynthia18@gmail.com,1835556627
2464431,57772,Matthew Rivera,Jeremiah88@gmail.com,7939174140
3526465,81075,Drew Carroll,Stephen34@gmail.com,3917778949
1262661,42026,Molly Simon,Wendy50@gmail.com,7506274084
7889103,37536,David Olson,Chelsea68@gmail.com,5595896613
7497923,90095,Angela Byrd,Amanda54@gmail.com,2837027319
7075623,36500,Donna Jones,Wayne95@gmail.com,6064334716
9698944,33761,Austin Brown,Philip55@gmail.com,1621525129
8663297,69273,Nicole Robertson,Ryan52@gmail.com,1427163784
7942410,16416,Tara Guerrero,Robert97@gmail.com,1458045888
2818893,50734,Tim Quinn,Maria84@gmail.com,4552475559
5170714,55145,Anne Taylor,Barbara67@gmail.com,6664992223
9844474,62755,Ryan Salazar,Shannon99@gmail.com,7898727635
6421614,40728,Joan Nguyen,Nicholas66@gmail.com,3506454788
6739375,80868,Peter Everett,Christopher80@gmail.com,3051191035
5061560,67677,Claire Rodriguez,John84@gmail.com,9123694103
5797567,97379,Daniel Payne,Kevin55@gmail.com,2653242588
5703466,60341,Lisa Navarro,Emily68@gmail.com,2531272753
8874965,99355,Rebecca Stephenson,Peter5@gmail.com,8372742837
3937391,51067,Linda Wilson,Kyle25@gmail.com,9573172260
2939211,93646,Amy Robertson,Jennifer78@gmail.com,
3929675,60345,Anna Richardson,Michael17@gmail.com,1790617520
9355328,73972,Karen Carter,Adam92@gmail.com,2046668827
8412152,89346,Mason Daniels,John70@gmail.com,7760926968
6733915,41894,Stephanie Benjamin,Dana22@gmail.com,6818845085
5300327,18510,Caitlyn Williams,Michael29@gmail.com,7641155263
6808404,52077,Miranda Nielsen,Jack21@gmail.com,3107323284
5477048,64447,Jason Lee,Preston31@gmail.com,5453901947
1043974,57192,Melissa Hill,Yvonne88@gmail.com,6161125496
8451720,26466,April Benson,James92@gmail.com,3282656170
3924150,56040,Jeremy Strong,David53@gmail.com,6682642459
4217189,80346,Angela Harrison,Amber71@gmail.com,1048757631
3359708,10997,Cesar Bennett,Frank68@gmail.com,2197530799
4089827,83769,Tina Wang,Sabrina63@gmail.com,3870618731
2971581,51840,James Rivera,Jessica48@gmail.com,7440303220
4388587,33176,Troy Mcgee,William40@gmail.com,8004303829
3254166,62043,Dr. Joel Nguyen,Leslie82@gmail.com,5752684360
4196798,94777,Todd Meyers,Ashley70@gmail.com,8610514131
7976043,71360,Trevor Maynard,Michael87@gmail.com,6206637881
5343825,43215,Ricardo Valentine,Ashley38@gmail.com,2122630316
3661168,25600,Joseph Hancock,Mike29@gmail.com,3407218276
2023394,83148,Joshua Barton,Julie94@gmail.com,7165381770
2041116,61029,Kelly Miller,Victoria9@gmail.com,5457039716
8074589,40636,Erica Jones,Kelly11@gmail.com,1331325934
2694199,39234,Nicole Abbott,Collin90@gmail.com,2652798065
4316278,92767,Chad Jarvis,Carrie70@gmail.com,9611617942
9488073,10302,Michelle Gordon,Stephanie27@gmail.com,1916174483
2898176,80316,Amanda Goodman,Tonya99@gmail.com,9586487255
1593899,25439,Mary Sutton,Richard99@gmail.com,7001584479
1715012,17569,Ian Skinner,Jillian85@gmail.com,8753181098
5507478,41375,Jason Rodriguez,Robert28@gmail.com,6648880036
7669948,16648,Troy Cochran,Courtney40@gmail.com,5890914124
8415016,44922,Gloria Johnson,Julie47@gmail.com,5239023450
4285332,43979,Veronica Kim,Travis22@gmail.com,4002111542
2812491,84956,Angela Evans,Monique20@gmail.com,2494214365
3498894,56469,Bryan Morales,Melinda30@gmail.com,8519851283
4277716,85114,Roger Alvarez,Kimberly34@gmail.com,9600049718
5809457,85434,Steven Oconnor,Jennifer46@gmail.com,2950569531
1316925,61008,Michelle Burnett,Alicia43@gmail.com,7150593199
5950829,65897,Sarah Griffith,Terri89@gmail.com,9518191399
9526886,13430,Jennifer Smith,Kelsey41@gmail.com,6106811023
3038016,94878,Kenneth Baker,Rebecca14@gmail.com,2258074213
4921670,62903,Mr. William Morris,Dana87@gmail.com,5215639636
7612899,33543,Jared Walker,Ricardo24@gmail.com,1435700051
1532468,42138,Melissa Caldwell,Donald45@gmail.com,5359603116
7759837,55370,Andrew Smith,Donna92@gmail.com,1569858251
9013181,30873,Andrew Tran,Bruce17@gmail.com,6491460387
2575083,12359,Autumn Murphy,Judy57@gmail.com,2254163529
6117629,19389,Pamela Henry,Matthew86@gmail.com,3380192854
1618463,44772,Michelle Diaz,Erin36@gmail.com,6793277514
7929388,22169,Brendan Cruz,Cindy60@gmail.com,8316547532
2724501,49006,Jordan Johnson,Julia15@gmail.com,8110080349
2813573,33751,Michael Weiss,Pamela10@gmail.com,1478673758
3522275,37349,Leslie Logan,Catherine21@gmail.com,6713294272
3806649,58579,Elizabeth Hughes,Shelly29@gmail.com,3391739359
5093928,85424,Timothy Davis,Jennifer61@gmail.com,8765254791
5492493,99426,Christopher Rodriguez,Whitney65@gmail.com,1955254259
4071398,50778,Cristian Thornton,Robert73@gmail.com,4705873066
7831755,73554,Cindy Hunter,Vanessa52@gmail.com,2168139432
3435168,78678,Annette Ortiz,Martin20@gmail.com,6665279280
1730535,44245,Paul Allen,Courtney55@gmail.com,1245287721
4267407,16967,William Khan,Christy46@gmail.com,7725074649
8204249,22280,Kevin Jones,Renee76@gmail.com,2816443194
2612034,27191,Tina Taylor,Brandy100@gmail.com,3658348598
4615982,99964,Shawna Miller,Jennifer28@gmail.com,9567693066
3123716,24183,Nicole Hayes,William63@gmail.com,9792501165
9941719,23508,Paul Rodriguez,Andrea27@gmail.com,1582651844
3241381,24109,Chad Lindsey,Margaret56@gmail.com,6869630156
9729556,75786,Alejandro Fields,Isaac93@gmail.com,7125681696
2714433,91024,Michael Stone,Andrew70@gmail.com,8232180116
9844411,98007,Jacqueline Franklin,Jamie36@gmail.com,6456617015
9152702,47843,Joe Ingram,Juan77@gmail.com,2243496348
8850163,34300,Stephen Hickman,Bonnie3@gmail.com,7610296302
7359817,83047,Dylan Owens,Michael95@gmail.com,2302765565
1854471,81038,Eric Wheeler,Melissa21@gmail.com,5420427281
9296533,51663,Sandra Smith,Christopher21@gmail.com,8729569806
3416133,52971,Steven King,Robert48@gmail.com,5570496790
4420695,44157,Gregory Washington,Belinda22@gmail.com,2356191528
9205737,52238,Ruth Jones,Stephanie23@gmail.com,9914641353
1346176,51782,Brandon Salas,Michael64@gmail.com,2380609716
9317457,26161,Amber Mcguire,Brian41@gmail.com,9634763111
8938957,97498,Tonya Michael,Lori46@gmail.com,7844940805
9418280,58346,Tracey Taylor,Ashley49@gmail.com,1663425126
4339109,70506,Leah Jimenez,Kristin81@gmail.com,9843065884
5154536,74339,Jennifer Johnson,Gabriel27@gmail.com,9934638141
6813672,88637,Kevin Galloway,Lisa48@gmail.com,9473876051
9270447,26844,Michelle Shelton,Michael25@gmail.com,3290954136
9101278,39149,Frank Harrell,Cassidy20@gmail.com,6831492532
1711964,18399,Michael Harris,Joshua40@gmail.com,9686544392
4116811,90496,Edward Turner,Madeline85@gmail.com,8971885924
7420529,79456,Kristen Phillips,Marc78@gmail.com,6125499978
9974942,57998,Krystal Miller,Michael5@gmail.com,4932118307
7139503,87810,Ronald Foster,Elizabeth25@gmail.com,3121324136
2813832,19812,Andre Mueller,Carolyn60@gmail.com,5386250466
7874262,32443,David Jensen,Debra58@gmail.com,1163832636
5589593,11130,Adam Perez,Ronald56@gmail.com,6620468050
8771060,62726,Gabrielle Hill,Dawn63@gmail.com,9783246436
3309308,39687,Debra May,Elizabeth81@gmail.com,6885605643
2304600,41874,Danielle Mitchell,Briana42@gmail.com,8442263093
3221846,82129,Kendra Stewart,Brian89@gmail.com,9321871256
3940948,18102,Pamela Tran,Meghan82@gmail.com,5042251794
